Mono path[0] = 'I:/Games/Rimworld_1.6.4566a/RimWorldWin64_Data/Managed'
Mono config path = 'I:/Games/Rimworld_1.6.4566a/MonoBleedingEdge/etc'
[PhysX] Initialized MultithreadedTaskDispatcher with 24 workers.
Initialize engine version: 2022.3.35f1 (011206c7a712)
[Subsystems] Discovering subsystems at path I:/Games/Rimworld_1.6.4566a/RimWorldWin64_Data/UnitySubsystems
GfxDevice: creating device client; threaded=1; jobified=0
Direct3D:
    Version:  Direct3D 11.0 [level 11.1]
    Renderer: AMD Radeon RX 7900 XT (ID=0x744c)
    Vendor:   ATI
    VRAM:     20417 MB
    Driver:   31.0.24033.1003
Begin MonoManager ReloadAssembly
- Loaded All Assemblies, in  0.110 seconds
- Finished resetting the current domain, in  0.001 seconds
D3D11 device created for Microsoft Media Foundation video decoding.
<RI> Initializing input.
<RI> Input initialized.
<RI> Initialized touch support.
[PhysX] Initialized MultithreadedTaskDispatcher with 24 workers.
UnloadTime: 0.601800 ms
RimWorld 1.6.4566 rev607
Fallback handler could not load library I:/Games/Rimworld_1.6.4566a/RimWorldWin64_Data/MonoBleedingEdge/data-000001F7CCD85020.dll
Fallback handler could not load library I:/Games/Rimworld_1.6.4566a/RimWorldWin64_Data/MonoBleedingEdge/data-000001F7CCEBF160.dll
[HugsLib] version 12.0.0
[HugsLib] early-initializing AllowTool
[RimHUD v1.17.5] Initialized
[Interaction Bubbles v4.2] Initialized
Fallback handler could not load library I:/Games/Rimworld_1.6.4566a/RimWorldWin64_Data/MonoBleedingEdge/data-000001F7D1201930.dll
DubsMintMenus v1.3.1086
Fallback handler could not load library I:/Games/Rimworld_1.6.4566a/RimWorldWin64_Data/MonoBleedingEdge/data-000001F7D1320950.dll
Fallback handler could not load library I:/Games/Rimworld_1.6.4566a/RimWorldWin64_Data/MonoBleedingEdge/data-000001F7D13EC020.dll
Fallback handler could not load library I:/Games/Rimworld_1.6.4566a/RimWorldWin64_Data/MonoBleedingEdge/data-000001F7D13F7030.dll
Fallback handler could not load library I:/Games/Rimworld_1.6.4566a/RimWorldWin64_Data/MonoBleedingEdge/data-000001F7D1404640.dll
Fallback handler could not load library I:/Games/Rimworld_1.6.4566a/RimWorldWin64_Data/MonoBleedingEdge/data-000001F7D140BE50.dll
GAGARIN STARTUP STARTED
GAGARIN: <color=green>StartUpStarted called!</color>
GAGARIN: <color=green>Cache found</color>
GAGARIN: <color=yello>Cache disabled from</color>
Gagarin.StartupHelper:StartUpStarted():0
System.Reflection.RuntimeMethodInfo:InternalInvoke():0
System.Reflection.RuntimeMethodInfo:Invoke():0
System.Reflection.MethodBase:Invoke():0
RocketMan.FunctionsUtility+<>c__DisplayClass1_0`1[[RocketMan.Main+OnInitialization, Cosmodrome, Version=0.6.3.2421, Culture=neutral, PublicKeyToken=null]]:<GetActions>b__3():0
RocketMan.RocketMod:.ctor():0
System.Reflection.RuntimeConstructorInfo:InternalInvoke():0
System.Reflection.RuntimeConstructorInfo:InternalInvoke():0
System.Reflection.RuntimeConstructorInfo:DoInvoke():0
System.Reflection.RuntimeConstructorInfo:Invoke():0
System.RuntimeType:CreateInstanceImpl():0
System.Activator:CreateInstance():0
System.Activator:CreateInstance():0
Verse.LoadedModManager:CreateModClasses():0
Verse.LoadedModManager:LoadAllActiveMods():0
Verse.PlayDataLoader:DoPlayLoad():0
Verse.PlayDataLoader:LoadAllPlayData():0
Verse.Root+<>c:<Start>b__10_1():0
Verse.LongEventHandler:RunEventFromAnotherThread():0
Verse.LongEventHandler+<>c:<UpdateCurrentAsynchronousEvent>b__28_0():0
System.Threading.ThreadHelper:ThreadStart_Context():0
System.Threading.ExecutionContext:RunInternal():0
System.Threading.ExecutionContext:Run():0
System.Threading.ExecutionContext:Run():0
System.Threading.ThreadHelper:ThreadStart():0
GAGARIN: Mod list changed! Deleting cache
GAGARIN: <color=green>Cache not found or got purged!</color>
b.4566:8/28/2025 12:00:00 AM:1.6.4566 rev607
b.4566:8/28/2025 12:00:00 AM:1.6.4566 rev607
b.4566:8/28/2025 12:00:00 AM:1.6.4566 rev607
b.4566:8/28/2025 12:00:00 AM:1.6.4566 rev607
GAGARIN: <color=white>LoadModXML_Profiler</color> took <color=red>0.862</color> seconds
GAGARIN: CombineIntoUnifiedXML has <color=red>Context.IsUsingCache=False</color>
GAGARIN: <color=white>CombineIntoUnifiedXML_Profiler</color> took <color=red>0.748</color> seconds
GAGARIN: <color=white>TKeySystem.Parse</color> took <color=red>0.002</color> seconds
GAGARIN: <color=white>ApplyPatches_Profiler</color> took <color=red>0.622</color> seconds
GAGARIN: <color=white>XmlInheritance.Resolve</color> took <color=red>0.178</color> seconds
GAGARIN: DirectXmlToObjectNew_DefFromNodeNew_Patch.Postfix:
GAGARIN: DirectXmlToObjectNew_DefFromNodeNew_Patch.Postfix:
GAGARIN: DirectXmlToObjectNew_DefFromNodeNew_Patch.Postfix:
GAGARIN: DirectXmlToObjectNew_DefFromNodeNew_Patch.Postfix:
GAGARIN: DirectXmlToObjectNew_DefFromNodeNew_Patch.Postfix:
GAGARIN: DirectXmlToObjectNew_DefFromNodeNew_Patch.Postfix:
GAGARIN: DirectXmlToObjectNew_DefFromNodeNew_Patch.Postfix:
GAGARIN: DirectXmlToObjectNew_DefFromNodeNew_Patch.Postfix:
GAGARIN: DirectXmlToObjectNew_DefFromNodeNew_Patch.Postfix:
GAGARIN: DirectXmlToObjectNew_DefFromNodeNew_Patch.Postfix:
GAGARIN: DirectXmlToObjectNew_DefFromNodeNew_Patch.Postfix:
GAGARIN: DirectXmlToObjectNew_DefFromNodeNew_Patch.Postfix:
GAGARIN: DirectXmlToObjectNew_DefFromNodeNew_Patch.Postfix:
GAGARIN: DirectXmlToObjectNew_DefFromNodeNew_Patch.Postfix:
GAGARIN: DirectXmlToObjectNew_DefFromNodeNew_Patch.Postfix:
GAGARIN: DirectXmlToObjectNew_DefFromNodeNew_Patch.Postfix:
GAGARIN: DirectXmlToObjectNew_DefFromNodeNew_Patch.Postfix:
GAGARIN: DirectXmlToObjectNew_DefFromNodeNew_Patch.Postfix:
GAGARIN: DirectXmlToObjectNew_DefFromNodeNew_Patch.Postfix:
GAGARIN: DirectXmlToObjectNew_DefFromNodeNew_Patch.Postfix:
GAGARIN: DirectXmlToObjectNew_DefFromNodeNew_Patch.Postfix:
GAGARIN: DirectXmlToObjectNew_DefFromNodeNew_Patch.Postfix:
GAGARIN: DirectXmlToObjectNew_DefFromNodeNew_Patch.Postfix:
GAGARIN: DirectXmlToObjectNew_DefFromNodeNew_Patch.Postfix:
GAGARIN: DirectXmlToObjectNew_DefFromNodeNew_Patch.Postfix:
GAGARIN: DirectXmlToObjectNew_DefFromNodeNew_Patch.Postfix:
GAGARIN: DirectXmlToObjectNew_DefFromNodeNew_Patch.Postfix:
GAGARIN: DirectXmlToObjectNew_DefFromNodeNew_Patch.Postfix:
GAGARIN: DirectXmlToObjectNew_DefFromNodeNew_Patch.Postfix:
GAGARIN: DirectXmlToObjectNew_DefFromNodeNew_Patch.Postfix:
GAGARIN: DirectXmlToObjectNew_DefFromNodeNew_Patch.Postfix:
GAGARIN: DirectXmlToObjectNew_DefFromNodeNew_Patch.Postfix:
GAGARIN: DirectXmlToObjectNew_DefFromNodeNew_Patch.Postfix:
GAGARIN: DirectXmlToObjectNew_DefFromNodeNew_Patch.Postfix:
GAGARIN: DirectXmlToObjectNew_DefFromNodeNew_Patch.Postfix:
GAGARIN: DirectXmlToObjectNew_DefFromNodeNew_Patch.Postfix:
GAGARIN: DirectXmlToObjectNew_DefFromNodeNew_Patch.Postfix:
GAGARIN: DirectXmlToObjectNew_DefFromNodeNew_Patch.Postfix:
GAGARIN: DirectXmlToObjectNew_DefFromNodeNew_Patch.Postfix:
GAGARIN: DirectXmlToObjectNew_DefFromNodeNew_Patch.Postfix:
GAGARIN: DirectXmlToObjectNew_DefFromNodeNew_Patch.Postfix:
GAGARIN: DirectXmlToObjectNew_DefFromNodeNew_Patch.Postfix:
GAGARIN: DirectXmlToObjectNew_DefFromNodeNew_Patch.Postfix:
GAGARIN: DirectXmlToObjectNew_DefFromNodeNew_Patch.Postfix:
GAGARIN: DirectXmlToObjectNew_DefFromNodeNew_Patch.Postfix:
GAGARIN: DirectXmlToObjectNew_DefFromNodeNew_Patch.Postfix:
GAGARIN: DirectXmlToObjectNew_DefFromNodeNew_Patch.Postfix:
GAGARIN: DirectXmlToObjectNew_DefFromNodeNew_Patch.Postfix:
GAGARIN: DirectXmlToObjectNew_DefFromNodeNew_Patch.Postfix:
GAGARIN: DirectXmlToObjectNew_DefFromNodeNew_Patch.Postfix:
GAGARIN: DirectXmlToObjectNew_DefFromNodeNew_Patch.Postfix:
GAGARIN: DirectXmlToObjectNew_DefFromNodeNew_Patch.Postfix:
GAGARIN: DirectXmlToObjectNew_DefFromNodeNew_Patch.Postfix:
GAGARIN: DirectXmlToObjectNew_DefFromNodeNew_Patch.Postfix:
GAGARIN: DirectXmlToObjectNew_DefFromNodeNew_Patch.Postfix:
GAGARIN: DirectXmlToObjectNew_DefFromNodeNew_Patch.Postfix:
GAGARIN: DirectXmlToObjectNew_DefFromNodeNew_Patch.Postfix:
GAGARIN: DirectXmlToObjectNew_DefFromNodeNew_Patch.Postfix:
GAGARIN: DirectXmlToObjectNew_DefFromNodeNew_Patch.Postfix:
GAGARIN: DirectXmlToObjectNew_DefFromNodeNew_Patch.Postfix:
GAGARIN: DirectXmlToObjectNew_DefFromNodeNew_Patch.Postfix:
GAGARIN: DirectXmlToObjectNew_DefFromNodeNew_Patch.Postfix:
GAGARIN: DirectXmlToObjectNew_DefFromNodeNew_Patch.Postfix:
GAGARIN: DirectXmlToObjectNew_DefFromNodeNew_Patch.Postfix:
GAGARIN: DirectXmlToObjectNew_DefFromNodeNew_Patch.Postfix:
GAGARIN: DirectXmlToObjectNew_DefFromNodeNew_Patch.Postfix:
GAGARIN: DirectXmlToObjectNew_DefFromNodeNew_Patch.Postfix:
GAGARIN: DirectXmlToObjectNew_DefFromNodeNew_Patch.Postfix:
GAGARIN: DirectXmlToObjectNew_DefFromNodeNew_Patch.Postfix:
GAGARIN: DirectXmlToObjectNew_DefFromNodeNew_Patch.Postfix:
GAGARIN: DirectXmlToObjectNew_DefFromNodeNew_Patch.Postfix:
GAGARIN: DirectXmlToObjectNew_DefFromNodeNew_Patch.Postfix:
GAGARIN: DirectXmlToObjectNew_DefFromNodeNew_Patch.Postfix:
GAGARIN: DirectXmlToObjectNew_DefFromNodeNew_Patch.Postfix:
GAGARIN: DirectXmlToObjectNew_DefFromNodeNew_Patch.Postfix:
GAGARIN: DirectXmlToObjectNew_DefFromNodeNew_Patch.Postfix:
GAGARIN: DirectXmlToObjectNew_DefFromNodeNew_Patch.Postfix:
GAGARIN: DirectXmlToObjectNew_DefFromNodeNew_Patch.Postfix:
GAGARIN: DirectXmlToObjectNew_DefFromNodeNew_Patch.Postfix:
GAGARIN: DirectXmlToObjectNew_DefFromNodeNew_Patch.Postfix:
GAGARIN: DirectXmlToObjectNew_DefFromNodeNew_Patch.Postfix:
GAGARIN: DirectXmlToObjectNew_DefFromNodeNew_Patch.Postfix:
GAGARIN: DirectXmlToObjectNew_DefFromNodeNew_Patch.Postfix:
GAGARIN: DirectXmlToObjectNew_DefFromNodeNew_Patch.Postfix:
GAGARIN: DirectXmlToObjectNew_DefFromNodeNew_Patch.Postfix:
GAGARIN: DirectXmlToObjectNew_DefFromNodeNew_Patch.Postfix:
GAGARIN: DirectXmlToObjectNew_DefFromNodeNew_Patch.Postfix:
GAGARIN: DirectXmlToObjectNew_DefFromNodeNew_Patch.Postfix:
GAGARIN: DirectXmlToObjectNew_DefFromNodeNew_Patch.Postfix:
GAGARIN: DirectXmlToObjectNew_DefFromNodeNew_Patch.Postfix:
GAGARIN: DirectXmlToObjectNew_DefFromNodeNew_Patch.Postfix:
GAGARIN: DirectXmlToObjectNew_DefFromNodeNew_Patch.Postfix:
GAGARIN: DirectXmlToObjectNew_DefFromNodeNew_Patch.Postfix:
GAGARIN: DirectXmlToObjectNew_DefFromNodeNew_Patch.Postfix:
GAGARIN: DirectXmlToObjectNew_DefFromNodeNew_Patch.Postfix:
GAGARIN: DirectXmlToObjectNew_DefFromNodeNew_Patch.Postfix:
GAGARIN: DirectXmlToObjectNew_DefFromNodeNew_Patch.Postfix:
GAGARIN: DirectXmlToObjectNew_DefFromNodeNew_Patch.Postfix:
GAGARIN: DirectXmlToObjectNew_DefFromNodeNew_Patch.Postfix:
b.4566:8/28/2025 12:00:00 AM:1.6.4566 rev607
GAGARIN: <color=white>Cache created!</color> creating cache took <color=green>0 seconds</color>
GAGARIN: <color=white>ParseAndProcessXML_Profiler</color> took <color=red>6.062</color> seconds
GAGARIN: <color=white>ClearCachedPatches_Profiler</color> took <color=red>0</color> seconds
GAGARIN: <color=white>XmlInheritance.Resolve</color> took <color=red>0.178</color> seconds
GAGARIN: DirectXmlLoader_DefFromNode_Patch.Postfix: ColonyGroups_1_3_07 in I:\Games\Rimworld_1.6.4566a\Mods\LTOColonyGroups\News\UpdateFeatures.xml. IsUsingCache is False, and Def: ColonyGroups_1_3_07
GAGARIN: DirectXmlLoader_DefFromNode_Patch.Postfix: ColonyGroups_1_3_08 in I:\Games\Rimworld_1.6.4566a\Mods\LTOColonyGroups\News\UpdateFeatures.xml. IsUsingCache is False, and Def: ColonyGroups_1_3_08
[HugsLib][ERR] Failed to parse UpdateFeatureDef from mod Mlie.ShowMeYourHands:
Object reference not set to an instance of an object
Context: <HugsLib.UpdateFeatureDef Abstract="true" Name="ShowMeYourHands_UpdateFeatureBase"><modNameReadable>ShowMeYourHands</modNameReadable><linkUrl>https://steamcommunity.com/sharedfiles/filedetails/?id=2475965842</linkUrl></HugsLib.UpdateFeatureDef>
File: I:\Games\Rimworld_1.6.4566a\Mods\ShowMeYourHands\News\UpdateFeatures.xml
Exception: System.NullReferenceException: Object reference not set to an instance of an object
[Ref FFF8D987]
  at Gagarin.DirectXmlLoader_Patch+DirectXmlLoader_DefFromNode_Patch.Postfix (System.Xml.XmlNode node, Verse.LoadableXmlAsset loadingAsset, Verse.Def __result) [0x00030] in <a663837358ac4b1eb0c2fc77449d7c09>:0 
  at Verse.DirectXmlLoader.DefFromNode (System.Xml.XmlNode node, Verse.LoadableXmlAsset loadingAsset) [0x00180] in <24d25868955f4df08b02c73b55f389fe>:0 
    - POSTFIX Krkr.RocketMan.Gagarin: Void Gagarin.DirectXmlLoader_Patch+DirectXmlLoader_DefFromNode_Patch:Postfix(XmlNode node, LoadableXmlAsset loadingAsset, Def __result)
  at HugsLib.News.UpdateFeatureDefLoader.ResolveUpdateFeatureDefsFromNodes (System.Collections.Generic.IEnumerable`1[T] nodes) [0x000a2] in <e92fb9c535b84355b807623efc376846>:0 
GAGARIN: DirectXmlLoader_DefFromNode_Patch.Postfix: ShowMeYourHands_1_0_14_0 in I:\Games\Rimworld_1.6.4566a\Mods\ShowMeYourHands\News\UpdateFeatures.xml. IsUsingCache is False, and Def: ShowMeYourHands_1_0_14_0
GAGARIN: DirectXmlLoader_DefFromNode_Patch.Postfix: ShowMeYourHands_1_0_15_0 in I:\Games\Rimworld_1.6.4566a\Mods\ShowMeYourHands\News\UpdateFeatures.xml. IsUsingCache is False, and Def: ShowMeYourHands_1_0_15_0
GAGARIN: DirectXmlLoader_DefFromNode_Patch.Postfix: ShowMeYourHands_1_0_33_0 in I:\Games\Rimworld_1.6.4566a\Mods\ShowMeYourHands\News\UpdateFeatures.xml. IsUsingCache is False, and Def: ShowMeYourHands_1_0_33_0
GAGARIN: DirectXmlLoader_DefFromNode_Patch.Postfix: ShowMeYourHands_1_0_37_0 in I:\Games\Rimworld_1.6.4566a\Mods\ShowMeYourHands\News\UpdateFeatures.xml. IsUsingCache is False, and Def: ShowMeYourHands_1_0_37_0
GAGARIN: DirectXmlLoader_DefFromNode_Patch.Postfix: ShowMeYourHands_1_0_39_0 in I:\Games\Rimworld_1.6.4566a\Mods\ShowMeYourHands\News\UpdateFeatures.xml. IsUsingCache is False, and Def: ShowMeYourHands_1_0_39_0
GAGARIN: DirectXmlLoader_DefFromNode_Patch.Postfix: ShowMeYourHands_1_0_40_0 in I:\Games\Rimworld_1.6.4566a\Mods\ShowMeYourHands\News\UpdateFeatures.xml. IsUsingCache is False, and Def: ShowMeYourHands_1_0_40_0
[HugsLib][ERR] Failed to parse UpdateFeatureDef from mod MemeGoddess.SearchAndDestroy:
Object reference not set to an instance of an object
Context: <HugsLib.UpdateFeatureDef Abstract="true" Name="SearchAndDestroy_UpdateFeatureBase"><modNameReadable>Search and Destroy</modNameReadable><modIdentifier>SearchAndDestroy</modIdentifier><linkUrl>https://ludeon.com/forums/index.php?topic=43068.0</linkUrl></HugsLib.UpdateFeatureDef>
File: I:\Games\Rimworld_1.6.4566a\Mods\SearchAndDestroy\News\UpdateFeatures.xml
Exception: System.NullReferenceException: Object reference not set to an instance of an object
[Ref FFF8D987] Duplicate stacktrace, see ref for original
GAGARIN: DirectXmlLoader_DefFromNode_Patch.Postfix: SearchAndDestroy_1.1.0 in I:\Games\Rimworld_1.6.4566a\Mods\SearchAndDestroy\News\UpdateFeatures.xml. IsUsingCache is False, and Def: SearchAndDestroy_1.1.0
GAGARIN: DirectXmlLoader_DefFromNode_Patch.Postfix: SearchAndDestroy_1.2.0 in I:\Games\Rimworld_1.6.4566a\Mods\SearchAndDestroy\News\UpdateFeatures.xml. IsUsingCache is False, and Def: SearchAndDestroy_1.2.0
GAGARIN: DirectXmlLoader_DefFromNode_Patch.Postfix: SearchAndDestroy_1.3.0 in I:\Games\Rimworld_1.6.4566a\Mods\SearchAndDestroy\News\UpdateFeatures.xml. IsUsingCache is False, and Def: SearchAndDestroy_1.3.0
GAGARIN: DirectXmlLoader_DefFromNode_Patch.Postfix: SearchAndDestroy_1.4.0 in I:\Games\Rimworld_1.6.4566a\Mods\SearchAndDestroy\News\UpdateFeatures.xml. IsUsingCache is False, and Def: SearchAndDestroy_1.4.0
[HugsLib][ERR] Failed to parse UpdateFeatureDef from mod Memegoddess.ReplaceStuff:
Object reference not set to an instance of an object
Context: <HugsLib.UpdateFeatureDef Abstract="true" Name="UpdateFeatureBase"><modNameReadable>Replace Stuff</modNameReadable><modIdentifier>Uuugggg.ReplaceStuff</modIdentifier><linkUrl>https://steamcommunity.com/sharedfiles/filedetails/?id=1372003680</linkUrl></HugsLib.UpdateFeatureDef>
File: I:\Games\Rimworld_1.6.4566a\Mods\ReplaceStuff\1.3\News\UpdateFeatures.xml
Exception: System.NullReferenceException: Object reference not set to an instance of an object
[Ref FFF8D987] Duplicate stacktrace, see ref for original
GAGARIN: DirectXmlLoader_DefFromNode_Patch.Postfix: Uuugggg_ReplaceStuff_1_1_0 in I:\Games\Rimworld_1.6.4566a\Mods\ReplaceStuff\1.3\News\UpdateFeatures.xml. IsUsingCache is False, and Def: Uuugggg_ReplaceStuff_1_1_0
[HugsLib][ERR] Failed to parse UpdateFeatureDef from mod Mlie.MarkThatPawn:
Object reference not set to an instance of an object
Context: <HugsLib.UpdateFeatureDef Abstract="true" Name="MarkThatPawn_UpdateFeatureBase"><modNameReadable>MarkThatPawn</modNameReadable><linkUrl>https://steamcommunity.com/sharedfiles/filedetails/?id=3056996662</linkUrl></HugsLib.UpdateFeatureDef>
File: I:\Games\Rimworld_1.6.4566a\Mods\Mark That Pawn\News\UpdateFeatures.xml
Exception: System.NullReferenceException: Object reference not set to an instance of an object
[Ref FFF8D987] Duplicate stacktrace, see ref for original
GAGARIN: DirectXmlLoader_DefFromNode_Patch.Postfix: MarkThatPawn_1_4_1 in I:\Games\Rimworld_1.6.4566a\Mods\Mark That Pawn\News\UpdateFeatures.xml. IsUsingCache is False, and Def: MarkThatPawn_1_4_1
GAGARIN: DirectXmlLoader_DefFromNode_Patch.Postfix: MarkThatPawn_1_4_6 in I:\Games\Rimworld_1.6.4566a\Mods\Mark That Pawn\News\UpdateFeatures.xml. IsUsingCache is False, and Def: MarkThatPawn_1_4_6
GAGARIN: DirectXmlLoader_DefFromNode_Patch.Postfix: MarkThatPawn_1_4_23 in I:\Games\Rimworld_1.6.4566a\Mods\Mark That Pawn\News\UpdateFeatures.xml. IsUsingCache is False, and Def: MarkThatPawn_1_4_23
[HugsLib][ERR] Failed to parse UpdateFeatureDef from mod UnlimitedHugs.AllowTool:
Object reference not set to an instance of an object
Context: <HugsLib.UpdateFeatureDef Abstract="true" Name="ATUpdateFeatureBase"><defName>AllowToolUpdateFeature</defName><modNameReadable>Allow Tool</modNameReadable><modIdentifier>AllowTool</modIdentifier><linkUrl>https://ludeon.com/forums/index.php?topic=17218</linkUrl></HugsLib.UpdateFeatureDef>
File: I:\Games\Rimworld_1.6.4566a\Mods\AllowTool\News\AllowToolUpdateFeatures.xml
Exception: System.NullReferenceException: Object reference not set to an instance of an object
[Ref FFF8D987] Duplicate stacktrace, see ref for original
GAGARIN: DirectXmlLoader_DefFromNode_Patch.Postfix: AllowTool_2_3_0 in I:\Games\Rimworld_1.6.4566a\Mods\AllowTool\News\AllowToolUpdateFeatures.xml. IsUsingCache is False, and Def: AllowTool_2_3_0
GAGARIN: DirectXmlLoader_DefFromNode_Patch.Postfix: AllowTool_2_4_0 in I:\Games\Rimworld_1.6.4566a\Mods\AllowTool\News\AllowToolUpdateFeatures.xml. IsUsingCache is False, and Def: AllowTool_2_4_0
GAGARIN: DirectXmlLoader_DefFromNode_Patch.Postfix: AllowTool_3_0_0 in I:\Games\Rimworld_1.6.4566a\Mods\AllowTool\News\AllowToolUpdateFeatures.xml. IsUsingCache is False, and Def: AllowTool_3_0_0
GAGARIN: DirectXmlLoader_DefFromNode_Patch.Postfix: AllowTool_3_2_0 in I:\Games\Rimworld_1.6.4566a\Mods\AllowTool\News\AllowToolUpdateFeatures.xml. IsUsingCache is False, and Def: AllowTool_3_2_0
GAGARIN: DirectXmlLoader_DefFromNode_Patch.Postfix: AllowTool_3_4_0 in I:\Games\Rimworld_1.6.4566a\Mods\AllowTool\News\AllowToolUpdateFeatures.xml. IsUsingCache is False, and Def: AllowTool_3_4_0
GAGARIN: DirectXmlLoader_DefFromNode_Patch.Postfix: AllowTool_3_5_0 in I:\Games\Rimworld_1.6.4566a\Mods\AllowTool\News\AllowToolUpdateFeatures.xml. IsUsingCache is False, and Def: AllowTool_3_5_0
GAGARIN: DirectXmlLoader_DefFromNode_Patch.Postfix: AllowTool_3_6_0 in I:\Games\Rimworld_1.6.4566a\Mods\AllowTool\News\AllowToolUpdateFeatures.xml. IsUsingCache is False, and Def: AllowTool_3_6_0
GAGARIN: DirectXmlLoader_DefFromNode_Patch.Postfix: AllowTool_3_7_0 in I:\Games\Rimworld_1.6.4566a\Mods\AllowTool\News\AllowToolUpdateFeatures.xml. IsUsingCache is False, and Def: AllowTool_3_7_0
GAGARIN: DirectXmlLoader_DefFromNode_Patch.Postfix: AllowTool_3_10_0 in I:\Games\Rimworld_1.6.4566a\Mods\AllowTool\News\AllowToolUpdateFeatures.xml. IsUsingCache is False, and Def: AllowTool_3_10_0
Translation data for language Russian / Русский has 91 errors. Generate translation report for more info.
[TradeHelper] Loaded.
QualityBuilder: JobDefOf.Deconstruct driverClass = JobDriver_Deconstruct
[MarkThatPawn]: Found 20 icons for GDI
[MarkThatPawn]: Found 8 icons for Ideology
[MarkThatPawn]: Found 19 icons for Jobs
[MarkThatPawn]: Found 8 icons for Militar
[MarkThatPawn]: Found 20 icons for Nod
[MarkThatPawn]: Found 8 icons for Numbers
[MarkThatPawn]: Found 17 icons for Skills
[MarkThatPawn]: Found 16 icons for Symbols
[MarkThatPawn]: Found 13 icons for Weapons
[MarkThatPawn]: Found 8 icons for WOW Style
[MarkThatPawn]: Found 18 icons for XCOM
[MarkThatPawn]: Found 13 icons for XCOM 2
[MarkThatPawn]: Found 9 icons for XCOM Medieval
[MarkThatPawn]: Found 135 loaded weapons, 9 explosive weapons and 16 thrown projectiles
[MarkThatPawn]: Found 112 loaded apparel, 32 armored apparel, 11 royal apparel, 11 psycast apparel, 5 enviromental protection apparel, 6 mechanator apparel and 62 basic apparel 
[MarkThatPawn]: Found 0 automatic rules defined
[ImTryingToSaveYou] Patched JobDriver_ForceTargetWear.Notify_MemberStripped
[ImTryingToSaveYou] Patched JobDriver_ForceTargetWear.TryUnequipSomething
Fallback handler could not load library I:/Games/Rimworld_1.6.4566a/RimWorldWin64_Data/MonoBleedingEdge/data-000001F81EC7A010.dll
[CreepJoinersRomancePatch]: Pawn_RelationsTracker.CompatibilityWith Patched
[CreepJoinersRomancePatch]: Pawn_RelationsTracker.SecondaryLovinChanceFactor Patched
GAGARIN: <color=green>StartUpFinished called!</color>
Unloading 5 Unused Serialized files (Serialized files now loaded: 7)
MVCF successfully applied 0 patches
[Uuugggg.rimworld.Replace_Stuff.main] Patches on methods annotated as Obsolete were detected by HugsLib: Verse.AI.TouchPathEndModeUtility.IsCornerTouchAllowed
OnLevelWasLoaded was found on ModInitializerComponent
This message has been deprecated and will be removed in a later version of Unity.
Add a delegate to SceneManager.sceneLoaded instead to get notifications after scene loading has completed
Unloading 99 unused Assets to reduce memory usage. Loaded Objects now: 30015.
Total: 233.887100 ms (FindLiveObjects: 1.552200 ms CreateObjectMapping: 0.898100 ms MarkObjects: 230.973900 ms  DeleteObjects: 0.462700 ms)

CameraPlus: Found mod at I:\Games\Rimworld_1.6.4566a\Mods\CameraPlus
[RimHUD v1.17.5] User preset 'PRESET' loaded
[ShowMeYourHands]: Defined hand definitions of 110 weapons
Unloading 3 Unused Serialized files (Serialized files now loaded: 8)
[PhysX] Initialized MultithreadedTaskDispatcher with 24 workers.
UnloadTime: 1.303600 ms
QualityBuilder added property to '128' things
Unloading 2 unused Assets to reduce memory usage. Loaded Objects now: 30241.
Total: 212.593400 ms (FindLiveObjects: 1.435100 ms CreateObjectMapping: 0.790700 ms MarkObjects: 210.299600 ms  DeleteObjects: 0.067800 ms)

Loading game from file COMMIT_SAVE with mods:
  - brrainz.harmony
  - Ludeon.RimWorld
  - Ludeon.RimWorld.Royalty
  - Ludeon.RimWorld.Ideology
  - Ludeon.RimWorld.Biotech
  - Ludeon.RimWorld.Anomaly
  - Ludeon.RimWorld.Odyssey
  - DerekBickley.LTOColonyGroupsFinal
  - LZWS.DerekBickley.LTOColonyGroupsFinal
  - UnlimitedHugs.HugsLib
  - com.yayo.yayoAni.continued
  - Sl4vP0weR.WeAreUnited
  - TimmyLiang.TradeHelper
  - Mlie.ShowMeYourHands
  - BP.ShowBuildableMaterialCount
  - OskarPotocki.VanillaFactionsExpanded.Core
  - MemeGoddess.SearchAndDestroy
  - Jaxe.RimHUD
  - kamikadza13.RimHUD
  - Memegoddess.ReplaceStuff
  - longwater.smartstockpilecreation
  - hatti.qualitybuilder
  - telardo.NumbersTraitAddOn
  - DawnsGlow.Numbers
  - Andromeda.NiceHealthTab
  - Andromeda.NiceHands
  - Mlie.MarkThatPawn
  - Supes.MapWideOrbitalTradeBeacon
  - Jaxe.Bubbles
  - S4.ImTryingToSaveYou
  - Orion.Hospitality
  - Inglix.FasterBiosculptingPod
  - Mlie.DurableClothes
  - dubwise.dubsmintminimap
  - Ganja.DropInventory
  - telardo.DragSelect
  - avilmask.CommonSense
  - brrainz.cameraplus
  - Inglix.ApparelTaintedOnCorpseRot
  - UnlimitedHugs.AllowTool
  - brrainz.achtung
  - FrozenSnowFox.FilthVanishesWithRainAndTime
  - SClarke.GroundTargeter1.6temp
  - Dubwise.DubsMintMenus
  - KipsMods.AdjustableAbilityCooldowns
  - erdelf.MinifyEverything
  - microus.creepjoinersromance
  - Shipdontnuketile.Sentinel
  - Syrus.CustomizeAnimals
  - Mlie.PrisonCommons
  - Taranchuk.PerformanceOptimizer
  - dmitry6.RusPerformanceOptimizer
  - VanillaExpanded.VWE
  - Krkr.RocketMan
  - Mlie.SinglePlantTexturePatch
  - avilmask.PsychicHarmonizerLagFix (incompatible version)
Starting patches: 447 - 2/11/2026 7:12:57 AM
Exception registering RimWorld.Precept_GravshipLaunch RimWorld.Precept_GravshipLaunch in loaded object directory with unique load ID Precept_1024: System.ArgumentException: An item with the same key has already been added. Key: Precept_1024
[Ref CC152DD4]
 [0x00006] in <51fded79cd284d4d911c5949aff4cb21>:0 
  at System.Collections.Generic.Dictionary`2[TKey,TValue].TryInsert (TKey key, TValue value, System.Collections.Generic.InsertionBehavior behavior) [0x0015a] in <51fded79cd284d4d911c5949aff4cb21>:0 
  at System.Collections.Generic.Dictionary`2[TKey,TValue].Add (TKey key, TValue value) [0x00000] in <51fded79cd284d4d911c5949aff4cb21>:0 
  at Verse.LoadedObjectDirectory.RegisterLoaded (Verse.ILoadReferenceable reffable) [0x000da] in <24d25868955f4df08b02c73b55f389fe>:0 
Exception registering TacticalGroups.PawnGroup  - 0 in loaded object directory with unique load ID TacticalGroups.PawnGroup6: System.ArgumentException: An item with the same key has already been added. Key: TacticalGroups.PawnGroup6
[Ref CC152DD4] Duplicate stacktrace, see ref for original
Could not do PostLoadInit on RimWorld.Pawn_WorkSettings: System.ArgumentOutOfRangeException: Index was out of range. Must be non-negative and less than the size of the collection.
Parameter name: index
[Ref 83F8838F]
 [0x0000c] in <51fded79cd284d4d911c5949aff4cb21>:0 
  at System.Collections.Generic.List`1[T].set_Item (System.Int32 index, T value) [0x00009] in <51fded79cd284d4d911c5949aff4cb21>:0 
  at Verse.DefMap`2[D,V].set_Item (D def, V value) [0x00000] in <24d25868955f4df08b02c73b55f389fe>:0 
  at RimWorld.Pawn_WorkSettings.SetPriority (Verse.WorkTypeDef w, System.Int32 priority) [0x00069] in <24d25868955f4df08b02c73b55f389fe>:0 
  at RimWorld.Pawn_WorkSettings.Disable (Verse.WorkTypeDef w) [0x00006] in <24d25868955f4df08b02c73b55f389fe>:0 
  at RimWorld.Pawn_WorkSettings.Notify_DisabledWorkTypesChanged () [0x00022] in <24d25868955f4df08b02c73b55f389fe>:0 
  at Verse.Pawn.Notify_DisabledWorkTypesChanged () [0x0001f] in <24d25868955f4df08b02c73b55f389fe>:0 
  at RimWorld.Pawn_WorkSettings.ExposeData () [0x00025] in <24d25868955f4df08b02c73b55f389fe>:0 
  at Verse.PostLoadIniter.DoAllPostLoadInits () [0x00032] in <24d25868955f4df08b02c73b55f389fe>:0 
Could not do PostLoadInit on RimWorld.Pawn_WorkSettings: System.ArgumentOutOfRangeException: Index was out of range. Must be non-negative and less than the size of the collection.
Parameter name: index
[Ref 83F8838F] Duplicate stacktrace, see ref for original
Could not do PostLoadInit on RimWorld.Pawn_WorkSettings: System.ArgumentOutOfRangeException: Index was out of range. Must be non-negative and less than the size of the collection.
Parameter name: index
[Ref 83F8838F] Duplicate stacktrace, see ref for original
Could not do PostLoadInit on RimWorld.Pawn_WorkSettings: System.ArgumentOutOfRangeException: Index was out of range. Must be non-negative and less than the size of the collection.
Parameter name: index
[Ref 83F8838F] Duplicate stacktrace, see ref for original
Could not do PostLoadInit on RimWorld.Pawn_WorkSettings: System.ArgumentOutOfRangeException: Index was out of range. Must be non-negative and less than the size of the collection.
Parameter name: index
[Ref 83F8838F] Duplicate stacktrace, see ref for original
Could not do PostLoadInit on RimWorld.Pawn_WorkSettings: System.ArgumentOutOfRangeException: Index was out of range. Must be non-negative and less than the size of the collection.
Parameter name: index
[Ref 83F8838F] Duplicate stacktrace, see ref for original
Could not do PostLoadInit on RimWorld.Pawn_WorkSettings: System.ArgumentOutOfRangeException: Index was out of range. Must be non-negative and less than the size of the collection.
Parameter name: index
[Ref 83F8838F] Duplicate stacktrace, see ref for original
Could not do PostLoadInit on RimWorld.Pawn_WorkSettings: System.ArgumentOutOfRangeException: Index was out of range. Must be non-negative and less than the size of the collection.
Parameter name: index
[Ref 83F8838F] Duplicate stacktrace, see ref for original
Could not do PostLoadInit on RimWorld.Pawn_WorkSettings: System.ArgumentOutOfRangeException: Index was out of range. Must be non-negative and less than the size of the collection.
Parameter name: index
[Ref 83F8838F] Duplicate stacktrace, see ref for original
Could not do PostLoadInit on RimWorld.Pawn_WorkSettings: System.ArgumentOutOfRangeException: Index was out of range. Must be non-negative and less than the size of the collection.
Parameter name: index
[Ref 83F8838F] Duplicate stacktrace, see ref for original
Could not do PostLoadInit on RimWorld.Pawn_WorkSettings: System.ArgumentOutOfRangeException: Index was out of range. Must be non-negative and less than the size of the collection.
Parameter name: index
[Ref 83F8838F] Duplicate stacktrace, see ref for original
Could not do PostLoadInit on RimWorld.Pawn_WorkSettings: System.ArgumentOutOfRangeException: Index was out of range. Must be non-negative and less than the size of the collection.
Parameter name: index
[Ref 83F8838F] Duplicate stacktrace, see ref for original
Could not do PostLoadInit on RimWorld.Pawn_WorkSettings: System.ArgumentOutOfRangeException: Index was out of range. Must be non-negative and less than the size of the collection.
Parameter name: index
[Ref 83F8838F] Duplicate stacktrace, see ref for original
Finished transpiling 446 methods - 2/11/2026 7:13:01 AM
CustomizeAnimals: 'EggSpew' uses 'EggSpew' but ability does not require training to be usable
CustomizeAnimals: 'SludgeSpew' uses 'SludgeSpew' but ability does not require training to be usable
CustomizeAnimals: 'VEF_ControlledBlinking' uses 'VEF_ControlledBlinking' but ability does not require training to be usable
CustomizeAnimals: 'VEF_ControlledDetonation' uses 'VEF_ControlledDetonation' but ability does not require training to be usable
CustomizeAnimals: 'VEF_ControlledInvisibility' uses 'VEF_ControlledInvisibility' but ability does not require training to be usable
[Yayo's Animation] GC : animation data count [0 -> 0]
QualityBuilder added to приказы category.
Unloading 1 Unused Serialized files (Serialized files now loaded: 8)
Unloading 12 unused Assets to reduce memory usage. Loaded Objects now: 40012.
Total: 377.980400 ms (FindLiveObjects: 1.835100 ms CreateObjectMapping: 1.152400 ms MarkObjects: 374.886400 ms  DeleteObjects: 0.106200 ms)

CustomizeAnimals: INFO: pack animal texture not found: Things/Pawn/Animal/AlphaThrumbo/AlphaThrumboPack - using dummy: CA_pack_dummy - success: True
CustomizeAnimals: INFO: pack animal texture not found: Things/Pawn/Animal/AlphaThrumbo/AlphaThrumboPack - using dummy: CA_pack_dummy - success: True
CustomizeAnimals: INFO: pack animal texture not found: Things/Pawn/Animal/AlphaThrumbo/AlphaThrumboPack - using dummy: CA_pack_dummy - success: True
WarpedObelisk_Mutator: Graphic_ActivityMask requires CompActivity.
[Yayo's Animation] GC : animation data count [382 -> 362]
Event.Use() should not be called for events of type Layout
Event.Use() should not be called for events of type Layout
Event.Use() should not be called for events of type Layout
Event.Use() should not be called for events of type Layout
Unloading 2 Unused Serialized files (Serialized files now loaded: 8)
Unloading 53 unused Assets to reduce memory usage. Loaded Objects now: 39689.
Total: 445.876200 ms (FindLiveObjects: 2.741800 ms CreateObjectMapping: 1.585200 ms MarkObjects: 441.383100 ms  DeleteObjects: 0.165700 ms)

Unloading 2 Unused Serialized files (Serialized files now loaded: 8)
[PhysX] Initialized MultithreadedTaskDispatcher with 24 workers.
UnloadTime: 1.457000 ms
Unloading 8 unused Assets to reduce memory usage. Loaded Objects now: 38188.
Total: 319.540100 ms (FindLiveObjects: 1.853000 ms CreateObjectMapping: 1.138000 ms MarkObjects: 316.440100 ms  DeleteObjects: 0.108700 ms)

Loading game from file Адептус Механикус6666 with mods:
  - brrainz.harmony
  - Ludeon.RimWorld
  - Ludeon.RimWorld.Royalty
  - Ludeon.RimWorld.Ideology
  - Ludeon.RimWorld.Biotech
  - Ludeon.RimWorld.Anomaly
  - Ludeon.RimWorld.Odyssey
  - DerekBickley.LTOColonyGroupsFinal
  - LZWS.DerekBickley.LTOColonyGroupsFinal
  - UnlimitedHugs.HugsLib
  - com.yayo.yayoAni.continued
  - Sl4vP0weR.WeAreUnited
  - TimmyLiang.TradeHelper
  - Mlie.ShowMeYourHands
  - BP.ShowBuildableMaterialCount
  - OskarPotocki.VanillaFactionsExpanded.Core
  - MemeGoddess.SearchAndDestroy
  - Jaxe.RimHUD
  - kamikadza13.RimHUD
  - Memegoddess.ReplaceStuff
  - longwater.smartstockpilecreation
  - hatti.qualitybuilder
  - telardo.NumbersTraitAddOn
  - DawnsGlow.Numbers
  - Andromeda.NiceHealthTab
  - Andromeda.NiceHands
  - Mlie.MarkThatPawn
  - Supes.MapWideOrbitalTradeBeacon
  - Jaxe.Bubbles
  - S4.ImTryingToSaveYou
  - Orion.Hospitality
  - Inglix.FasterBiosculptingPod
  - Mlie.DurableClothes
  - dubwise.dubsmintminimap
  - Ganja.DropInventory
  - telardo.DragSelect
  - avilmask.CommonSense
  - brrainz.cameraplus
  - Inglix.ApparelTaintedOnCorpseRot
  - UnlimitedHugs.AllowTool
  - brrainz.achtung
  - FrozenSnowFox.FilthVanishesWithRainAndTime
  - SClarke.GroundTargeter1.6temp
  - Dubwise.DubsMintMenus
  - KipsMods.AdjustableAbilityCooldowns
  - erdelf.MinifyEverything
  - microus.creepjoinersromance
  - Shipdontnuketile.Sentinel
  - Syrus.CustomizeAnimals
  - Mlie.PrisonCommons
  - Taranchuk.PerformanceOptimizer
  - dmitry6.RusPerformanceOptimizer
  - VanillaExpanded.VWE
  - Krkr.RocketMan
  - Mlie.SinglePlantTexturePatch
  - avilmask.PsychicHarmonizerLagFix (incompatible version)
QualityBuilder added property to '0' things
Exception registering RimWorld.Precept_GravshipLaunch RimWorld.Precept_GravshipLaunch in loaded object directory with unique load ID Precept_1024: System.ArgumentException: An item with the same key has already been added. Key: Precept_1024
[Ref CC152DD4]
 [0x00006] in <51fded79cd284d4d911c5949aff4cb21>:0 
  at System.Collections.Generic.Dictionary`2[TKey,TValue].TryInsert (TKey key, TValue value, System.Collections.Generic.InsertionBehavior behavior) [0x0015a] in <51fded79cd284d4d911c5949aff4cb21>:0 
  at System.Collections.Generic.Dictionary`2[TKey,TValue].Add (TKey key, TValue value) [0x00000] in <51fded79cd284d4d911c5949aff4cb21>:0 
  at Verse.LoadedObjectDirectory.RegisterLoaded (Verse.ILoadReferenceable reffable) [0x000da] in <24d25868955f4df08b02c73b55f389fe>:0 
Exception registering TacticalGroups.PawnGroup  - 0 in loaded object directory with unique load ID TacticalGroups.PawnGroup6: System.ArgumentException: An item with the same key has already been added. Key: TacticalGroups.PawnGroup6
[Ref CC152DD4] Duplicate stacktrace, see ref for original
CustomizeAnimals: 'EggSpew' uses 'EggSpew' but ability does not require training to be usable
CustomizeAnimals: 'SludgeSpew' uses 'SludgeSpew' but ability does not require training to be usable
CustomizeAnimals: 'VEF_ControlledBlinking' uses 'VEF_ControlledBlinking' but ability does not require training to be usable
CustomizeAnimals: 'VEF_ControlledDetonation' uses 'VEF_ControlledDetonation' but ability does not require training to be usable
CustomizeAnimals: 'VEF_ControlledInvisibility' uses 'VEF_ControlledInvisibility' but ability does not require training to be usable
[Yayo's Animation] GC : animation data count [381 -> 0]
Unloading 0 Unused Serialized files (Serialized files now loaded: 8)
Unloading 11 unused Assets to reduce memory usage. Loaded Objects now: 46947.
Total: 433.578900 ms (FindLiveObjects: 2.821900 ms CreateObjectMapping: 2.502000 ms MarkObjects: 428.140900 ms  DeleteObjects: 0.113700 ms)

Бартас started 10 jobs in one tick. newJob=Train (Job_67167040) A = Thing_Megasloth8288117 jobGiver=RimWorld.JobGiver_Work jobList=
SearchAndDestroy_Gizmo_Melee toggle
SearchAndDestroy_Gizmo_Melee toggle
SearchAndDestroy_Gizmo_Melee toggle
SearchAndDestroy_Gizmo_Melee toggle
SearchAndDestroy_Gizmo_Melee toggle
SearchAndDestroy_Gizmo_Melee toggle
SearchAndDestroy_Gizmo_Melee toggle
SearchAndDestroy_Gizmo_Melee toggle
SearchAndDestroy_Gizmo_Melee toggle
Event.Use() should not be called for events of type Layout
[Yayo's Animation] GC : animation data count [398 -> 348]
Бартас started 10 jobs in one tick. newJob=Train (Job_67268569) A = Thing_Megasloth8383550 jobGiver=RimWorld.JobGiver_Work jobList=
Event.Use() should not be called for events of type Layout
Qiuxiaoye started 10 jobs in one tick. newJob=Train (Job_67274331) A = Thing_Megasloth7629519 jobGiver=RimWorld.JobGiver_Work jobList=
Dougherty started 10 jobs in one tick. newJob=Train (Job_67283644) A = Thing_AlphaThrumbo5673852 jobGiver=RimWorld.JobGiver_Work jobList=
Event.Use() should not be called for events of type Layout
Banks started 10 jobs in one tick. newJob=Train (Job_67290284) A = Thing_AlphaThrumbo5673852 jobGiver=RimWorld.JobGiver_Work jobList=
SearchAndDestroy_Gizmo_Melee toggle
SearchAndDestroy_Gizmo_Melee toggle
SearchAndDestroy_Gizmo_Melee toggle
SearchAndDestroy_Gizmo_Melee toggle
SearchAndDestroy_Gizmo_Melee toggle
SearchAndDestroy_Gizmo_Melee toggle
SearchAndDestroy_Gizmo_Melee toggle
SearchAndDestroy_Gizmo_Melee toggle
SearchAndDestroy_Gizmo_Melee toggle
SearchAndDestroy_Gizmo_Melee toggle
SearchAndDestroy_Gizmo_Melee toggle
Unloading 2 Unused Serialized files (Serialized files now loaded: 8)
Unloading 79 unused Assets to reduce memory usage. Loaded Objects now: 56018.
Total: 392.633300 ms (FindLiveObjects: 3.635100 ms CreateObjectMapping: 3.414800 ms MarkObjects: 385.336800 ms  DeleteObjects: 0.246300 ms)

Bad string pass when reading rule weapon_noun(p=2)_mas->[weapon_type_mas]
Bad string pass when reading rule weapon_noun(p=2)_fem->[weapon_type_fem]
Bad string pass when reading rule weapon_noun(p=2)_neu->[weapon_type_neu]
Bad string pass when reading rule weapon_adjective(p=2)_fem->[trait_adjective_fem]
Bad string pass when reading rule weapon_adjective(p=2)_neu->[trait_adjective_neu]
Failed to resolve text. Trying again with English. Exception: System.ArgumentNullException: Value cannot be null.
Parameter name: key
[Ref 52B82781]
 [0x00006] in <51fded79cd284d4d911c5949aff4cb21>:0 
  at System.Collections.Generic.Dictionary`2[TKey,TValue].FindEntry (TKey key) [0x00008] in <51fded79cd284d4d911c5949aff4cb21>:0 
  at System.Collections.Generic.Dictionary`2[TKey,TValue].TryGetValue (TKey key, TValue& value) [0x00000] in <51fded79cd284d4d911c5949aff4cb21>:0 
  at Verse.Grammar.GrammarResolver.AddRule (Verse.Grammar.Rule rule) [0x00002] in <24d25868955f4df08b02c73b55f389fe>:0 
  at Verse.Grammar.GrammarResolver.ResolveUnsafe (System.String rootKeyword, Verse.Grammar.GrammarRequest request, System.Boolean& success, System.String debugLabel, System.Boolean forceLog, System.Boolean useUntranslatedRules, System.Collections.Generic.List`1[T] extraTags, System.Collections.Generic.List`1[T] outTags, System.Boolean capitalizeFirstSentence) [0x00171] in <24d25868955f4df08b02c73b55f389fe>:0 
  at Verse.Grammar.GrammarResolver.Resolve (System.String rootKeyword, Verse.Grammar.GrammarRequest request, System.String debugLabel, System.Boolean forceLog, System.String untranslatedRootKeyword, System.Collections.Generic.List`1[T] extraTags, System.Collections.Generic.List`1[T] outTags, System.Boolean capitalizeFirstSentence) [0x0001e] in <24d25868955f4df08b02c73b55f389fe>:0 
<color=teal>VEF.Weapons.Verb_ShootWithSmoke</color> cannot be used without <color=teal>MoteProperties</color> DefModExtension. Motes will not be thrown.
SearchAndDestroy_Gizmo_Melee toggle
SearchAndDestroy_Gizmo_Melee toggle
SearchAndDestroy_Gizmo_Melee toggle
SearchAndDestroy_Gizmo_Melee toggle
SearchAndDestroy_Gizmo_Melee toggle
SearchAndDestroy_Gizmo_Melee toggle
SearchAndDestroy_Gizmo_Melee toggle
SearchAndDestroy_Gizmo_Melee toggle
SearchAndDestroy_Gizmo_Melee toggle
SearchAndDestroy_Gizmo_Melee toggle
SearchAndDestroy_Gizmo_Melee toggle
Event.Use() should not be called for events of type Layout
[Yayo's Animation] GC : animation data count [521 -> 351]
Soyuz caught this error. Please don't report this to the RocketMan team unless you're certain RocketMan caused this error. with error System.NullReferenceException: Object reference not set to an instance of an object
[Ref 52F7AAA3]
  at Verse.GridsUtility.GetEdifice (Verse.IntVec3 c, Verse.Map map) [0x00000] in <24d25868955f4df08b02c73b55f389fe>:0 
  at Verse.AI.Pawn_PathFollower.BuildingBlockingNextPathCell () [0x00030] in <24d25868955f4df08b02c73b55f389fe>:0 
    - PREFIX OskarPotocki.VEF: Boolean VEF.Hediffs.PhasingPatches:NoBuildingBlocking(Building& __result, Pawn ___pawn)
  at Verse.AI.Pawn_PathFollower.TryEnterNextPathCell () [0x00000] in <24d25868955f4df08b02c73b55f389fe>:0 
    - POSTFIX OskarPotocki.VEF: Void VEF.Hediffs.PhasingPatches:UnfogEnteredCells(Pawn_PathFollower __instance, Pawn ___pawn)
  at Soyuz.Patches.Pawn_PathFollower_Patch+Pawn_PathFollower_PatherTick.Postfix (Verse.AI.Pawn_PathFollower __instance) [0x00014] in <3034aaaaa4ad436481584dde1b843a5c>:0 
  at Verse.AI.Pawn_PathFollower.PatherTick () [0x0059a] in <24d25868955f4df08b02c73b55f389fe>:0 
    - PREFIX Krkr.RocketMan.Soyuz: Void Soyuz.Patches.Pawn_PathFollower_Patch+Pawn_PathFollower_PatherTick:Prefix(Pawn_PathFollower __instance)
    - POSTFIX Krkr.RocketMan.Soyuz: Void Soyuz.Patches.Pawn_PathFollower_Patch+Pawn_PathFollower_PatherTick:Postfix(Pawn_PathFollower __instance)
    - FINALIZER Krkr.RocketMan.Soyuz: Void Soyuz.Patches.Pawn_PathFollower_Patch+Pawn_PathFollower_PatherTick:Finalizer(Exception __exception)
  at Verse.Pawn.Tick () [0x000a9] in <24d25868955f4df08b02c73b55f389fe>:0 
    - TRANSPILER Krkr.RocketMan.Soyuz: IEnumerable`1 Soyuz.Patches.Pawn_Tick_Patch:Transpiler(IEnumerable`1 instructions, ILGenerator generator)
    - POSTFIX Mlie.MarkThatPawn: Void MarkThatPawn.Harmony.Pawn_Tick:Postfix(Pawn __instance)
    - FINALIZER Krkr.RocketMan.Soyuz: Void Soyuz.Patches.Pawn_Tick_Patch:Finalizer(Pawn __instance, Exception __exception)
Exception ticking Donkey8140376. Suppressing further errors. Exception: System.NullReferenceException: Object reference not set to an instance of an object
[Ref 1A60B8BD]
  at Verse.GridsUtility.GetEdifice (Verse.IntVec3 c, Verse.Map map) [0x00000] in <24d25868955f4df08b02c73b55f389fe>:0 
  at Verse.AI.Pawn_PathFollower.BuildingBlockingNextPathCell () [0x00030] in <24d25868955f4df08b02c73b55f389fe>:0 
    - PREFIX OskarPotocki.VEF: Boolean VEF.Hediffs.PhasingPatches:NoBuildingBlocking(Building& __result, Pawn ___pawn)
  at Verse.AI.Pawn_PathFollower.TryEnterNextPathCell () [0x00000] in <24d25868955f4df08b02c73b55f389fe>:0 
    - POSTFIX OskarPotocki.VEF: Void VEF.Hediffs.PhasingPatches:UnfogEnteredCells(Pawn_PathFollower __instance, Pawn ___pawn)
  at Soyuz.Patches.Pawn_PathFollower_Patch+Pawn_PathFollower_PatherTick.Postfix (Verse.AI.Pawn_PathFollower __instance) [0x00014] in <3034aaaaa4ad436481584dde1b843a5c>:0 
  at Verse.AI.Pawn_PathFollower.PatherTick () [0x0059a] in <24d25868955f4df08b02c73b55f389fe>:0 
    - PREFIX Krkr.RocketMan.Soyuz: Void Soyuz.Patches.Pawn_PathFollower_Patch+Pawn_PathFollower_PatherTick:Prefix(Pawn_PathFollower __instance)
    - POSTFIX Krkr.RocketMan.Soyuz: Void Soyuz.Patches.Pawn_PathFollower_Patch+Pawn_PathFollower_PatherTick:Postfix(Pawn_PathFollower __instance)
    - FINALIZER Krkr.RocketMan.Soyuz: Void Soyuz.Patches.Pawn_PathFollower_Patch+Pawn_PathFollower_PatherTick:Finalizer(Exception __exception)
  at Verse.Pawn.Tick () [0x003e8] in <24d25868955f4df08b02c73b55f389fe>:0 
    - TRANSPILER Krkr.RocketMan.Soyuz: IEnumerable`1 Soyuz.Patches.Pawn_Tick_Patch:Transpiler(IEnumerable`1 instructions, ILGenerator generator)
    - POSTFIX Mlie.MarkThatPawn: Void MarkThatPawn.Harmony.Pawn_Tick:Postfix(Pawn __instance)
    - FINALIZER Krkr.RocketMan.Soyuz: Void Soyuz.Patches.Pawn_Tick_Patch:Finalizer(Pawn __instance, Exception __exception)
  at Verse.Thing.DoTick () [0x0007b] in <24d25868955f4df08b02c73b55f389fe>:0 
  at Verse.TickList.Tick () [0x00139] in <24d25868955f4df08b02c73b55f389fe>:0 
Unloading 1 Unused Serialized files (Serialized files now loaded: 8)
Unloading 22 unused Assets to reduce memory usage. Loaded Objects now: 57241.
Total: 418.793200 ms (FindLiveObjects: 3.677200 ms CreateObjectMapping: 2.618900 ms MarkObjects: 412.331300 ms  DeleteObjects: 0.165600 ms)

Бартас started 10 jobs in one tick. newJob=Train (Job_67462562) A = Thing_Megasloth7830419 jobGiver=RimWorld.JobGiver_Work jobList=
Event.Use() should not be called for events of type Layout
SearchAndDestroy_Gizmo_Melee toggle
SearchAndDestroy_Gizmo_Melee toggle
SearchAndDestroy_Gizmo_Melee toggle
SearchAndDestroy_Gizmo_Melee toggle
SearchAndDestroy_Gizmo_Melee toggle
SearchAndDestroy_Gizmo_Melee toggle
SearchAndDestroy_Gizmo_Melee toggle
SearchAndDestroy_Gizmo_Melee toggle
SearchAndDestroy_Gizmo_Melee toggle
SearchAndDestroy_Gizmo_Melee toggle
SearchAndDestroy_Gizmo_Melee toggle
Event.Use() should not be called for events of type Layout
Could not resolve symbol "THREAT_factionPawnsPlural" for string "Невозможно захватить {lookup: {CLAIMABLE_labelShort}; Case; 3}, пока рядом находятся боеспособные {THREAT_factionPawnsPlural}.".
Event.Use() should not be called for events of type Layout
Event.Use() should not be called for events of type Layout
Event.Use() should not be called for events of type Layout
Event.Use() should not be called for events of type Layout
Event.Use() should not be called for events of type Layout
Event.Use() should not be called for events of type Layout
SearchAndDestroy_Gizmo_Melee toggle
SearchAndDestroy_Gizmo_Melee toggle
SearchAndDestroy_Gizmo_Melee toggle
SearchAndDestroy_Gizmo_Melee toggle
SearchAndDestroy_Gizmo_Melee toggle
SearchAndDestroy_Gizmo_Melee toggle
SearchAndDestroy_Gizmo_Melee toggle
SearchAndDestroy_Gizmo_Melee toggle
SearchAndDestroy_Gizmo_Melee toggle
SearchAndDestroy_Gizmo_Melee toggle
SearchAndDestroy_Gizmo_Melee toggle
SearchAndDestroy_Gizmo_Melee toggle
SearchAndDestroy_Gizmo_Melee toggle
SearchAndDestroy_Gizmo_Melee toggle
SearchAndDestroy_Gizmo_Melee toggle
SearchAndDestroy_Gizmo_Melee toggle
SearchAndDestroy_Gizmo_Melee toggle
SearchAndDestroy_Gizmo_Melee toggle
SearchAndDestroy_Gizmo_Melee toggle
SearchAndDestroy_Gizmo_Melee toggle
SearchAndDestroy_Gizmo_Melee toggle
SearchAndDestroy_Gizmo_Melee toggle
SearchAndDestroy_Gizmo_Melee toggle
SearchAndDestroy_Gizmo_Melee toggle
SearchAndDestroy_Gizmo_Melee toggle
SearchAndDestroy_Gizmo_Melee toggle
SearchAndDestroy_Gizmo_Melee toggle
SearchAndDestroy_Gizmo_Melee toggle
SearchAndDestroy_Gizmo_Melee toggle
SearchAndDestroy_Gizmo_Melee toggle
SearchAndDestroy_Gizmo_Melee toggle
SearchAndDestroy_Gizmo_Melee toggle
SearchAndDestroy_Gizmo_Melee toggle
SearchAndDestroy_Gizmo_Melee toggle
Event.Use() should not be called for events of type Layout
SearchAndDestroy_Gizmo_Melee toggle
SearchAndDestroy_Gizmo_Melee toggle
SearchAndDestroy_Gizmo_Melee toggle
SearchAndDestroy_Gizmo_Melee toggle
Clarke started 10 jobs in one tick. newJob=Goto (Job_67503777) A = Thing_Turret_AutoMiniTurret8479830 jobGiver=SearchAndDestroy.JobGiver_GoWithinRangeOfHostile jobList=
SearchAndDestroy_Gizmo_Melee toggle
SearchAndDestroy_Gizmo_Melee toggle
SearchAndDestroy_Gizmo_Melee toggle
SearchAndDestroy_Gizmo_Melee toggle
SearchAndDestroy_Gizmo_Melee toggle
SearchAndDestroy_Gizmo_Melee toggle
SearchAndDestroy_Gizmo_Melee toggle
SearchAndDestroy_Gizmo_Melee toggle
SearchAndDestroy_Gizmo_Melee toggle
SearchAndDestroy_Gizmo_Melee toggle
SearchAndDestroy_Gizmo_Melee toggle
SearchAndDestroy_Gizmo_Melee toggle
SearchAndDestroy_Gizmo_Melee toggle
SearchAndDestroy_Gizmo_Melee toggle
SearchAndDestroy_Gizmo_Melee toggle
SearchAndDestroy_Gizmo_Melee toggle
SearchAndDestroy_Gizmo_Melee toggle
SearchAndDestroy_Gizmo_Melee toggle
SearchAndDestroy_Gizmo_Melee toggle
SearchAndDestroy_Gizmo_Melee toggle
SearchAndDestroy_Gizmo_Melee toggle
SearchAndDestroy_Gizmo_Melee toggle
SearchAndDestroy_Gizmo_Melee toggle
SearchAndDestroy_Gizmo_Melee toggle
SearchAndDestroy_Gizmo_Melee toggle
SearchAndDestroy_Gizmo_Melee toggle
SearchAndDestroy_Gizmo_Melee toggle
SearchAndDestroy_Gizmo_Melee toggle
SearchAndDestroy_Gizmo_Melee toggle
SearchAndDestroy_Gizmo_Melee toggle
SearchAndDestroy_Gizmo_Melee toggle
SearchAndDestroy_Gizmo_Melee toggle
SearchAndDestroy_Gizmo_Melee toggle
SearchAndDestroy_Gizmo_Melee toggle
SearchAndDestroy_Gizmo_Melee toggle
SearchAndDestroy_Gizmo_Melee toggle
Event.Use() should not be called for events of type Layout
Event.Use() should not be called for events of type Layout
Unloading 1 Unused Serialized files (Serialized files now loaded: 8)
Unloading 31 unused Assets to reduce memory usage. Loaded Objects now: 57557.
Total: 426.444000 ms (FindLiveObjects: 3.641800 ms CreateObjectMapping: 2.767000 ms MarkObjects: 419.852700 ms  DeleteObjects: 0.182200 ms)

Bad string pass when reading rule map(p=2)_mas->[mapNoun_mas]: [place]
Bad string pass when reading rule map(p=2)_fem->[mapNoun_fem]: [place]
Bad string pass when reading rule map(p=2)_neu->[mapNoun_neu]: [place]
Bad string pass when reading rule mapNoun(p=5)_fem->карта
Bad string pass when reading rule mapNoun(p=2)_mas>атлас
Bad string pass when reading rule mapType(p=2)_mas->[Animal_mas]
Bad string pass when reading rule mapType(p=2)_fem->[Animal_fem]
Bad string pass when reading rule mapType(p=2)_neu->[Animal_neu]
Bad string pass when reading rule mapType(p=2)_mas->[TreeType_mas]
Bad string pass when reading rule mapType(p=2)_fem->[TreeType_fem]
Bad string pass when reading rule mapType(p=2)_neu->[TreeType_neu]
Bad string pass when reading rule |mapContents->[Quantity_adjphrase] [mapSubject], изображенные в стиле [artstyle_adj]. Под каждым — [AdjectiveAny_neu] [Animal_neu]
Bad string pass when reading rule mapType(p=4)_fem->карта
[Yayo's Animation] GC : animation data count [434 -> 353]
Event.Use() should not be called for events of type Layout
SearchAndDestroy_Gizmo_Melee toggle
SearchAndDestroy_Gizmo_Melee toggle
SearchAndDestroy_Gizmo_Melee toggle
SearchAndDestroy_Gizmo_Melee toggle
SearchAndDestroy_Gizmo_Melee toggle
SearchAndDestroy_Gizmo_Melee toggle
SearchAndDestroy_Gizmo_Melee toggle
SearchAndDestroy_Gizmo_Melee toggle
SearchAndDestroy_Gizmo_Melee toggle
SearchAndDestroy_Gizmo_Melee toggle
SearchAndDestroy_Gizmo_Melee toggle
SearchAndDestroy_Gizmo_Melee toggle
Dougherty started 10 jobs in one tick. newJob=Train (Job_67567626) A = Thing_AlphaThrumbo6644270 jobGiver=RimWorld.JobGiver_Work jobList=
Dougherty started 10 jobs in one tick. newJob=Train (Job_67579292) A = Thing_AlphaThrumbo7197147 jobGiver=RimWorld.JobGiver_Work jobList=
Soyuz caught this error. Please don't report this to the RocketMan team unless you're certain RocketMan caused this error. with error System.NullReferenceException: Object reference not set to an instance of an object
[Ref 52F7AAA3]
  at Verse.GridsUtility.GetEdifice (Verse.IntVec3 c, Verse.Map map) [0x00000] in <24d25868955f4df08b02c73b55f389fe>:0 
  at Verse.AI.Pawn_PathFollower.BuildingBlockingNextPathCell () [0x00030] in <24d25868955f4df08b02c73b55f389fe>:0 
    - PREFIX OskarPotocki.VEF: Boolean VEF.Hediffs.PhasingPatches:NoBuildingBlocking(Building& __result, Pawn ___pawn)
  at Verse.AI.Pawn_PathFollower.TryEnterNextPathCell () [0x00000] in <24d25868955f4df08b02c73b55f389fe>:0 
    - POSTFIX OskarPotocki.VEF: Void VEF.Hediffs.PhasingPatches:UnfogEnteredCells(Pawn_PathFollower __instance, Pawn ___pawn)
  at Soyuz.Patches.Pawn_PathFollower_Patch+Pawn_PathFollower_PatherTick.Postfix (Verse.AI.Pawn_PathFollower __instance) [0x00014] in <3034aaaaa4ad436481584dde1b843a5c>:0 
  at Verse.AI.Pawn_PathFollower.PatherTick () [0x0059a] in <24d25868955f4df08b02c73b55f389fe>:0 
    - PREFIX Krkr.RocketMan.Soyuz: Void Soyuz.Patches.Pawn_PathFollower_Patch+Pawn_PathFollower_PatherTick:Prefix(Pawn_PathFollower __instance)
    - POSTFIX Krkr.RocketMan.Soyuz: Void Soyuz.Patches.Pawn_PathFollower_Patch+Pawn_PathFollower_PatherTick:Postfix(Pawn_PathFollower __instance)
    - FINALIZER Krkr.RocketMan.Soyuz: Void Soyuz.Patches.Pawn_PathFollower_Patch+Pawn_PathFollower_PatherTick:Finalizer(Exception __exception)
  at Verse.Pawn.Tick () [0x000a9] in <24d25868955f4df08b02c73b55f389fe>:0 
    - TRANSPILER Krkr.RocketMan.Soyuz: IEnumerable`1 Soyuz.Patches.Pawn_Tick_Patch:Transpiler(IEnumerable`1 instructions, ILGenerator generator)
    - POSTFIX Mlie.MarkThatPawn: Void MarkThatPawn.Harmony.Pawn_Tick:Postfix(Pawn __instance)
    - FINALIZER Krkr.RocketMan.Soyuz: Void Soyuz.Patches.Pawn_Tick_Patch:Finalizer(Pawn __instance, Exception __exception)
Exception ticking Alpaca8089853. Suppressing further errors. Exception: System.NullReferenceException: Object reference not set to an instance of an object
[Ref 1A60B8BD]
  at Verse.GridsUtility.GetEdifice (Verse.IntVec3 c, Verse.Map map) [0x00000] in <24d25868955f4df08b02c73b55f389fe>:0 
  at Verse.AI.Pawn_PathFollower.BuildingBlockingNextPathCell () [0x00030] in <24d25868955f4df08b02c73b55f389fe>:0 
    - PREFIX OskarPotocki.VEF: Boolean VEF.Hediffs.PhasingPatches:NoBuildingBlocking(Building& __result, Pawn ___pawn)
  at Verse.AI.Pawn_PathFollower.TryEnterNextPathCell () [0x00000] in <24d25868955f4df08b02c73b55f389fe>:0 
    - POSTFIX OskarPotocki.VEF: Void VEF.Hediffs.PhasingPatches:UnfogEnteredCells(Pawn_PathFollower __instance, Pawn ___pawn)
  at Soyuz.Patches.Pawn_PathFollower_Patch+Pawn_PathFollower_PatherTick.Postfix (Verse.AI.Pawn_PathFollower __instance) [0x00014] in <3034aaaaa4ad436481584dde1b843a5c>:0 
  at Verse.AI.Pawn_PathFollower.PatherTick () [0x0059a] in <24d25868955f4df08b02c73b55f389fe>:0 
    - PREFIX Krkr.RocketMan.Soyuz: Void Soyuz.Patches.Pawn_PathFollower_Patch+Pawn_PathFollower_PatherTick:Prefix(Pawn_PathFollower __instance)
    - POSTFIX Krkr.RocketMan.Soyuz: Void Soyuz.Patches.Pawn_PathFollower_Patch+Pawn_PathFollower_PatherTick:Postfix(Pawn_PathFollower __instance)
    - FINALIZER Krkr.RocketMan.Soyuz: Void Soyuz.Patches.Pawn_PathFollower_Patch+Pawn_PathFollower_PatherTick:Finalizer(Exception __exception)
  at Verse.Pawn.Tick () [0x003e8] in <24d25868955f4df08b02c73b55f389fe>:0 
    - TRANSPILER Krkr.RocketMan.Soyuz: IEnumerable`1 Soyuz.Patches.Pawn_Tick_Patch:Transpiler(IEnumerable`1 instructions, ILGenerator generator)
    - POSTFIX Mlie.MarkThatPawn: Void MarkThatPawn.Harmony.Pawn_Tick:Postfix(Pawn __instance)
    - FINALIZER Krkr.RocketMan.Soyuz: Void Soyuz.Patches.Pawn_Tick_Patch:Finalizer(Pawn __instance, Exception __exception)
  at Verse.Thing.DoTick () [0x0007b] in <24d25868955f4df08b02c73b55f389fe>:0 
  at Verse.TickList.Tick () [0x00139] in <24d25868955f4df08b02c73b55f389fe>:0 
Event.Use() should not be called for events of type Layout
SearchAndDestroy_Gizmo_Melee toggle
SearchAndDestroy_Gizmo_Melee toggle
SearchAndDestroy_Gizmo_Melee toggle
SearchAndDestroy_Gizmo_Melee toggle
SearchAndDestroy_Gizmo_Melee toggle
SearchAndDestroy_Gizmo_Melee toggle
SearchAndDestroy_Gizmo_Melee toggle
SearchAndDestroy_Gizmo_Melee toggle
SearchAndDestroy_Gizmo_Melee toggle
SearchAndDestroy_Gizmo_Melee toggle
SearchAndDestroy_Gizmo_Melee toggle
SearchAndDestroy_Gizmo_Melee toggle
SearchAndDestroy_Gizmo_Melee toggle
SearchAndDestroy_Gizmo_Melee toggle
SearchAndDestroy_Gizmo_Melee toggle
SearchAndDestroy_Gizmo_Melee toggle
Soyuz caught this error. Please don't report this to the RocketMan team unless you're certain RocketMan caused this error. with error System.NullReferenceException: Object reference not set to an instance of an object
[Ref 52F7AAA3]
  at Verse.GridsUtility.GetEdifice (Verse.IntVec3 c, Verse.Map map) [0x00000] in <24d25868955f4df08b02c73b55f389fe>:0 
  at Verse.AI.Pawn_PathFollower.BuildingBlockingNextPathCell () [0x00030] in <24d25868955f4df08b02c73b55f389fe>:0 
    - PREFIX OskarPotocki.VEF: Boolean VEF.Hediffs.PhasingPatches:NoBuildingBlocking(Building& __result, Pawn ___pawn)
  at Verse.AI.Pawn_PathFollower.TryEnterNextPathCell () [0x00000] in <24d25868955f4df08b02c73b55f389fe>:0 
    - POSTFIX OskarPotocki.VEF: Void VEF.Hediffs.PhasingPatches:UnfogEnteredCells(Pawn_PathFollower __instance, Pawn ___pawn)
  at Soyuz.Patches.Pawn_PathFollower_Patch+Pawn_PathFollower_PatherTick.Postfix (Verse.AI.Pawn_PathFollower __instance) [0x00014] in <3034aaaaa4ad436481584dde1b843a5c>:0 
  at Verse.AI.Pawn_PathFollower.PatherTick () [0x0059a] in <24d25868955f4df08b02c73b55f389fe>:0 
    - PREFIX Krkr.RocketMan.Soyuz: Void Soyuz.Patches.Pawn_PathFollower_Patch+Pawn_PathFollower_PatherTick:Prefix(Pawn_PathFollower __instance)
    - POSTFIX Krkr.RocketMan.Soyuz: Void Soyuz.Patches.Pawn_PathFollower_Patch+Pawn_PathFollower_PatherTick:Postfix(Pawn_PathFollower __instance)
    - FINALIZER Krkr.RocketMan.Soyuz: Void Soyuz.Patches.Pawn_PathFollower_Patch+Pawn_PathFollower_PatherTick:Finalizer(Exception __exception)
  at Verse.Pawn.Tick () [0x000a9] in <24d25868955f4df08b02c73b55f389fe>:0 
    - TRANSPILER Krkr.RocketMan.Soyuz: IEnumerable`1 Soyuz.Patches.Pawn_Tick_Patch:Transpiler(IEnumerable`1 instructions, ILGenerator generator)
    - POSTFIX Mlie.MarkThatPawn: Void MarkThatPawn.Harmony.Pawn_Tick:Postfix(Pawn __instance)
    - FINALIZER Krkr.RocketMan.Soyuz: Void Soyuz.Patches.Pawn_Tick_Patch:Finalizer(Pawn __instance, Exception __exception)
Exception ticking Turkey8035841. Suppressing further errors. Exception: System.NullReferenceException: Object reference not set to an instance of an object
[Ref 1A60B8BD]
  at Verse.GridsUtility.GetEdifice (Verse.IntVec3 c, Verse.Map map) [0x00000] in <24d25868955f4df08b02c73b55f389fe>:0 
  at Verse.AI.Pawn_PathFollower.BuildingBlockingNextPathCell () [0x00030] in <24d25868955f4df08b02c73b55f389fe>:0 
    - PREFIX OskarPotocki.VEF: Boolean VEF.Hediffs.PhasingPatches:NoBuildingBlocking(Building& __result, Pawn ___pawn)
  at Verse.AI.Pawn_PathFollower.TryEnterNextPathCell () [0x00000] in <24d25868955f4df08b02c73b55f389fe>:0 
    - POSTFIX OskarPotocki.VEF: Void VEF.Hediffs.PhasingPatches:UnfogEnteredCells(Pawn_PathFollower __instance, Pawn ___pawn)
  at Soyuz.Patches.Pawn_PathFollower_Patch+Pawn_PathFollower_PatherTick.Postfix (Verse.AI.Pawn_PathFollower __instance) [0x00014] in <3034aaaaa4ad436481584dde1b843a5c>:0 
  at Verse.AI.Pawn_PathFollower.PatherTick () [0x0059a] in <24d25868955f4df08b02c73b55f389fe>:0 
    - PREFIX Krkr.RocketMan.Soyuz: Void Soyuz.Patches.Pawn_PathFollower_Patch+Pawn_PathFollower_PatherTick:Prefix(Pawn_PathFollower __instance)
    - POSTFIX Krkr.RocketMan.Soyuz: Void Soyuz.Patches.Pawn_PathFollower_Patch+Pawn_PathFollower_PatherTick:Postfix(Pawn_PathFollower __instance)
    - FINALIZER Krkr.RocketMan.Soyuz: Void Soyuz.Patches.Pawn_PathFollower_Patch+Pawn_PathFollower_PatherTick:Finalizer(Exception __exception)
  at Verse.Pawn.Tick () [0x003e8] in <24d25868955f4df08b02c73b55f389fe>:0 
    - TRANSPILER Krkr.RocketMan.Soyuz: IEnumerable`1 Soyuz.Patches.Pawn_Tick_Patch:Transpiler(IEnumerable`1 instructions, ILGenerator generator)
    - POSTFIX Mlie.MarkThatPawn: Void MarkThatPawn.Harmony.Pawn_Tick:Postfix(Pawn __instance)
    - FINALIZER Krkr.RocketMan.Soyuz: Void Soyuz.Patches.Pawn_Tick_Patch:Finalizer(Pawn __instance, Exception __exception)
  at Verse.Thing.DoTick () [0x0007b] in <24d25868955f4df08b02c73b55f389fe>:0 
  at Verse.TickList.Tick () [0x00139] in <24d25868955f4df08b02c73b55f389fe>:0 
Event.Use() should not be called for events of type Layout
SearchAndDestroy_Gizmo_Melee toggle
SearchAndDestroy_Gizmo_Melee toggle
SearchAndDestroy_Gizmo_Melee toggle
SearchAndDestroy_Gizmo_Melee toggle
SearchAndDestroy_Gizmo_Melee toggle
SearchAndDestroy_Gizmo_Melee toggle
SearchAndDestroy_Gizmo_Melee toggle
SearchAndDestroy_Gizmo_Melee toggle
Unloading 1 Unused Serialized files (Serialized files now loaded: 8)
Unloading 31 unused Assets to reduce memory usage. Loaded Objects now: 48452.
Total: 454.043500 ms (FindLiveObjects: 3.358000 ms CreateObjectMapping: 2.667400 ms MarkObjects: 447.849900 ms  DeleteObjects: 0.168100 ms)

Unloading 0 Unused Serialized files (Serialized files now loaded: 8)
Unloading 6 unused Assets to reduce memory usage. Loaded Objects now: 48446.
Total: 419.418100 ms (FindLiveObjects: 2.973400 ms CreateObjectMapping: 2.137400 ms MarkObjects: 414.190400 ms  DeleteObjects: 0.116600 ms)

Unloading 2 Unused Serialized files (Serialized files now loaded: 8)
[PhysX] Initialized MultithreadedTaskDispatcher with 24 workers.
UnloadTime: 2.550100 ms
QualityBuilder added property to '0' things
Unloading 6 unused Assets to reduce memory usage. Loaded Objects now: 46266.
Total: 426.135000 ms (FindLiveObjects: 2.549700 ms CreateObjectMapping: 2.375200 ms MarkObjects: 421.091900 ms  DeleteObjects: 0.118000 ms)

Loading game from file Адептус Механикус_modded1111 with mods:
  - brrainz.harmony
  - Ludeon.RimWorld
  - Ludeon.RimWorld.Royalty
  - Ludeon.RimWorld.Ideology
  - Ludeon.RimWorld.Biotech
  - Ludeon.RimWorld.Anomaly
  - Ludeon.RimWorld.Odyssey
  - DerekBickley.LTOColonyGroupsFinal
  - LZWS.DerekBickley.LTOColonyGroupsFinal
  - UnlimitedHugs.HugsLib
  - com.yayo.yayoAni.continued
  - Sl4vP0weR.WeAreUnited
  - TimmyLiang.TradeHelper
  - Mlie.ShowMeYourHands
  - BP.ShowBuildableMaterialCount
  - OskarPotocki.VanillaFactionsExpanded.Core
  - MemeGoddess.SearchAndDestroy
  - Jaxe.RimHUD
  - kamikadza13.RimHUD
  - Memegoddess.ReplaceStuff
  - longwater.smartstockpilecreation
  - hatti.qualitybuilder
  - telardo.NumbersTraitAddOn
  - DawnsGlow.Numbers
  - Andromeda.NiceHealthTab
  - Andromeda.NiceHands
  - Mlie.MarkThatPawn
  - Supes.MapWideOrbitalTradeBeacon
  - Jaxe.Bubbles
  - S4.ImTryingToSaveYou
  - Orion.Hospitality
  - Inglix.FasterBiosculptingPod
  - Mlie.DurableClothes
  - dubwise.dubsmintminimap
  - Ganja.DropInventory
  - telardo.DragSelect
  - avilmask.CommonSense
  - brrainz.cameraplus
  - Inglix.ApparelTaintedOnCorpseRot
  - UnlimitedHugs.AllowTool
  - brrainz.achtung
  - FrozenSnowFox.FilthVanishesWithRainAndTime
  - SClarke.GroundTargeter1.6temp
  - Dubwise.DubsMintMenus
  - KipsMods.AdjustableAbilityCooldowns
  - erdelf.MinifyEverything
  - microus.creepjoinersromance
  - Shipdontnuketile.Sentinel
  - Syrus.CustomizeAnimals
  - Mlie.PrisonCommons
  - Taranchuk.PerformanceOptimizer
  - dmitry6.RusPerformanceOptimizer
  - VanillaExpanded.VWE
  - Krkr.RocketMan
  - Mlie.SinglePlantTexturePatch
  - avilmask.PsychicHarmonizerLagFix (incompatible version)
Exception registering RimWorld.Precept_GravshipLaunch RimWorld.Precept_GravshipLaunch in loaded object directory with unique load ID Precept_1024: System.ArgumentException: An item with the same key has already been added. Key: Precept_1024
[Ref CC152DD4]
 [0x00006] in <51fded79cd284d4d911c5949aff4cb21>:0 
  at System.Collections.Generic.Dictionary`2[TKey,TValue].TryInsert (TKey key, TValue value, System.Collections.Generic.InsertionBehavior behavior) [0x0015a] in <51fded79cd284d4d911c5949aff4cb21>:0 
  at System.Collections.Generic.Dictionary`2[TKey,TValue].Add (TKey key, TValue value) [0x00000] in <51fded79cd284d4d911c5949aff4cb21>:0 
  at Verse.LoadedObjectDirectory.RegisterLoaded (Verse.ILoadReferenceable reffable) [0x000da] in <24d25868955f4df08b02c73b55f389fe>:0 
Exception registering TacticalGroups.PawnGroup  - 0 in loaded object directory with unique load ID TacticalGroups.PawnGroup6: System.ArgumentException: An item with the same key has already been added. Key: TacticalGroups.PawnGroup6
[Ref CC152DD4] Duplicate stacktrace, see ref for original
Could not resolve reference to object with loadID Lord_1951 of type Verse.AI.Group.Lord. Was it compressed away, destroyed, had no ID number, or not saved/loaded right? curParent=SignalAction_DormancyWakeUp8484064 curPathRelToParent=
Could not resolve reference to object with loadID Lord_1953 of type Verse.AI.Group.Lord. Was it compressed away, destroyed, had no ID number, or not saved/loaded right? curParent=SignalAction_DormancyWakeUp8484193 curPathRelToParent=
Could not resolve reference to object with loadID Lord_1954 of type Verse.AI.Group.Lord. Was it compressed away, destroyed, had no ID number, or not saved/loaded right? curParent=SignalAction_DormancyWakeUp8484622 curPathRelToParent=
Could not resolve reference to object with loadID Lord_1955 of type Verse.AI.Group.Lord. Was it compressed away, destroyed, had no ID number, or not saved/loaded right? curParent=SignalAction_DormancyWakeUp8484689 curPathRelToParent=
Could not resolve reference to object with loadID Lord_1956 of type Verse.AI.Group.Lord. Was it compressed away, destroyed, had no ID number, or not saved/loaded right? curParent=SignalAction_DormancyWakeUp8484757 curPathRelToParent=
Could not resolve reference to object with loadID Lord_1957 of type Verse.AI.Group.Lord. Was it compressed away, destroyed, had no ID number, or not saved/loaded right? curParent=SignalAction_DormancyWakeUp8484958 curPathRelToParent=
Could not resolve reference to object with loadID Lord_1958 of type Verse.AI.Group.Lord. Was it compressed away, destroyed, had no ID number, or not saved/loaded right? curParent=SignalAction_DormancyWakeUp8485107 curPathRelToParent=
CustomizeAnimals: 'EggSpew' uses 'EggSpew' but ability does not require training to be usable
CustomizeAnimals: 'SludgeSpew' uses 'SludgeSpew' but ability does not require training to be usable
CustomizeAnimals: 'VEF_ControlledBlinking' uses 'VEF_ControlledBlinking' but ability does not require training to be usable
CustomizeAnimals: 'VEF_ControlledDetonation' uses 'VEF_ControlledDetonation' but ability does not require training to be usable
CustomizeAnimals: 'VEF_ControlledInvisibility' uses 'VEF_ControlledInvisibility' but ability does not require training to be usable
Attempted to access a tile with ID 153611, but it is out of range (count: 1252)
Attempted to access a tile with ID 153611, but it is out of range (count: 1252)
[Yayo's Animation] GC : animation data count [424 -> 0]
Unloading 0 Unused Serialized files (Serialized files now loaded: 8)
Unloading 18 unused Assets to reduce memory usage. Loaded Objects now: 59594.
Total: 546.976300 ms (FindLiveObjects: 3.464200 ms CreateObjectMapping: 3.389700 ms MarkObjects: 539.965300 ms  DeleteObjects: 0.156800 ms)

SearchAndDestroy_Gizmo_Melee toggle
SearchAndDestroy_Gizmo_Melee toggle
SearchAndDestroy_Gizmo_Melee toggle
SearchAndDestroy_Gizmo_Melee toggle
SearchAndDestroy_Gizmo_Melee toggle
SearchAndDestroy_Gizmo_Melee toggle
SearchAndDestroy_Gizmo_Melee toggle
SearchAndDestroy_Gizmo_Melee toggle
Unloading 1 Unused Serialized files (Serialized files now loaded: 8)
Unloading 30 unused Assets to reduce memory usage. Loaded Objects now: 47260.
Total: 586.008400 ms (FindLiveObjects: 2.603300 ms CreateObjectMapping: 1.921900 ms MarkObjects: 581.334400 ms  DeleteObjects: 0.148500 ms)

Unloading 0 Unused Serialized files (Serialized files now loaded: 8)
Unloading 3 unused Assets to reduce memory usage. Loaded Objects now: 47257.
Total: 556.666900 ms (FindLiveObjects: 3.296500 ms CreateObjectMapping: 2.384400 ms MarkObjects: 550.888100 ms  DeleteObjects: 0.097900 ms)

Unloading 2 Unused Serialized files (Serialized files now loaded: 8)
[PhysX] Initialized MultithreadedTaskDispatcher with 24 workers.
UnloadTime: 1.561700 ms
QualityBuilder added property to '0' things
Unloading 8 unused Assets to reduce memory usage. Loaded Objects now: 46382.
Total: 485.803800 ms (FindLiveObjects: 2.866000 ms CreateObjectMapping: 2.101300 ms MarkObjects: 480.718300 ms  DeleteObjects: 0.117800 ms)

Loading game from file Адептус Механикус2222 with mods:
  - brrainz.harmony
  - Ludeon.RimWorld
  - Ludeon.RimWorld.Royalty
  - Ludeon.RimWorld.Ideology
  - Ludeon.RimWorld.Biotech
  - Ludeon.RimWorld.Anomaly
  - Ludeon.RimWorld.Odyssey
  - DerekBickley.LTOColonyGroupsFinal
  - LZWS.DerekBickley.LTOColonyGroupsFinal
  - UnlimitedHugs.HugsLib
  - com.yayo.yayoAni.continued
  - Sl4vP0weR.WeAreUnited
  - TimmyLiang.TradeHelper
  - Mlie.ShowMeYourHands
  - BP.ShowBuildableMaterialCount
  - OskarPotocki.VanillaFactionsExpanded.Core
  - MemeGoddess.SearchAndDestroy
  - Jaxe.RimHUD
  - kamikadza13.RimHUD
  - Memegoddess.ReplaceStuff
  - longwater.smartstockpilecreation
  - hatti.qualitybuilder
  - telardo.NumbersTraitAddOn
  - DawnsGlow.Numbers
  - Andromeda.NiceHealthTab
  - Andromeda.NiceHands
  - Mlie.MarkThatPawn
  - Supes.MapWideOrbitalTradeBeacon
  - Jaxe.Bubbles
  - S4.ImTryingToSaveYou
  - Orion.Hospitality
  - Inglix.FasterBiosculptingPod
  - Mlie.DurableClothes
  - dubwise.dubsmintminimap
  - Ganja.DropInventory
  - telardo.DragSelect
  - avilmask.CommonSense
  - brrainz.cameraplus
  - Inglix.ApparelTaintedOnCorpseRot
  - UnlimitedHugs.AllowTool
  - brrainz.achtung
  - FrozenSnowFox.FilthVanishesWithRainAndTime
  - SClarke.GroundTargeter1.6temp
  - Dubwise.DubsMintMenus
  - KipsMods.AdjustableAbilityCooldowns
  - erdelf.MinifyEverything
  - microus.creepjoinersromance
  - Shipdontnuketile.Sentinel
  - Syrus.CustomizeAnimals
  - Mlie.PrisonCommons
  - Taranchuk.PerformanceOptimizer
  - dmitry6.RusPerformanceOptimizer
  - VanillaExpanded.VWE
  - Krkr.RocketMan
  - Mlie.SinglePlantTexturePatch
  - avilmask.PsychicHarmonizerLagFix (incompatible version)
Exception registering RimWorld.Precept_GravshipLaunch RimWorld.Precept_GravshipLaunch in loaded object directory with unique load ID Precept_1024: System.ArgumentException: An item with the same key has already been added. Key: Precept_1024
[Ref CC152DD4]
 [0x00006] in <51fded79cd284d4d911c5949aff4cb21>:0 
  at System.Collections.Generic.Dictionary`2[TKey,TValue].TryInsert (TKey key, TValue value, System.Collections.Generic.InsertionBehavior behavior) [0x0015a] in <51fded79cd284d4d911c5949aff4cb21>:0 
  at System.Collections.Generic.Dictionary`2[TKey,TValue].Add (TKey key, TValue value) [0x00000] in <51fded79cd284d4d911c5949aff4cb21>:0 
  at Verse.LoadedObjectDirectory.RegisterLoaded (Verse.ILoadReferenceable reffable) [0x000da] in <24d25868955f4df08b02c73b55f389fe>:0 
Exception registering TacticalGroups.PawnGroup  - 0 in loaded object directory with unique load ID TacticalGroups.PawnGroup6: System.ArgumentException: An item with the same key has already been added. Key: TacticalGroups.PawnGroup6
[Ref CC152DD4] Duplicate stacktrace, see ref for original
Could not resolve reference to object with loadID Lord_1951 of type Verse.AI.Group.Lord. Was it compressed away, destroyed, had no ID number, or not saved/loaded right? curParent=SignalAction_DormancyWakeUp8484064 curPathRelToParent=
Could not resolve reference to object with loadID Lord_1952 of type Verse.AI.Group.Lord. Was it compressed away, destroyed, had no ID number, or not saved/loaded right? curParent=SignalAction_DormancyWakeUp8484139 curPathRelToParent=
Could not resolve reference to object with loadID Lord_1953 of type Verse.AI.Group.Lord. Was it compressed away, destroyed, had no ID number, or not saved/loaded right? curParent=SignalAction_DormancyWakeUp8484193 curPathRelToParent=
Could not resolve reference to object with loadID Lord_1954 of type Verse.AI.Group.Lord. Was it compressed away, destroyed, had no ID number, or not saved/loaded right? curParent=SignalAction_DormancyWakeUp8484622 curPathRelToParent=
Could not resolve reference to object with loadID Lord_1955 of type Verse.AI.Group.Lord. Was it compressed away, destroyed, had no ID number, or not saved/loaded right? curParent=SignalAction_DormancyWakeUp8484689 curPathRelToParent=
Could not resolve reference to object with loadID Lord_1956 of type Verse.AI.Group.Lord. Was it compressed away, destroyed, had no ID number, or not saved/loaded right? curParent=SignalAction_DormancyWakeUp8484757 curPathRelToParent=
Could not resolve reference to object with loadID Lord_1957 of type Verse.AI.Group.Lord. Was it compressed away, destroyed, had no ID number, or not saved/loaded right? curParent=SignalAction_DormancyWakeUp8484958 curPathRelToParent=
Could not resolve reference to object with loadID Lord_1958 of type Verse.AI.Group.Lord. Was it compressed away, destroyed, had no ID number, or not saved/loaded right? curParent=SignalAction_DormancyWakeUp8485107 curPathRelToParent=
CustomizeAnimals: 'EggSpew' uses 'EggSpew' but ability does not require training to be usable
CustomizeAnimals: 'SludgeSpew' uses 'SludgeSpew' but ability does not require training to be usable
CustomizeAnimals: 'VEF_ControlledBlinking' uses 'VEF_ControlledBlinking' but ability does not require training to be usable
CustomizeAnimals: 'VEF_ControlledDetonation' uses 'VEF_ControlledDetonation' but ability does not require training to be usable
CustomizeAnimals: 'VEF_ControlledInvisibility' uses 'VEF_ControlledInvisibility' but ability does not require training to be usable
Attempted to access a tile with ID 153611, but it is out of range (count: 1252)
Attempted to access a tile with ID 153611, but it is out of range (count: 1252)
[Yayo's Animation] GC : animation data count [57 -> 0]
Unloading 0 Unused Serialized files (Serialized files now loaded: 8)
Unloading 11 unused Assets to reduce memory usage. Loaded Objects now: 59730.
Total: 615.724900 ms (FindLiveObjects: 3.421800 ms CreateObjectMapping: 3.528100 ms MarkObjects: 608.638400 ms  DeleteObjects: 0.136500 ms)

Unloading 1 Unused Serialized files (Serialized files now loaded: 8)
Unloading 37 unused Assets to reduce memory usage. Loaded Objects now: 56326.
Total: 543.395700 ms (FindLiveObjects: 3.350000 ms CreateObjectMapping: 2.488100 ms MarkObjects: 537.380200 ms  DeleteObjects: 0.177200 ms)

Trispike8540601 on unwalkable cell (126, 0, 113). Teleporting to (125, 0, 113)
SearchAndDestroy_Gizmo_Melee toggle
SearchAndDestroy_Gizmo_Melee toggle
SearchAndDestroy_Gizmo_Melee toggle
SearchAndDestroy_Gizmo_Melee toggle
SearchAndDestroy_Gizmo_Melee toggle
SearchAndDestroy_Gizmo_Melee toggle
SearchAndDestroy_Gizmo_Melee toggle
SearchAndDestroy_Gizmo_Melee toggle
SearchAndDestroy_Gizmo_Melee toggle
SearchAndDestroy_Gizmo_Melee toggle
Event.Use() should not be called for events of type Layout
[Yayo's Animation] GC : animation data count [194 -> 78]
Unloading 1 Unused Serialized files (Serialized files now loaded: 8)
Unloading 38 unused Assets to reduce memory usage. Loaded Objects now: 57725.
Total: 727.729300 ms (FindLiveObjects: 3.744100 ms CreateObjectMapping: 3.492200 ms MarkObjects: 720.299900 ms  DeleteObjects: 0.192800 ms)

SearchAndDestroy_Gizmo_Melee toggle
SearchAndDestroy_Gizmo_Melee toggle
SearchAndDestroy_Gizmo_Melee toggle
SearchAndDestroy_Gizmo_Melee toggle
SearchAndDestroy_Gizmo_Melee toggle
SearchAndDestroy_Gizmo_Melee toggle
SearchAndDestroy_Gizmo_Melee toggle
SearchAndDestroy_Gizmo_Melee toggle
SearchAndDestroy_Gizmo_Melee toggle
SearchAndDestroy_Gizmo_Melee toggle
SearchAndDestroy_Gizmo_Melee toggle
SearchAndDestroy_Gizmo_Ranged toggle
SearchAndDestroy_Gizmo_Ranged toggle
SearchAndDestroy_Gizmo_Ranged toggle
SearchAndDestroy_Gizmo_Ranged toggle
SearchAndDestroy_Gizmo_Ranged toggle
SearchAndDestroy_Gizmo_Ranged toggle
SearchAndDestroy_Gizmo_Ranged toggle
SearchAndDestroy_Gizmo_Ranged toggle
SearchAndDestroy_Gizmo_Ranged toggle
SearchAndDestroy_Gizmo_Ranged toggle
SearchAndDestroy_Gizmo_Ranged toggle
SearchAndDestroy_Gizmo_Ranged toggle
SearchAndDestroy_Gizmo_Ranged toggle
SearchAndDestroy_Gizmo_Ranged toggle
SearchAndDestroy_Gizmo_Ranged toggle
SearchAndDestroy_Gizmo_Ranged toggle
Unloading 1 Unused Serialized files (Serialized files now loaded: 8)
Unloading 22 unused Assets to reduce memory usage. Loaded Objects now: 50682.
Total: 638.262000 ms (FindLiveObjects: 3.327700 ms CreateObjectMapping: 2.851500 ms MarkObjects: 631.924400 ms  DeleteObjects: 0.158100 ms)

Unloading 0 Unused Serialized files (Serialized files now loaded: 8)
Unloading 4 unused Assets to reduce memory usage. Loaded Objects now: 50678.
Total: 632.959400 ms (FindLiveObjects: 3.180900 ms CreateObjectMapping: 2.535400 ms MarkObjects: 627.123900 ms  DeleteObjects: 0.118600 ms)

Unloading 2 Unused Serialized files (Serialized files now loaded: 8)
[PhysX] Initialized MultithreadedTaskDispatcher with 24 workers.
UnloadTime: 1.532300 ms
QualityBuilder added property to '0' things
Unloading 7 unused Assets to reduce memory usage. Loaded Objects now: 48879.
Total: 626.303900 ms (FindLiveObjects: 2.632400 ms CreateObjectMapping: 2.204000 ms MarkObjects: 621.338900 ms  DeleteObjects: 0.128400 ms)

Loading game from file Адептус Механикус3333 with mods:
  - brrainz.harmony
  - Ludeon.RimWorld
  - Ludeon.RimWorld.Royalty
  - Ludeon.RimWorld.Ideology
  - Ludeon.RimWorld.Biotech
  - Ludeon.RimWorld.Anomaly
  - Ludeon.RimWorld.Odyssey
  - DerekBickley.LTOColonyGroupsFinal
  - LZWS.DerekBickley.LTOColonyGroupsFinal
  - UnlimitedHugs.HugsLib
  - com.yayo.yayoAni.continued
  - Sl4vP0weR.WeAreUnited
  - TimmyLiang.TradeHelper
  - Mlie.ShowMeYourHands
  - BP.ShowBuildableMaterialCount
  - OskarPotocki.VanillaFactionsExpanded.Core
  - MemeGoddess.SearchAndDestroy
  - Jaxe.RimHUD
  - kamikadza13.RimHUD
  - Memegoddess.ReplaceStuff
  - longwater.smartstockpilecreation
  - hatti.qualitybuilder
  - telardo.NumbersTraitAddOn
  - DawnsGlow.Numbers
  - Andromeda.NiceHealthTab
  - Andromeda.NiceHands
  - Mlie.MarkThatPawn
  - Supes.MapWideOrbitalTradeBeacon
  - Jaxe.Bubbles
  - S4.ImTryingToSaveYou
  - Orion.Hospitality
  - Inglix.FasterBiosculptingPod
  - Mlie.DurableClothes
  - dubwise.dubsmintminimap
  - Ganja.DropInventory
  - telardo.DragSelect
  - avilmask.CommonSense
  - brrainz.cameraplus
  - Inglix.ApparelTaintedOnCorpseRot
  - UnlimitedHugs.AllowTool
  - brrainz.achtung
  - FrozenSnowFox.FilthVanishesWithRainAndTime
  - SClarke.GroundTargeter1.6temp
  - Dubwise.DubsMintMenus
  - KipsMods.AdjustableAbilityCooldowns
  - erdelf.MinifyEverything
  - microus.creepjoinersromance
  - Shipdontnuketile.Sentinel
  - Syrus.CustomizeAnimals
  - Mlie.PrisonCommons
  - Taranchuk.PerformanceOptimizer
  - dmitry6.RusPerformanceOptimizer
  - VanillaExpanded.VWE
  - Krkr.RocketMan
  - Mlie.SinglePlantTexturePatch
  - avilmask.PsychicHarmonizerLagFix (incompatible version)
Exception registering RimWorld.Precept_GravshipLaunch RimWorld.Precept_GravshipLaunch in loaded object directory with unique load ID Precept_1024: System.ArgumentException: An item with the same key has already been added. Key: Precept_1024
[Ref CC152DD4]
 [0x00006] in <51fded79cd284d4d911c5949aff4cb21>:0 
  at System.Collections.Generic.Dictionary`2[TKey,TValue].TryInsert (TKey key, TValue value, System.Collections.Generic.InsertionBehavior behavior) [0x0015a] in <51fded79cd284d4d911c5949aff4cb21>:0 
  at System.Collections.Generic.Dictionary`2[TKey,TValue].Add (TKey key, TValue value) [0x00000] in <51fded79cd284d4d911c5949aff4cb21>:0 
  at Verse.LoadedObjectDirectory.RegisterLoaded (Verse.ILoadReferenceable reffable) [0x000da] in <24d25868955f4df08b02c73b55f389fe>:0 
Exception registering TacticalGroups.PawnGroup  - 0 in loaded object directory with unique load ID TacticalGroups.PawnGroup6: System.ArgumentException: An item with the same key has already been added. Key: TacticalGroups.PawnGroup6
[Ref CC152DD4] Duplicate stacktrace, see ref for original
Could not resolve reference to object with loadID Lord_1982 of type Verse.AI.Group.Lord. Was it compressed away, destroyed, had no ID number, or not saved/loaded right? curParent=VEF.Storyteller.RaidGroup curPathRelToParent=/lords
CustomizeAnimals: 'EggSpew' uses 'EggSpew' but ability does not require training to be usable
CustomizeAnimals: 'SludgeSpew' uses 'SludgeSpew' but ability does not require training to be usable
CustomizeAnimals: 'VEF_ControlledBlinking' uses 'VEF_ControlledBlinking' but ability does not require training to be usable
CustomizeAnimals: 'VEF_ControlledDetonation' uses 'VEF_ControlledDetonation' but ability does not require training to be usable
CustomizeAnimals: 'VEF_ControlledInvisibility' uses 'VEF_ControlledInvisibility' but ability does not require training to be usable
[Yayo's Animation] GC : animation data count [515 -> 0]
Unloading 0 Unused Serialized files (Serialized files now loaded: 8)
Unloading 11 unused Assets to reduce memory usage. Loaded Objects now: 63743.
Total: 714.741000 ms (FindLiveObjects: 3.725900 ms CreateObjectMapping: 3.663100 ms MarkObjects: 707.204200 ms  DeleteObjects: 0.147400 ms)

Tran started 10 jobs in one tick. newJob=HaulToCell (Job_67671809) A = Thing_WoolMuffalo8542641 B = (106, 0, 116) jobGiver=RimWorld.JobGiver_Work jobList=
Dougherty started 10 jobs in one tick. newJob=Train (Job_67679717) A = Thing_AlphaThrumbo3937365 jobGiver=RimWorld.JobGiver_Work jobList=
Dougherty started 10 jobs in one tick. newJob=Train (Job_67689460) A = Thing_Megasloth7376482 jobGiver=RimWorld.JobGiver_Work jobList=
Dougherty started 10 jobs in one tick. newJob=Train (Job_67691484) A = Thing_AlphaThrumbo7197147 jobGiver=RimWorld.JobGiver_Work jobList=
Dougherty started 10 jobs in one tick. newJob=Train (Job_67694058) A = Thing_Megasloth5995684 jobGiver=RimWorld.JobGiver_Work jobList=
Event.Use() should not be called for events of type Layout
Dougherty started 10 jobs in one tick. newJob=Train (Job_67697133) A = Thing_AlphaThrumbo7537487 jobGiver=RimWorld.JobGiver_Work jobList=
SearchAndDestroy_Gizmo_Melee toggle
SearchAndDestroy_Gizmo_Melee toggle
SearchAndDestroy_Gizmo_Melee toggle
SearchAndDestroy_Gizmo_Melee toggle
SearchAndDestroy_Gizmo_Melee toggle
SearchAndDestroy_Gizmo_Melee toggle
SearchAndDestroy_Gizmo_Melee toggle
SearchAndDestroy_Gizmo_Melee toggle
SearchAndDestroy_Gizmo_Melee toggle
Event.Use() should not be called for events of type Layout
SearchAndDestroy_Gizmo_Melee toggle
SearchAndDestroy_Gizmo_Melee toggle
SearchAndDestroy_Gizmo_Melee toggle
SearchAndDestroy_Gizmo_Melee toggle
SearchAndDestroy_Gizmo_Melee toggle
SearchAndDestroy_Gizmo_Melee toggle
SearchAndDestroy_Gizmo_Melee toggle
SearchAndDestroy_Gizmo_Melee toggle
SearchAndDestroy_Gizmo_Melee toggle
SearchAndDestroy_Gizmo_Melee toggle
SearchAndDestroy_Gizmo_Melee toggle
SearchAndDestroy_Gizmo_Melee toggle
Soyuz caught this error. Please don't report this to the RocketMan team unless you're certain RocketMan caused this error. with error System.NullReferenceException: Object reference not set to an instance of an object
[Ref 52F7AAA3]
  at Verse.GridsUtility.GetEdifice (Verse.IntVec3 c, Verse.Map map) [0x00000] in <24d25868955f4df08b02c73b55f389fe>:0 
  at Verse.AI.Pawn_PathFollower.BuildingBlockingNextPathCell () [0x00030] in <24d25868955f4df08b02c73b55f389fe>:0 
    - PREFIX OskarPotocki.VEF: Boolean VEF.Hediffs.PhasingPatches:NoBuildingBlocking(Building& __result, Pawn ___pawn)
  at Verse.AI.Pawn_PathFollower.TryEnterNextPathCell () [0x00000] in <24d25868955f4df08b02c73b55f389fe>:0 
    - POSTFIX OskarPotocki.VEF: Void VEF.Hediffs.PhasingPatches:UnfogEnteredCells(Pawn_PathFollower __instance, Pawn ___pawn)
  at Soyuz.Patches.Pawn_PathFollower_Patch+Pawn_PathFollower_PatherTick.Postfix (Verse.AI.Pawn_PathFollower __instance) [0x00014] in <3034aaaaa4ad436481584dde1b843a5c>:0 
  at Verse.AI.Pawn_PathFollower.PatherTick () [0x0059a] in <24d25868955f4df08b02c73b55f389fe>:0 
    - PREFIX Krkr.RocketMan.Soyuz: Void Soyuz.Patches.Pawn_PathFollower_Patch+Pawn_PathFollower_PatherTick:Prefix(Pawn_PathFollower __instance)
    - POSTFIX Krkr.RocketMan.Soyuz: Void Soyuz.Patches.Pawn_PathFollower_Patch+Pawn_PathFollower_PatherTick:Postfix(Pawn_PathFollower __instance)
    - FINALIZER Krkr.RocketMan.Soyuz: Void Soyuz.Patches.Pawn_PathFollower_Patch+Pawn_PathFollower_PatherTick:Finalizer(Exception __exception)
  at Verse.Pawn.Tick () [0x000a9] in <24d25868955f4df08b02c73b55f389fe>:0 
    - TRANSPILER Krkr.RocketMan.Soyuz: IEnumerable`1 Soyuz.Patches.Pawn_Tick_Patch:Transpiler(IEnumerable`1 instructions, ILGenerator generator)
    - POSTFIX Mlie.MarkThatPawn: Void MarkThatPawn.Harmony.Pawn_Tick:Postfix(Pawn __instance)
    - FINALIZER Krkr.RocketMan.Soyuz: Void Soyuz.Patches.Pawn_Tick_Patch:Finalizer(Pawn __instance, Exception __exception)
Exception ticking Ibex8166797. Suppressing further errors. Exception: System.NullReferenceException: Object reference not set to an instance of an object
[Ref 1A60B8BD]
  at Verse.GridsUtility.GetEdifice (Verse.IntVec3 c, Verse.Map map) [0x00000] in <24d25868955f4df08b02c73b55f389fe>:0 
  at Verse.AI.Pawn_PathFollower.BuildingBlockingNextPathCell () [0x00030] in <24d25868955f4df08b02c73b55f389fe>:0 
    - PREFIX OskarPotocki.VEF: Boolean VEF.Hediffs.PhasingPatches:NoBuildingBlocking(Building& __result, Pawn ___pawn)
  at Verse.AI.Pawn_PathFollower.TryEnterNextPathCell () [0x00000] in <24d25868955f4df08b02c73b55f389fe>:0 
    - POSTFIX OskarPotocki.VEF: Void VEF.Hediffs.PhasingPatches:UnfogEnteredCells(Pawn_PathFollower __instance, Pawn ___pawn)
  at Soyuz.Patches.Pawn_PathFollower_Patch+Pawn_PathFollower_PatherTick.Postfix (Verse.AI.Pawn_PathFollower __instance) [0x00014] in <3034aaaaa4ad436481584dde1b843a5c>:0 
  at Verse.AI.Pawn_PathFollower.PatherTick () [0x0059a] in <24d25868955f4df08b02c73b55f389fe>:0 
    - PREFIX Krkr.RocketMan.Soyuz: Void Soyuz.Patches.Pawn_PathFollower_Patch+Pawn_PathFollower_PatherTick:Prefix(Pawn_PathFollower __instance)
    - POSTFIX Krkr.RocketMan.Soyuz: Void Soyuz.Patches.Pawn_PathFollower_Patch+Pawn_PathFollower_PatherTick:Postfix(Pawn_PathFollower __instance)
    - FINALIZER Krkr.RocketMan.Soyuz: Void Soyuz.Patches.Pawn_PathFollower_Patch+Pawn_PathFollower_PatherTick:Finalizer(Exception __exception)
  at Verse.Pawn.Tick () [0x003e8] in <24d25868955f4df08b02c73b55f389fe>:0 
    - TRANSPILER Krkr.RocketMan.Soyuz: IEnumerable`1 Soyuz.Patches.Pawn_Tick_Patch:Transpiler(IEnumerable`1 instructions, ILGenerator generator)
    - POSTFIX Mlie.MarkThatPawn: Void MarkThatPawn.Harmony.Pawn_Tick:Postfix(Pawn __instance)
    - FINALIZER Krkr.RocketMan.Soyuz: Void Soyuz.Patches.Pawn_Tick_Patch:Finalizer(Pawn __instance, Exception __exception)
  at Verse.Thing.DoTick () [0x0007b] in <24d25868955f4df08b02c73b55f389fe>:0 
  at Verse.TickList.Tick () [0x00139] in <24d25868955f4df08b02c73b55f389fe>:0 
Cannot find rules for pawn symbol PAWN.
Cannot find rules for pawn symbol PAWN.
Event.Use() should not be called for events of type Layout
[Yayo's Animation] GC : animation data count [663 -> 468]
Event.Use() should not be called for events of type Layout
Бартас started 10 jobs in one tick. newJob=Train (Job_67835013) A = Thing_Megasloth7376482 jobGiver=RimWorld.JobGiver_Work jobList=
Бартас started 10 jobs in one tick. newJob=Train (Job_67899485) A = Thing_Thrumbo3402321 jobGiver=RimWorld.JobGiver_Work jobList=
Could not resolve symbol "PAWN_gender ? увидел : увидела" for string "{PAWN_gender ? увидел : увидела} химеру".
Unloading 1 Unused Serialized files (Serialized files now loaded: 8)
Unloading 52 unused Assets to reduce memory usage. Loaded Objects now: 67149.
Total: 801.690100 ms (FindLiveObjects: 4.290400 ms CreateObjectMapping: 4.315600 ms MarkObjects: 792.857000 ms  DeleteObjects: 0.226800 ms)

[Yayo's Animation] GC : animation data count [641 -> 355]
Soyuz caught this error. Please don't report this to the RocketMan team unless you're certain RocketMan caused this error. with error System.NullReferenceException: Object reference not set to an instance of an object
[Ref 52F7AAA3]
  at Verse.GridsUtility.GetEdifice (Verse.IntVec3 c, Verse.Map map) [0x00000] in <24d25868955f4df08b02c73b55f389fe>:0 
  at Verse.AI.Pawn_PathFollower.BuildingBlockingNextPathCell () [0x00030] in <24d25868955f4df08b02c73b55f389fe>:0 
    - PREFIX OskarPotocki.VEF: Boolean VEF.Hediffs.PhasingPatches:NoBuildingBlocking(Building& __result, Pawn ___pawn)
  at Verse.AI.Pawn_PathFollower.TryEnterNextPathCell () [0x00000] in <24d25868955f4df08b02c73b55f389fe>:0 
    - POSTFIX OskarPotocki.VEF: Void VEF.Hediffs.PhasingPatches:UnfogEnteredCells(Pawn_PathFollower __instance, Pawn ___pawn)
  at Soyuz.Patches.Pawn_PathFollower_Patch+Pawn_PathFollower_PatherTick.Postfix (Verse.AI.Pawn_PathFollower __instance) [0x00014] in <3034aaaaa4ad436481584dde1b843a5c>:0 
  at Verse.AI.Pawn_PathFollower.PatherTick () [0x0059a] in <24d25868955f4df08b02c73b55f389fe>:0 
    - PREFIX Krkr.RocketMan.Soyuz: Void Soyuz.Patches.Pawn_PathFollower_Patch+Pawn_PathFollower_PatherTick:Prefix(Pawn_PathFollower __instance)
    - POSTFIX Krkr.RocketMan.Soyuz: Void Soyuz.Patches.Pawn_PathFollower_Patch+Pawn_PathFollower_PatherTick:Postfix(Pawn_PathFollower __instance)
    - FINALIZER Krkr.RocketMan.Soyuz: Void Soyuz.Patches.Pawn_PathFollower_Patch+Pawn_PathFollower_PatherTick:Finalizer(Exception __exception)
  at Verse.Pawn.Tick () [0x000a9] in <24d25868955f4df08b02c73b55f389fe>:0 
    - TRANSPILER Krkr.RocketMan.Soyuz: IEnumerable`1 Soyuz.Patches.Pawn_Tick_Patch:Transpiler(IEnumerable`1 instructions, ILGenerator generator)
    - POSTFIX Mlie.MarkThatPawn: Void MarkThatPawn.Harmony.Pawn_Tick:Postfix(Pawn __instance)
    - FINALIZER Krkr.RocketMan.Soyuz: Void Soyuz.Patches.Pawn_Tick_Patch:Finalizer(Pawn __instance, Exception __exception)
Exception ticking Alpaca8035301. Suppressing further errors. Exception: System.NullReferenceException: Object reference not set to an instance of an object
[Ref 1A60B8BD]
  at Verse.GridsUtility.GetEdifice (Verse.IntVec3 c, Verse.Map map) [0x00000] in <24d25868955f4df08b02c73b55f389fe>:0 
  at Verse.AI.Pawn_PathFollower.BuildingBlockingNextPathCell () [0x00030] in <24d25868955f4df08b02c73b55f389fe>:0 
    - PREFIX OskarPotocki.VEF: Boolean VEF.Hediffs.PhasingPatches:NoBuildingBlocking(Building& __result, Pawn ___pawn)
  at Verse.AI.Pawn_PathFollower.TryEnterNextPathCell () [0x00000] in <24d25868955f4df08b02c73b55f389fe>:0 
    - POSTFIX OskarPotocki.VEF: Void VEF.Hediffs.PhasingPatches:UnfogEnteredCells(Pawn_PathFollower __instance, Pawn ___pawn)
  at Soyuz.Patches.Pawn_PathFollower_Patch+Pawn_PathFollower_PatherTick.Postfix (Verse.AI.Pawn_PathFollower __instance) [0x00014] in <3034aaaaa4ad436481584dde1b843a5c>:0 
  at Verse.AI.Pawn_PathFollower.PatherTick () [0x0059a] in <24d25868955f4df08b02c73b55f389fe>:0 
    - PREFIX Krkr.RocketMan.Soyuz: Void Soyuz.Patches.Pawn_PathFollower_Patch+Pawn_PathFollower_PatherTick:Prefix(Pawn_PathFollower __instance)
    - POSTFIX Krkr.RocketMan.Soyuz: Void Soyuz.Patches.Pawn_PathFollower_Patch+Pawn_PathFollower_PatherTick:Postfix(Pawn_PathFollower __instance)
    - FINALIZER Krkr.RocketMan.Soyuz: Void Soyuz.Patches.Pawn_PathFollower_Patch+Pawn_PathFollower_PatherTick:Finalizer(Exception __exception)
  at Verse.Pawn.Tick () [0x003e8] in <24d25868955f4df08b02c73b55f389fe>:0 
    - TRANSPILER Krkr.RocketMan.Soyuz: IEnumerable`1 Soyuz.Patches.Pawn_Tick_Patch:Transpiler(IEnumerable`1 instructions, ILGenerator generator)
    - POSTFIX Mlie.MarkThatPawn: Void MarkThatPawn.Harmony.Pawn_Tick:Postfix(Pawn __instance)
    - FINALIZER Krkr.RocketMan.Soyuz: Void Soyuz.Patches.Pawn_Tick_Patch:Finalizer(Pawn __instance, Exception __exception)
  at Verse.Thing.DoTick () [0x0007b] in <24d25868955f4df08b02c73b55f389fe>:0 
  at Verse.TickList.Tick () [0x00139] in <24d25868955f4df08b02c73b55f389fe>:0 
Dougherty started 10 jobs in one tick. newJob=Train (Job_67980681) A = Thing_AlphaThrumbo7848129 jobGiver=RimWorld.JobGiver_Work jobList=
Бартас started 10 jobs in one tick. newJob=Train (Job_67981660) A = Thing_Thrumbo3402321 jobGiver=RimWorld.JobGiver_Work jobList=
Dougherty started 10 jobs in one tick. newJob=Train (Job_68011705) A = Thing_AlphaThrumbo7363260 jobGiver=RimWorld.JobGiver_Work jobList=
Banks started 10 jobs in one tick. newJob=Train (Job_68027524) A = Thing_AlphaThrumbo6964769 jobGiver=RimWorld.JobGiver_Work jobList=
Dougherty started 10 jobs in one tick. newJob=Train (Job_68034477) A = Thing_AlphaThrumbo7179572 jobGiver=RimWorld.JobGiver_Work jobList=
Бартас started 10 jobs in one tick. newJob=Train (Job_68040228) A = Thing_Thrumbo3402321 jobGiver=RimWorld.JobGiver_Work jobList=
Banks started 10 jobs in one tick. newJob=Train (Job_68050889) A = Thing_Thrumbo3402321 jobGiver=RimWorld.JobGiver_Work jobList=
[Yayo's Animation] GC : animation data count [397 -> 362]
Dougherty started 10 jobs in one tick. newJob=Train (Job_68132072) A = Thing_AlphaThrumbo6968833 jobGiver=RimWorld.JobGiver_Work jobList=
Dougherty started 10 jobs in one tick. newJob=Train (Job_68146322) A = Thing_Megasloth7629519 jobGiver=RimWorld.JobGiver_Work jobList=
Dougherty started 10 jobs in one tick. newJob=Train (Job_68166542) A = Thing_Megasloth8374184 jobGiver=RimWorld.JobGiver_Work jobList=
Dougherty started 10 jobs in one tick. newJob=Train (Job_68168004) A = Thing_AlphaThrumbo8385017 jobGiver=RimWorld.JobGiver_Work jobList=
Бартас started 10 jobs in one tick. newJob=Train (Job_68191387) A = Thing_Thrumbo8290285 jobGiver=RimWorld.JobGiver_Work jobList=
Banks started 10 jobs in one tick. newJob=Train (Job_68191465) A = Thing_AlphaThrumbo7848129 jobGiver=RimWorld.JobGiver_Work jobList=
[Yayo's Animation] GC : animation data count [383 -> 363]
Dougherty started 10 jobs in one tick. newJob=Train (Job_68226069) A = Thing_AlphaThrumbo6968833 jobGiver=RimWorld.JobGiver_Work jobList=
[Yayo's Animation] GC : animation data count [392 -> 372]
Trying to save reference to a discarded thing Веиз with saveDestroyedThings=true. This means that it's not deep-saved anywhere and is no longer managed by anything in the code, so saving its reference will always fail. , label=li
Trying to save reference to a discarded thing Веиз with saveDestroyedThings=true. This means that it's not deep-saved anywhere and is no longer managed by anything in the code, so saving its reference will always fail. , label=li
Unloading 1 Unused Serialized files (Serialized files now loaded: 8)
Unloading 498 unused Assets to reduce memory usage. Loaded Objects now: 58889.
Total: 749.688300 ms (FindLiveObjects: 3.885300 ms CreateObjectMapping: 3.341300 ms MarkObjects: 741.538700 ms  DeleteObjects: 0.922700 ms)

Unloading 2 Unused Serialized files (Serialized files now loaded: 8)
[PhysX] Initialized MultithreadedTaskDispatcher with 24 workers.
UnloadTime: 1.332900 ms
Unloading 21 unused Assets to reduce memory usage. Loaded Objects now: 55890.
Total: 783.088000 ms (FindLiveObjects: 2.889100 ms CreateObjectMapping: 2.596500 ms MarkObjects: 777.433500 ms  DeleteObjects: 0.168500 ms)

Loading game from file Адептус Механикус3333 with mods:
  - brrainz.harmony
  - Ludeon.RimWorld
  - Ludeon.RimWorld.Royalty
  - Ludeon.RimWorld.Ideology
  - Ludeon.RimWorld.Biotech
  - Ludeon.RimWorld.Anomaly
  - Ludeon.RimWorld.Odyssey
  - DerekBickley.LTOColonyGroupsFinal
  - LZWS.DerekBickley.LTOColonyGroupsFinal
  - UnlimitedHugs.HugsLib
  - com.yayo.yayoAni.continued
  - Sl4vP0weR.WeAreUnited
  - TimmyLiang.TradeHelper
  - Mlie.ShowMeYourHands
  - BP.ShowBuildableMaterialCount
  - OskarPotocki.VanillaFactionsExpanded.Core
  - MemeGoddess.SearchAndDestroy
  - Jaxe.RimHUD
  - kamikadza13.RimHUD
  - Memegoddess.ReplaceStuff
  - longwater.smartstockpilecreation
  - hatti.qualitybuilder
  - telardo.NumbersTraitAddOn
  - DawnsGlow.Numbers
  - Andromeda.NiceHealthTab
  - Andromeda.NiceHands
  - Mlie.MarkThatPawn
  - Supes.MapWideOrbitalTradeBeacon
  - Jaxe.Bubbles
  - S4.ImTryingToSaveYou
  - Orion.Hospitality
  - Inglix.FasterBiosculptingPod
  - Mlie.DurableClothes
  - dubwise.dubsmintminimap
  - Ganja.DropInventory
  - telardo.DragSelect
  - avilmask.CommonSense
  - brrainz.cameraplus
  - Inglix.ApparelTaintedOnCorpseRot
  - UnlimitedHugs.AllowTool
  - brrainz.achtung
  - FrozenSnowFox.FilthVanishesWithRainAndTime
  - SClarke.GroundTargeter1.6temp
  - Dubwise.DubsMintMenus
  - KipsMods.AdjustableAbilityCooldowns
  - erdelf.MinifyEverything
  - microus.creepjoinersromance
  - Shipdontnuketile.Sentinel
  - Syrus.CustomizeAnimals
  - Mlie.PrisonCommons
  - Taranchuk.PerformanceOptimizer
  - dmitry6.RusPerformanceOptimizer
  - VanillaExpanded.VWE
  - Krkr.RocketMan
  - Mlie.SinglePlantTexturePatch
  - avilmask.PsychicHarmonizerLagFix (incompatible version)
QualityBuilder added property to '0' things
Exception registering RimWorld.Precept_GravshipLaunch RimWorld.Precept_GravshipLaunch in loaded object directory with unique load ID Precept_1024: System.ArgumentException: An item with the same key has already been added. Key: Precept_1024
[Ref CC152DD4]
 [0x00006] in <51fded79cd284d4d911c5949aff4cb21>:0 
  at System.Collections.Generic.Dictionary`2[TKey,TValue].TryInsert (TKey key, TValue value, System.Collections.Generic.InsertionBehavior behavior) [0x0015a] in <51fded79cd284d4d911c5949aff4cb21>:0 
  at System.Collections.Generic.Dictionary`2[TKey,TValue].Add (TKey key, TValue value) [0x00000] in <51fded79cd284d4d911c5949aff4cb21>:0 
  at Verse.LoadedObjectDirectory.RegisterLoaded (Verse.ILoadReferenceable reffable) [0x000da] in <24d25868955f4df08b02c73b55f389fe>:0 
Exception registering TacticalGroups.PawnGroup  - 0 in loaded object directory with unique load ID TacticalGroups.PawnGroup6: System.ArgumentException: An item with the same key has already been added. Key: TacticalGroups.PawnGroup6
[Ref CC152DD4] Duplicate stacktrace, see ref for original
Could not resolve reference to object with loadID Thing_Human8589381 of type Verse.Pawn. Was it compressed away, destroyed, had no ID number, or not saved/loaded right? curParent=RimWorld.DirectPawnRelation curPathRelToParent=
Could not resolve reference to object with loadID Lord_1984 of type Verse.AI.Group.Lord. Was it compressed away, destroyed, had no ID number, or not saved/loaded right? curParent=Зедозвозз curPathRelToParent=
Could not resolve reference to object with loadID Lord_1984 of type Verse.AI.Group.Lord. Was it compressed away, destroyed, had no ID number, or not saved/loaded right? curParent=Реджеов curPathRelToParent=
Could not resolve reference to object with loadID Lord_1984 of type Verse.AI.Group.Lord. Was it compressed away, destroyed, had no ID number, or not saved/loaded right? curParent=Хазизз curPathRelToParent=
Could not resolve reference to object with loadID Lord_1984 of type Verse.AI.Group.Lord. Was it compressed away, destroyed, had no ID number, or not saved/loaded right? curParent=Куново curPathRelToParent=
Could not resolve reference to object with loadID Lord_1984 of type Verse.AI.Group.Lord. Was it compressed away, destroyed, had no ID number, or not saved/loaded right? curParent=Лц curPathRelToParent=
Could not resolve reference to object with loadID Lord_1984 of type Verse.AI.Group.Lord. Was it compressed away, destroyed, had no ID number, or not saved/loaded right? curParent=Сецхазов curPathRelToParent=
Could not resolve reference to object with loadID Lord_1984 of type Verse.AI.Group.Lord. Was it compressed away, destroyed, had no ID number, or not saved/loaded right? curParent=Вухахокс curPathRelToParent=
Could not resolve reference to object with loadID Lord_1984 of type Verse.AI.Group.Lord. Was it compressed away, destroyed, had no ID number, or not saved/loaded right? curParent=Суров curPathRelToParent=
Pawn Cabrera has relation "ExLover" with null pawn after loading. This means that we forgot to serialize pawns somewhere (e.g. pawns from passing trade ships).
CustomizeAnimals: 'EggSpew' uses 'EggSpew' but ability does not require training to be usable
CustomizeAnimals: 'SludgeSpew' uses 'SludgeSpew' but ability does not require training to be usable
CustomizeAnimals: 'VEF_ControlledBlinking' uses 'VEF_ControlledBlinking' but ability does not require training to be usable
CustomizeAnimals: 'VEF_ControlledDetonation' uses 'VEF_ControlledDetonation' but ability does not require training to be usable
CustomizeAnimals: 'VEF_ControlledInvisibility' uses 'VEF_ControlledInvisibility' but ability does not require training to be usable
[Yayo's Animation] GC : animation data count [382 -> 0]
Unloading 0 Unused Serialized files (Serialized files now loaded: 8)
Unloading 11 unused Assets to reduce memory usage. Loaded Objects now: 64451.
Total: 892.102400 ms (FindLiveObjects: 3.288900 ms CreateObjectMapping: 3.497000 ms MarkObjects: 885.173800 ms  DeleteObjects: 0.142500 ms)

Unloading 1 Unused Serialized files (Serialized files now loaded: 8)
Unloading 33 unused Assets to reduce memory usage. Loaded Objects now: 56518.
Total: 880.837200 ms (FindLiveObjects: 2.973300 ms CreateObjectMapping: 2.652100 ms MarkObjects: 875.051000 ms  DeleteObjects: 0.160600 ms)

Unloading 2 Unused Serialized files (Serialized files now loaded: 8)
[PhysX] Initialized MultithreadedTaskDispatcher with 24 workers.
UnloadTime: 1.180100 ms
Unloading 6 unused Assets to reduce memory usage. Loaded Objects now: 56001.
Total: 750.499200 ms (FindLiveObjects: 2.944600 ms CreateObjectMapping: 2.643700 ms MarkObjects: 744.762600 ms  DeleteObjects: 0.147900 ms)

Loading game from file Адептус Механикус3333 with mods:
  - brrainz.harmony
  - Ludeon.RimWorld
  - Ludeon.RimWorld.Royalty
  - Ludeon.RimWorld.Ideology
  - Ludeon.RimWorld.Biotech
  - Ludeon.RimWorld.Anomaly
  - Ludeon.RimWorld.Odyssey
  - DerekBickley.LTOColonyGroupsFinal
  - LZWS.DerekBickley.LTOColonyGroupsFinal
  - UnlimitedHugs.HugsLib
  - com.yayo.yayoAni.continued
  - Sl4vP0weR.WeAreUnited
  - TimmyLiang.TradeHelper
  - Mlie.ShowMeYourHands
  - BP.ShowBuildableMaterialCount
  - OskarPotocki.VanillaFactionsExpanded.Core
  - MemeGoddess.SearchAndDestroy
  - Jaxe.RimHUD
  - kamikadza13.RimHUD
  - Memegoddess.ReplaceStuff
  - longwater.smartstockpilecreation
  - hatti.qualitybuilder
  - telardo.NumbersTraitAddOn
  - DawnsGlow.Numbers
  - Andromeda.NiceHealthTab
  - Andromeda.NiceHands
  - Mlie.MarkThatPawn
  - Supes.MapWideOrbitalTradeBeacon
  - Jaxe.Bubbles
  - S4.ImTryingToSaveYou
  - Orion.Hospitality
  - Inglix.FasterBiosculptingPod
  - Mlie.DurableClothes
  - dubwise.dubsmintminimap
  - Ganja.DropInventory
  - telardo.DragSelect
  - avilmask.CommonSense
  - brrainz.cameraplus
  - Inglix.ApparelTaintedOnCorpseRot
  - UnlimitedHugs.AllowTool
  - brrainz.achtung
  - FrozenSnowFox.FilthVanishesWithRainAndTime
  - SClarke.GroundTargeter1.6temp
  - Dubwise.DubsMintMenus
  - KipsMods.AdjustableAbilityCooldowns
  - erdelf.MinifyEverything
  - microus.creepjoinersromance
  - Shipdontnuketile.Sentinel
  - Syrus.CustomizeAnimals
  - Mlie.PrisonCommons
  - Taranchuk.PerformanceOptimizer
  - dmitry6.RusPerformanceOptimizer
  - VanillaExpanded.VWE
  - Krkr.RocketMan
  - Mlie.SinglePlantTexturePatch
  - avilmask.PsychicHarmonizerLagFix (incompatible version)
QualityBuilder added property to '0' things
Exception registering RimWorld.Precept_GravshipLaunch RimWorld.Precept_GravshipLaunch in loaded object directory with unique load ID Precept_1024: System.ArgumentException: An item with the same key has already been added. Key: Precept_1024
[Ref CC152DD4]
 [0x00006] in <51fded79cd284d4d911c5949aff4cb21>:0 
  at System.Collections.Generic.Dictionary`2[TKey,TValue].TryInsert (TKey key, TValue value, System.Collections.Generic.InsertionBehavior behavior) [0x0015a] in <51fded79cd284d4d911c5949aff4cb21>:0 
  at System.Collections.Generic.Dictionary`2[TKey,TValue].Add (TKey key, TValue value) [0x00000] in <51fded79cd284d4d911c5949aff4cb21>:0 
  at Verse.LoadedObjectDirectory.RegisterLoaded (Verse.ILoadReferenceable reffable) [0x000da] in <24d25868955f4df08b02c73b55f389fe>:0 
Exception registering TacticalGroups.PawnGroup  - 0 in loaded object directory with unique load ID TacticalGroups.PawnGroup6: System.ArgumentException: An item with the same key has already been added. Key: TacticalGroups.PawnGroup6
[Ref CC152DD4] Duplicate stacktrace, see ref for original
Could not resolve reference to object with loadID Thing_Human8589381 of type Verse.Pawn. Was it compressed away, destroyed, had no ID number, or not saved/loaded right? curParent=RimWorld.DirectPawnRelation curPathRelToParent=
Could not resolve reference to object with loadID Lord_1984 of type Verse.AI.Group.Lord. Was it compressed away, destroyed, had no ID number, or not saved/loaded right? curParent=Зедозвозз curPathRelToParent=
Could not resolve reference to object with loadID Lord_1984 of type Verse.AI.Group.Lord. Was it compressed away, destroyed, had no ID number, or not saved/loaded right? curParent=Реджеов curPathRelToParent=
Could not resolve reference to object with loadID Lord_1984 of type Verse.AI.Group.Lord. Was it compressed away, destroyed, had no ID number, or not saved/loaded right? curParent=Хазизз curPathRelToParent=
Could not resolve reference to object with loadID Lord_1984 of type Verse.AI.Group.Lord. Was it compressed away, destroyed, had no ID number, or not saved/loaded right? curParent=Куново curPathRelToParent=
Could not resolve reference to object with loadID Lord_1984 of type Verse.AI.Group.Lord. Was it compressed away, destroyed, had no ID number, or not saved/loaded right? curParent=Лц curPathRelToParent=
Could not resolve reference to object with loadID Lord_1984 of type Verse.AI.Group.Lord. Was it compressed away, destroyed, had no ID number, or not saved/loaded right? curParent=Сецхазов curPathRelToParent=
Could not resolve reference to object with loadID Lord_1984 of type Verse.AI.Group.Lord. Was it compressed away, destroyed, had no ID number, or not saved/loaded right? curParent=Вухахокс curPathRelToParent=
Could not resolve reference to object with loadID Lord_1984 of type Verse.AI.Group.Lord. Was it compressed away, destroyed, had no ID number, or not saved/loaded right? curParent=Суров curPathRelToParent=
Pawn Cabrera has relation "ExLover" with null pawn after loading. This means that we forgot to serialize pawns somewhere (e.g. pawns from passing trade ships).
CustomizeAnimals: 'EggSpew' uses 'EggSpew' but ability does not require training to be usable
CustomizeAnimals: 'SludgeSpew' uses 'SludgeSpew' but ability does not require training to be usable
CustomizeAnimals: 'VEF_ControlledBlinking' uses 'VEF_ControlledBlinking' but ability does not require training to be usable
CustomizeAnimals: 'VEF_ControlledDetonation' uses 'VEF_ControlledDetonation' but ability does not require training to be usable
CustomizeAnimals: 'VEF_ControlledInvisibility' uses 'VEF_ControlledInvisibility' but ability does not require training to be usable
[Yayo's Animation] GC : animation data count [377 -> 0]
Unloading 0 Unused Serialized files (Serialized files now loaded: 8)
Unloading 11 unused Assets to reduce memory usage. Loaded Objects now: 64536.
Total: 992.782800 ms (FindLiveObjects: 3.714100 ms CreateObjectMapping: 3.611400 ms MarkObjects: 985.315600 ms  DeleteObjects: 0.141500 ms)

Unloading 1 Unused Serialized files (Serialized files now loaded: 8)
Unloading 31 unused Assets to reduce memory usage. Loaded Objects now: 56623.
Total: 858.620800 ms (FindLiveObjects: 3.231700 ms CreateObjectMapping: 2.626000 ms MarkObjects: 852.602000 ms  DeleteObjects: 0.160900 ms)

Unloading 2 Unused Serialized files (Serialized files now loaded: 8)
[PhysX] Initialized MultithreadedTaskDispatcher with 24 workers.
UnloadTime: 1.238200 ms
Unloading 6 unused Assets to reduce memory usage. Loaded Objects now: 56088.
Total: 761.693900 ms (FindLiveObjects: 2.897400 ms CreateObjectMapping: 2.670600 ms MarkObjects: 755.995100 ms  DeleteObjects: 0.130600 ms)

Loading game from file Адептус Механикус4444 with mods:
  - brrainz.harmony
  - Ludeon.RimWorld
  - Ludeon.RimWorld.Royalty
  - Ludeon.RimWorld.Ideology
  - Ludeon.RimWorld.Biotech
  - Ludeon.RimWorld.Anomaly
  - Ludeon.RimWorld.Odyssey
  - DerekBickley.LTOColonyGroupsFinal
  - LZWS.DerekBickley.LTOColonyGroupsFinal
  - UnlimitedHugs.HugsLib
  - com.yayo.yayoAni.continued
  - Sl4vP0weR.WeAreUnited
  - TimmyLiang.TradeHelper
  - Mlie.ShowMeYourHands
  - BP.ShowBuildableMaterialCount
  - OskarPotocki.VanillaFactionsExpanded.Core
  - MemeGoddess.SearchAndDestroy
  - Jaxe.RimHUD
  - kamikadza13.RimHUD
  - Memegoddess.ReplaceStuff
  - longwater.smartstockpilecreation
  - hatti.qualitybuilder
  - telardo.NumbersTraitAddOn
  - DawnsGlow.Numbers
  - Andromeda.NiceHealthTab
  - Andromeda.NiceHands
  - Mlie.MarkThatPawn
  - Supes.MapWideOrbitalTradeBeacon
  - Jaxe.Bubbles
  - S4.ImTryingToSaveYou
  - Orion.Hospitality
  - Inglix.FasterBiosculptingPod
  - Mlie.DurableClothes
  - dubwise.dubsmintminimap
  - Ganja.DropInventory
  - telardo.DragSelect
  - avilmask.CommonSense
  - brrainz.cameraplus
  - Inglix.ApparelTaintedOnCorpseRot
  - UnlimitedHugs.AllowTool
  - brrainz.achtung
  - FrozenSnowFox.FilthVanishesWithRainAndTime
  - SClarke.GroundTargeter1.6temp
  - Dubwise.DubsMintMenus
  - KipsMods.AdjustableAbilityCooldowns
  - erdelf.MinifyEverything
  - microus.creepjoinersromance
  - Shipdontnuketile.Sentinel
  - Syrus.CustomizeAnimals
  - Mlie.PrisonCommons
  - Taranchuk.PerformanceOptimizer
  - dmitry6.RusPerformanceOptimizer
  - VanillaExpanded.VWE
  - Krkr.RocketMan
  - Mlie.SinglePlantTexturePatch
  - avilmask.PsychicHarmonizerLagFix (incompatible version)
QualityBuilder added property to '0' things
Exception registering RimWorld.Precept_GravshipLaunch RimWorld.Precept_GravshipLaunch in loaded object directory with unique load ID Precept_1024: System.ArgumentException: An item with the same key has already been added. Key: Precept_1024
[Ref CC152DD4]
 [0x00006] in <51fded79cd284d4d911c5949aff4cb21>:0 
  at System.Collections.Generic.Dictionary`2[TKey,TValue].TryInsert (TKey key, TValue value, System.Collections.Generic.InsertionBehavior behavior) [0x0015a] in <51fded79cd284d4d911c5949aff4cb21>:0 
  at System.Collections.Generic.Dictionary`2[TKey,TValue].Add (TKey key, TValue value) [0x00000] in <51fded79cd284d4d911c5949aff4cb21>:0 
  at Verse.LoadedObjectDirectory.RegisterLoaded (Verse.ILoadReferenceable reffable) [0x000da] in <24d25868955f4df08b02c73b55f389fe>:0 
Exception registering TacticalGroups.PawnGroup  - 0 in loaded object directory with unique load ID TacticalGroups.PawnGroup6: System.ArgumentException: An item with the same key has already been added. Key: TacticalGroups.PawnGroup6
[Ref CC152DD4] Duplicate stacktrace, see ref for original
CustomizeAnimals: 'EggSpew' uses 'EggSpew' but ability does not require training to be usable
CustomizeAnimals: 'SludgeSpew' uses 'SludgeSpew' but ability does not require training to be usable
CustomizeAnimals: 'VEF_ControlledBlinking' uses 'VEF_ControlledBlinking' but ability does not require training to be usable
CustomizeAnimals: 'VEF_ControlledDetonation' uses 'VEF_ControlledDetonation' but ability does not require training to be usable
CustomizeAnimals: 'VEF_ControlledInvisibility' uses 'VEF_ControlledInvisibility' but ability does not require training to be usable
[Yayo's Animation] GC : animation data count [377 -> 0]
Unloading 0 Unused Serialized files (Serialized files now loaded: 8)
Unloading 11 unused Assets to reduce memory usage. Loaded Objects now: 64672.
Total: 1038.651000 ms (FindLiveObjects: 3.643700 ms CreateObjectMapping: 3.594700 ms MarkObjects: 1031.272400 ms  DeleteObjects: 0.139900 ms)

Unloading 1 Unused Serialized files (Serialized files now loaded: 8)
Unloading 30 unused Assets to reduce memory usage. Loaded Objects now: 56809.
Total: 1014.667900 ms (FindLiveObjects: 3.015800 ms CreateObjectMapping: 2.591600 ms MarkObjects: 1008.902400 ms  DeleteObjects: 0.157500 ms)

Unloading 2 Unused Serialized files (Serialized files now loaded: 8)
[PhysX] Initialized MultithreadedTaskDispatcher with 24 workers.
UnloadTime: 1.252800 ms
Unloading 7 unused Assets to reduce memory usage. Loaded Objects now: 56238.
Total: 826.760700 ms (FindLiveObjects: 2.960800 ms CreateObjectMapping: 2.680900 ms MarkObjects: 820.986700 ms  DeleteObjects: 0.132100 ms)

Loading game from file Адептус Механикус4444 with mods:
  - brrainz.harmony
  - Ludeon.RimWorld
  - Ludeon.RimWorld.Royalty
  - Ludeon.RimWorld.Ideology
  - Ludeon.RimWorld.Biotech
  - Ludeon.RimWorld.Anomaly
  - Ludeon.RimWorld.Odyssey
  - DerekBickley.LTOColonyGroupsFinal
  - LZWS.DerekBickley.LTOColonyGroupsFinal
  - UnlimitedHugs.HugsLib
  - com.yayo.yayoAni.continued
  - Sl4vP0weR.WeAreUnited
  - TimmyLiang.TradeHelper
  - Mlie.ShowMeYourHands
  - BP.ShowBuildableMaterialCount
  - OskarPotocki.VanillaFactionsExpanded.Core
  - MemeGoddess.SearchAndDestroy
  - Jaxe.RimHUD
  - kamikadza13.RimHUD
  - Memegoddess.ReplaceStuff
  - longwater.smartstockpilecreation
  - hatti.qualitybuilder
  - telardo.NumbersTraitAddOn
  - DawnsGlow.Numbers
  - Andromeda.NiceHealthTab
  - Andromeda.NiceHands
  - Mlie.MarkThatPawn
  - Supes.MapWideOrbitalTradeBeacon
  - Jaxe.Bubbles
  - S4.ImTryingToSaveYou
  - Orion.Hospitality
  - Inglix.FasterBiosculptingPod
  - Mlie.DurableClothes
  - dubwise.dubsmintminimap
  - Ganja.DropInventory
  - telardo.DragSelect
  - avilmask.CommonSense
  - brrainz.cameraplus
  - Inglix.ApparelTaintedOnCorpseRot
  - UnlimitedHugs.AllowTool
  - brrainz.achtung
  - FrozenSnowFox.FilthVanishesWithRainAndTime
  - SClarke.GroundTargeter1.6temp
  - Dubwise.DubsMintMenus
  - KipsMods.AdjustableAbilityCooldowns
  - erdelf.MinifyEverything
  - microus.creepjoinersromance
  - Shipdontnuketile.Sentinel
  - Syrus.CustomizeAnimals
  - Mlie.PrisonCommons
  - Taranchuk.PerformanceOptimizer
  - dmitry6.RusPerformanceOptimizer
  - VanillaExpanded.VWE
  - Krkr.RocketMan
  - Mlie.SinglePlantTexturePatch
  - avilmask.PsychicHarmonizerLagFix (incompatible version)
QualityBuilder added property to '0' things
Exception registering RimWorld.Precept_GravshipLaunch RimWorld.Precept_GravshipLaunch in loaded object directory with unique load ID Precept_1024: System.ArgumentException: An item with the same key has already been added. Key: Precept_1024
[Ref CC152DD4]
 [0x00006] in <51fded79cd284d4d911c5949aff4cb21>:0 
  at System.Collections.Generic.Dictionary`2[TKey,TValue].TryInsert (TKey key, TValue value, System.Collections.Generic.InsertionBehavior behavior) [0x0015a] in <51fded79cd284d4d911c5949aff4cb21>:0 
  at System.Collections.Generic.Dictionary`2[TKey,TValue].Add (TKey key, TValue value) [0x00000] in <51fded79cd284d4d911c5949aff4cb21>:0 
  at Verse.LoadedObjectDirectory.RegisterLoaded (Verse.ILoadReferenceable reffable) [0x000da] in <24d25868955f4df08b02c73b55f389fe>:0 
Exception registering TacticalGroups.PawnGroup  - 0 in loaded object directory with unique load ID TacticalGroups.PawnGroup6: System.ArgumentException: An item with the same key has already been added. Key: TacticalGroups.PawnGroup6
[Ref CC152DD4] Duplicate stacktrace, see ref for original
CustomizeAnimals: 'EggSpew' uses 'EggSpew' but ability does not require training to be usable
CustomizeAnimals: 'SludgeSpew' uses 'SludgeSpew' but ability does not require training to be usable
CustomizeAnimals: 'VEF_ControlledBlinking' uses 'VEF_ControlledBlinking' but ability does not require training to be usable
CustomizeAnimals: 'VEF_ControlledDetonation' uses 'VEF_ControlledDetonation' but ability does not require training to be usable
CustomizeAnimals: 'VEF_ControlledInvisibility' uses 'VEF_ControlledInvisibility' but ability does not require training to be usable
[Yayo's Animation] GC : animation data count [383 -> 0]
Unloading 0 Unused Serialized files (Serialized files now loaded: 8)
Unloading 11 unused Assets to reduce memory usage. Loaded Objects now: 64782.
Total: 1095.740700 ms (FindLiveObjects: 3.932700 ms CreateObjectMapping: 3.742000 ms MarkObjects: 1087.924200 ms  DeleteObjects: 0.141800 ms)

Event.Use() should not be called for events of type Layout
Unloading 2 Unused Serialized files (Serialized files now loaded: 8)
Unloading 41 unused Assets to reduce memory usage. Loaded Objects now: 56884.
Total: 1096.447800 ms (FindLiveObjects: 3.818600 ms CreateObjectMapping: 2.762700 ms MarkObjects: 1089.696400 ms  DeleteObjects: 0.169800 ms)

Unloading 2 Unused Serialized files (Serialized files now loaded: 8)
[PhysX] Initialized MultithreadedTaskDispatcher with 24 workers.
UnloadTime: 1.289400 ms
Unloading 6 unused Assets to reduce memory usage. Loaded Objects now: 56326.
Total: 1036.990800 ms (FindLiveObjects: 2.901600 ms CreateObjectMapping: 2.632300 ms MarkObjects: 1031.315300 ms  DeleteObjects: 0.141400 ms)

Loading game from file Адептус Механикус6666 with mods:
  - brrainz.harmony
  - Ludeon.RimWorld
  - Ludeon.RimWorld.Royalty
  - Ludeon.RimWorld.Ideology
  - Ludeon.RimWorld.Biotech
  - Ludeon.RimWorld.Anomaly
  - Ludeon.RimWorld.Odyssey
  - DerekBickley.LTOColonyGroupsFinal
  - LZWS.DerekBickley.LTOColonyGroupsFinal
  - UnlimitedHugs.HugsLib
  - com.yayo.yayoAni.continued
  - Sl4vP0weR.WeAreUnited
  - TimmyLiang.TradeHelper
  - Mlie.ShowMeYourHands
  - BP.ShowBuildableMaterialCount
  - OskarPotocki.VanillaFactionsExpanded.Core
  - MemeGoddess.SearchAndDestroy
  - Jaxe.RimHUD
  - kamikadza13.RimHUD
  - Memegoddess.ReplaceStuff
  - longwater.smartstockpilecreation
  - hatti.qualitybuilder
  - telardo.NumbersTraitAddOn
  - DawnsGlow.Numbers
  - Andromeda.NiceHealthTab
  - Andromeda.NiceHands
  - Mlie.MarkThatPawn
  - Supes.MapWideOrbitalTradeBeacon
  - Jaxe.Bubbles
  - S4.ImTryingToSaveYou
  - Orion.Hospitality
  - Inglix.FasterBiosculptingPod
  - Mlie.DurableClothes
  - dubwise.dubsmintminimap
  - Ganja.DropInventory
  - telardo.DragSelect
  - avilmask.CommonSense
  - brrainz.cameraplus
  - Inglix.ApparelTaintedOnCorpseRot
  - UnlimitedHugs.AllowTool
  - brrainz.achtung
  - FrozenSnowFox.FilthVanishesWithRainAndTime
  - SClarke.GroundTargeter1.6temp
  - Dubwise.DubsMintMenus
  - KipsMods.AdjustableAbilityCooldowns
  - erdelf.MinifyEverything
  - microus.creepjoinersromance
  - Shipdontnuketile.Sentinel
  - Syrus.CustomizeAnimals
  - Mlie.PrisonCommons
  - Taranchuk.PerformanceOptimizer
  - dmitry6.RusPerformanceOptimizer
  - VanillaExpanded.VWE
  - Krkr.RocketMan
  - Mlie.SinglePlantTexturePatch
  - avilmask.PsychicHarmonizerLagFix (incompatible version)
QualityBuilder added property to '0' things
Exception registering RimWorld.Precept_GravshipLaunch RimWorld.Precept_GravshipLaunch in loaded object directory with unique load ID Precept_1024: System.ArgumentException: An item with the same key has already been added. Key: Precept_1024
[Ref CC152DD4]
 [0x00006] in <51fded79cd284d4d911c5949aff4cb21>:0 
  at System.Collections.Generic.Dictionary`2[TKey,TValue].TryInsert (TKey key, TValue value, System.Collections.Generic.InsertionBehavior behavior) [0x0015a] in <51fded79cd284d4d911c5949aff4cb21>:0 
  at System.Collections.Generic.Dictionary`2[TKey,TValue].Add (TKey key, TValue value) [0x00000] in <51fded79cd284d4d911c5949aff4cb21>:0 
  at Verse.LoadedObjectDirectory.RegisterLoaded (Verse.ILoadReferenceable reffable) [0x000da] in <24d25868955f4df08b02c73b55f389fe>:0 
Exception registering TacticalGroups.PawnGroup  - 0 in loaded object directory with unique load ID TacticalGroups.PawnGroup6: System.ArgumentException: An item with the same key has already been added. Key: TacticalGroups.PawnGroup6
[Ref CC152DD4] Duplicate stacktrace, see ref for original
Could not resolve reference to object with loadID Lord_1993 of type Verse.AI.Group.Lord. Was it compressed away, destroyed, had no ID number, or not saved/loaded right? curParent=Толбабрин curPathRelToParent=
Could not resolve reference to object with loadID Lord_1993 of type Verse.AI.Group.Lord. Was it compressed away, destroyed, had no ID number, or not saved/loaded right? curParent=Tran curPathRelToParent=
Could not resolve reference to object with loadID Lord_1993 of type Verse.AI.Group.Lord. Was it compressed away, destroyed, had no ID number, or not saved/loaded right? curParent=Аллигатор curPathRelToParent=
Could not resolve reference to object with loadID Lord_1993 of type Verse.AI.Group.Lord. Was it compressed away, destroyed, had no ID number, or not saved/loaded right? curParent=Dougherty curPathRelToParent=
Could not resolve reference to object with loadID Lord_1993 of type Verse.AI.Group.Lord. Was it compressed away, destroyed, had no ID number, or not saved/loaded right? curParent=Alla curPathRelToParent=
Could not resolve reference to object with loadID Lord_1993 of type Verse.AI.Group.Lord. Was it compressed away, destroyed, had no ID number, or not saved/loaded right? curParent=Ryan curPathRelToParent=
Could not resolve reference to object with loadID Lord_1993 of type Verse.AI.Group.Lord. Was it compressed away, destroyed, had no ID number, or not saved/loaded right? curParent=Эстель curPathRelToParent=
Could not resolve reference to object with loadID Lord_1993 of type Verse.AI.Group.Lord. Was it compressed away, destroyed, had no ID number, or not saved/loaded right? curParent=Waldo curPathRelToParent=
Could not resolve reference to object with loadID Lord_1993 of type Verse.AI.Group.Lord. Was it compressed away, destroyed, had no ID number, or not saved/loaded right? curParent=Фосоп curPathRelToParent=
Could not resolve reference to object with loadID Lord_1993 of type Verse.AI.Group.Lord. Was it compressed away, destroyed, had no ID number, or not saved/loaded right? curParent=Сноу curPathRelToParent=
Could not resolve reference to object with loadID Lord_1993 of type Verse.AI.Group.Lord. Was it compressed away, destroyed, had no ID number, or not saved/loaded right? curParent=Губия curPathRelToParent=
Could not resolve reference to object with loadID Lord_1993 of type Verse.AI.Group.Lord. Was it compressed away, destroyed, had no ID number, or not saved/loaded right? curParent=Бартас curPathRelToParent=
Could not resolve reference to object with loadID Lord_1993 of type Verse.AI.Group.Lord. Was it compressed away, destroyed, had no ID number, or not saved/loaded right? curParent=Чайка curPathRelToParent=
Could not resolve reference to object with loadID Lord_1993 of type Verse.AI.Group.Lord. Was it compressed away, destroyed, had no ID number, or not saved/loaded right? curParent=Waugh curPathRelToParent=
Could not resolve reference to object with loadID Lord_1993 of type Verse.AI.Group.Lord. Was it compressed away, destroyed, had no ID number, or not saved/loaded right? curParent=Кахнав curPathRelToParent=
Could not resolve reference to object with loadID Lord_1993 of type Verse.AI.Group.Lord. Was it compressed away, destroyed, had no ID number, or not saved/loaded right? curParent=Джесс curPathRelToParent=
Could not resolve reference to object with loadID Lord_1993 of type Verse.AI.Group.Lord. Was it compressed away, destroyed, had no ID number, or not saved/loaded right? curParent=Меабиабру curPathRelToParent=
Could not resolve reference to object with loadID Lord_1993 of type Verse.AI.Group.Lord. Was it compressed away, destroyed, had no ID number, or not saved/loaded right? curParent=Габра curPathRelToParent=
Could not resolve reference to object with loadID Lord_1993 of type Verse.AI.Group.Lord. Was it compressed away, destroyed, had no ID number, or not saved/loaded right? curParent=Erys curPathRelToParent=
Could not resolve reference to object with loadID Lord_1993 of type Verse.AI.Group.Lord. Was it compressed away, destroyed, had no ID number, or not saved/loaded right? curParent=Мейси curPathRelToParent=
Could not resolve reference to object with loadID Lord_1993 of type Verse.AI.Group.Lord. Was it compressed away, destroyed, had no ID number, or not saved/loaded right? curParent=Ровозз curPathRelToParent=
Could not resolve reference to object with loadID Lord_1993 of type Verse.AI.Group.Lord. Was it compressed away, destroyed, had no ID number, or not saved/loaded right? curParent=Инеро curPathRelToParent=
Could not resolve reference to object with loadID Lord_1993 of type Verse.AI.Group.Lord. Was it compressed away, destroyed, had no ID number, or not saved/loaded right? curParent=Воробей curPathRelToParent=
Could not resolve reference to object with loadID Lord_1993 of type Verse.AI.Group.Lord. Was it compressed away, destroyed, had no ID number, or not saved/loaded right? curParent=Готорн curPathRelToParent=
Could not resolve reference to object with loadID Lord_1993 of type Verse.AI.Group.Lord. Was it compressed away, destroyed, had no ID number, or not saved/loaded right? curParent=Wood curPathRelToParent=
Could not resolve reference to object with loadID Lord_1993 of type Verse.AI.Group.Lord. Was it compressed away, destroyed, had no ID number, or not saved/loaded right? curParent=Ана curPathRelToParent=
Could not resolve reference to object with loadID Lord_1993 of type Verse.AI.Group.Lord. Was it compressed away, destroyed, had no ID number, or not saved/loaded right? curParent=Wolfe curPathRelToParent=
Could not resolve reference to object with loadID Lord_1993 of type Verse.AI.Group.Lord. Was it compressed away, destroyed, had no ID number, or not saved/loaded right? curParent=Таркус curPathRelToParent=
Could not resolve reference to object with loadID Lord_1993 of type Verse.AI.Group.Lord. Was it compressed away, destroyed, had no ID number, or not saved/loaded right? curParent=Хриопп curPathRelToParent=
Could not resolve reference to object with loadID Lord_1993 of type Verse.AI.Group.Lord. Was it compressed away, destroyed, had no ID number, or not saved/loaded right? curParent=Oleg curPathRelToParent=
Could not resolve reference to object with loadID Lord_1993 of type Verse.AI.Group.Lord. Was it compressed away, destroyed, had no ID number, or not saved/loaded right? curParent=Macias curPathRelToParent=
Could not resolve reference to object with loadID Lord_1993 of type Verse.AI.Group.Lord. Was it compressed away, destroyed, had no ID number, or not saved/loaded right? curParent=Banks curPathRelToParent=
Could not resolve reference to object with loadID Lord_1993 of type Verse.AI.Group.Lord. Was it compressed away, destroyed, had no ID number, or not saved/loaded right? curParent=Darcey curPathRelToParent=
Could not resolve reference to object with loadID Lord_1993 of type Verse.AI.Group.Lord. Was it compressed away, destroyed, had no ID number, or not saved/loaded right? curParent=Зеив curPathRelToParent=
Could not resolve reference to object with loadID Lord_1993 of type Verse.AI.Group.Lord. Was it compressed away, destroyed, had no ID number, or not saved/loaded right? curParent=Ben curPathRelToParent=
Could not resolve reference to object with loadID Lord_1993 of type Verse.AI.Group.Lord. Was it compressed away, destroyed, had no ID number, or not saved/loaded right? curParent=Филантропена curPathRelToParent=
Could not resolve reference to object with loadID Lord_1993 of type Verse.AI.Group.Lord. Was it compressed away, destroyed, had no ID number, or not saved/loaded right? curParent=Cynapse curPathRelToParent=
Could not resolve reference to object with loadID Lord_1993 of type Verse.AI.Group.Lord. Was it compressed away, destroyed, had no ID number, or not saved/loaded right? curParent=Леремба curPathRelToParent=
Could not resolve reference to object with loadID Lord_1993 of type Verse.AI.Group.Lord. Was it compressed away, destroyed, had no ID number, or not saved/loaded right? curParent=Алексей curPathRelToParent=
Could not resolve reference to object with loadID Lord_1993 of type Verse.AI.Group.Lord. Was it compressed away, destroyed, had no ID number, or not saved/loaded right? curParent=Акеми curPathRelToParent=
Could not resolve reference to object with loadID Lord_1993 of type Verse.AI.Group.Lord. Was it compressed away, destroyed, had no ID number, or not saved/loaded right? curParent=Бууб curPathRelToParent=
Could not resolve reference to object with loadID Lord_1993 of type Verse.AI.Group.Lord. Was it compressed away, destroyed, had no ID number, or not saved/loaded right? curParent=Торн (Уиспер) curPathRelToParent=
Could not resolve reference to object with loadID Lord_1993 of type Verse.AI.Group.Lord. Was it compressed away, destroyed, had no ID number, or not saved/loaded right? curParent=Qiuxiaoye curPathRelToParent=
Could not resolve reference to object with loadID Lord_1993 of type Verse.AI.Group.Lord. Was it compressed away, destroyed, had no ID number, or not saved/loaded right? curParent=Даркакс curPathRelToParent=
Could not resolve reference to object with loadID Lord_1993 of type Verse.AI.Group.Lord. Was it compressed away, destroyed, had no ID number, or not saved/loaded right? curParent=Габра curPathRelToParent=
Could not resolve reference to object with loadID Lord_1993 of type Verse.AI.Group.Lord. Was it compressed away, destroyed, had no ID number, or not saved/loaded right? curParent=Humps curPathRelToParent=
CustomizeAnimals: 'EggSpew' uses 'EggSpew' but ability does not require training to be usable
CustomizeAnimals: 'SludgeSpew' uses 'SludgeSpew' but ability does not require training to be usable
CustomizeAnimals: 'VEF_ControlledBlinking' uses 'VEF_ControlledBlinking' but ability does not require training to be usable
CustomizeAnimals: 'VEF_ControlledDetonation' uses 'VEF_ControlledDetonation' but ability does not require training to be usable
CustomizeAnimals: 'VEF_ControlledInvisibility' uses 'VEF_ControlledInvisibility' but ability does not require training to be usable
[Yayo's Animation] GC : animation data count [382 -> 0]
Unloading 0 Unused Serialized files (Serialized files now loaded: 8)
Unloading 11 unused Assets to reduce memory usage. Loaded Objects now: 64949.
Total: 1190.268000 ms (FindLiveObjects: 3.347400 ms CreateObjectMapping: 3.263100 ms MarkObjects: 1183.508900 ms  DeleteObjects: 0.148500 ms)

Dougherty started 10 jobs in one tick. newJob=Train (Job_68380773) A = Thing_AlphaThrumbo4765473 jobGiver=RimWorld.JobGiver_Work jobList=
Unloading 1 Unused Serialized files (Serialized files now loaded: 8)
Unloading 33 unused Assets to reduce memory usage. Loaded Objects now: 56944.
Total: 1233.725400 ms (FindLiveObjects: 3.770100 ms CreateObjectMapping: 2.590500 ms MarkObjects: 1227.204800 ms  DeleteObjects: 0.159700 ms)

Unloading 2 Unused Serialized files (Serialized files now loaded: 8)
[PhysX] Initialized MultithreadedTaskDispatcher with 24 workers.
UnloadTime: 1.213800 ms
QualityBuilder added property to '0' things
Unloading 6 unused Assets to reduce memory usage. Loaded Objects now: 56426.
Total: 1140.634100 ms (FindLiveObjects: 3.357500 ms CreateObjectMapping: 2.848200 ms MarkObjects: 1134.293500 ms  DeleteObjects: 0.134700 ms)

Loading game from file Адептус Механикус7777 with mods:
  - brrainz.harmony
  - Ludeon.RimWorld
  - Ludeon.RimWorld.Royalty
  - Ludeon.RimWorld.Ideology
  - Ludeon.RimWorld.Biotech
  - Ludeon.RimWorld.Anomaly
  - Ludeon.RimWorld.Odyssey
  - DerekBickley.LTOColonyGroupsFinal
  - LZWS.DerekBickley.LTOColonyGroupsFinal
  - UnlimitedHugs.HugsLib
  - com.yayo.yayoAni.continued
  - Sl4vP0weR.WeAreUnited
  - TimmyLiang.TradeHelper
  - Mlie.ShowMeYourHands
  - BP.ShowBuildableMaterialCount
  - OskarPotocki.VanillaFactionsExpanded.Core
  - MemeGoddess.SearchAndDestroy
  - Jaxe.RimHUD
  - kamikadza13.RimHUD
  - Memegoddess.ReplaceStuff
  - longwater.smartstockpilecreation
  - hatti.qualitybuilder
  - telardo.NumbersTraitAddOn
  - DawnsGlow.Numbers
  - Andromeda.NiceHealthTab
  - Andromeda.NiceHands
  - Mlie.MarkThatPawn
  - Supes.MapWideOrbitalTradeBeacon
  - Jaxe.Bubbles
  - S4.ImTryingToSaveYou
  - Orion.Hospitality
  - Inglix.FasterBiosculptingPod
  - Mlie.DurableClothes
  - dubwise.dubsmintminimap
  - Ganja.DropInventory
  - telardo.DragSelect
  - avilmask.CommonSense
  - brrainz.cameraplus
  - Inglix.ApparelTaintedOnCorpseRot
  - UnlimitedHugs.AllowTool
  - brrainz.achtung
  - FrozenSnowFox.FilthVanishesWithRainAndTime
  - SClarke.GroundTargeter1.6temp
  - Dubwise.DubsMintMenus
  - KipsMods.AdjustableAbilityCooldowns
  - erdelf.MinifyEverything
  - microus.creepjoinersromance
  - Shipdontnuketile.Sentinel
  - Syrus.CustomizeAnimals
  - Mlie.PrisonCommons
  - Taranchuk.PerformanceOptimizer
  - dmitry6.RusPerformanceOptimizer
  - VanillaExpanded.VWE
  - Krkr.RocketMan
  - Mlie.SinglePlantTexturePatch
  - avilmask.PsychicHarmonizerLagFix (incompatible version)
Exception registering RimWorld.Precept_GravshipLaunch RimWorld.Precept_GravshipLaunch in loaded object directory with unique load ID Precept_1024: System.ArgumentException: An item with the same key has already been added. Key: Precept_1024
[Ref CC152DD4]
 [0x00006] in <51fded79cd284d4d911c5949aff4cb21>:0 
  at System.Collections.Generic.Dictionary`2[TKey,TValue].TryInsert (TKey key, TValue value, System.Collections.Generic.InsertionBehavior behavior) [0x0015a] in <51fded79cd284d4d911c5949aff4cb21>:0 
  at System.Collections.Generic.Dictionary`2[TKey,TValue].Add (TKey key, TValue value) [0x00000] in <51fded79cd284d4d911c5949aff4cb21>:0 
  at Verse.LoadedObjectDirectory.RegisterLoaded (Verse.ILoadReferenceable reffable) [0x000da] in <24d25868955f4df08b02c73b55f389fe>:0 
Exception registering TacticalGroups.PawnGroup  - 0 in loaded object directory with unique load ID TacticalGroups.PawnGroup6: System.ArgumentException: An item with the same key has already been added. Key: TacticalGroups.PawnGroup6
[Ref CC152DD4] Duplicate stacktrace, see ref for original
CustomizeAnimals: 'EggSpew' uses 'EggSpew' but ability does not require training to be usable
CustomizeAnimals: 'SludgeSpew' uses 'SludgeSpew' but ability does not require training to be usable
CustomizeAnimals: 'VEF_ControlledBlinking' uses 'VEF_ControlledBlinking' but ability does not require training to be usable
CustomizeAnimals: 'VEF_ControlledDetonation' uses 'VEF_ControlledDetonation' but ability does not require training to be usable
CustomizeAnimals: 'VEF_ControlledInvisibility' uses 'VEF_ControlledInvisibility' but ability does not require training to be usable
[Yayo's Animation] GC : animation data count [384 -> 0]
Unloading 0 Unused Serialized files (Serialized files now loaded: 8)
Unloading 11 unused Assets to reduce memory usage. Loaded Objects now: 65008.
Total: 1168.749900 ms (FindLiveObjects: 3.633800 ms CreateObjectMapping: 3.814600 ms MarkObjects: 1161.153700 ms  DeleteObjects: 0.147300 ms)

Unloading 1 Unused Serialized files (Serialized files now loaded: 8)
Unloading 30 unused Assets to reduce memory usage. Loaded Objects now: 57045.
Total: 1226.890900 ms (FindLiveObjects: 3.092200 ms CreateObjectMapping: 3.006900 ms MarkObjects: 1220.623400 ms  DeleteObjects: 0.168100 ms)

Unloading 2 Unused Serialized files (Serialized files now loaded: 8)
[PhysX] Initialized MultithreadedTaskDispatcher with 24 workers.
UnloadTime: 1.194400 ms
Unloading 6 unused Assets to reduce memory usage. Loaded Objects now: 56510.
Total: 1251.846700 ms (FindLiveObjects: 3.085800 ms CreateObjectMapping: 2.690800 ms MarkObjects: 1245.944500 ms  DeleteObjects: 0.125500 ms)

Loading game from file Адептус Механикус7777 with mods:
  - brrainz.harmony
  - Ludeon.RimWorld
  - Ludeon.RimWorld.Royalty
  - Ludeon.RimWorld.Ideology
  - Ludeon.RimWorld.Biotech
  - Ludeon.RimWorld.Anomaly
  - Ludeon.RimWorld.Odyssey
  - DerekBickley.LTOColonyGroupsFinal
  - LZWS.DerekBickley.LTOColonyGroupsFinal
  - UnlimitedHugs.HugsLib
  - com.yayo.yayoAni.continued
  - Sl4vP0weR.WeAreUnited
  - TimmyLiang.TradeHelper
  - Mlie.ShowMeYourHands
  - BP.ShowBuildableMaterialCount
  - OskarPotocki.VanillaFactionsExpanded.Core
  - MemeGoddess.SearchAndDestroy
  - Jaxe.RimHUD
  - kamikadza13.RimHUD
  - Memegoddess.ReplaceStuff
  - longwater.smartstockpilecreation
  - hatti.qualitybuilder
  - telardo.NumbersTraitAddOn
  - DawnsGlow.Numbers
  - Andromeda.NiceHealthTab
  - Andromeda.NiceHands
  - Mlie.MarkThatPawn
  - Supes.MapWideOrbitalTradeBeacon
  - Jaxe.Bubbles
  - S4.ImTryingToSaveYou
  - Orion.Hospitality
  - Inglix.FasterBiosculptingPod
  - Mlie.DurableClothes
  - dubwise.dubsmintminimap
  - Ganja.DropInventory
  - telardo.DragSelect
  - avilmask.CommonSense
  - brrainz.cameraplus
  - Inglix.ApparelTaintedOnCorpseRot
  - UnlimitedHugs.AllowTool
  - brrainz.achtung
  - FrozenSnowFox.FilthVanishesWithRainAndTime
  - SClarke.GroundTargeter1.6temp
  - Dubwise.DubsMintMenus
  - KipsMods.AdjustableAbilityCooldowns
  - erdelf.MinifyEverything
  - microus.creepjoinersromance
  - Shipdontnuketile.Sentinel
  - Syrus.CustomizeAnimals
  - Mlie.PrisonCommons
  - Taranchuk.PerformanceOptimizer
  - dmitry6.RusPerformanceOptimizer
  - VanillaExpanded.VWE
  - Krkr.RocketMan
  - Mlie.SinglePlantTexturePatch
  - avilmask.PsychicHarmonizerLagFix (incompatible version)
QualityBuilder added property to '0' things
Exception registering RimWorld.Precept_GravshipLaunch RimWorld.Precept_GravshipLaunch in loaded object directory with unique load ID Precept_1024: System.ArgumentException: An item with the same key has already been added. Key: Precept_1024
[Ref CC152DD4]
 [0x00006] in <51fded79cd284d4d911c5949aff4cb21>:0 
  at System.Collections.Generic.Dictionary`2[TKey,TValue].TryInsert (TKey key, TValue value, System.Collections.Generic.InsertionBehavior behavior) [0x0015a] in <51fded79cd284d4d911c5949aff4cb21>:0 
  at System.Collections.Generic.Dictionary`2[TKey,TValue].Add (TKey key, TValue value) [0x00000] in <51fded79cd284d4d911c5949aff4cb21>:0 
  at Verse.LoadedObjectDirectory.RegisterLoaded (Verse.ILoadReferenceable reffable) [0x000da] in <24d25868955f4df08b02c73b55f389fe>:0 
Exception registering TacticalGroups.PawnGroup  - 0 in loaded object directory with unique load ID TacticalGroups.PawnGroup6: System.ArgumentException: An item with the same key has already been added. Key: TacticalGroups.PawnGroup6
[Ref CC152DD4] Duplicate stacktrace, see ref for original
CustomizeAnimals: 'EggSpew' uses 'EggSpew' but ability does not require training to be usable
CustomizeAnimals: 'SludgeSpew' uses 'SludgeSpew' but ability does not require training to be usable
CustomizeAnimals: 'VEF_ControlledBlinking' uses 'VEF_ControlledBlinking' but ability does not require training to be usable
CustomizeAnimals: 'VEF_ControlledDetonation' uses 'VEF_ControlledDetonation' but ability does not require training to be usable
CustomizeAnimals: 'VEF_ControlledInvisibility' uses 'VEF_ControlledInvisibility' but ability does not require training to be usable
[Yayo's Animation] GC : animation data count [374 -> 0]
Unloading 0 Unused Serialized files (Serialized files now loaded: 8)
Unloading 11 unused Assets to reduce memory usage. Loaded Objects now: 65084.
Total: 1246.697200 ms (FindLiveObjects: 3.451000 ms CreateObjectMapping: 3.334100 ms MarkObjects: 1239.756000 ms  DeleteObjects: 0.155900 ms)

Unloading 1 Unused Serialized files (Serialized files now loaded: 8)
Unloading 30 unused Assets to reduce memory usage. Loaded Objects now: 57111.
Total: 1348.446500 ms (FindLiveObjects: 3.126500 ms CreateObjectMapping: 2.824900 ms MarkObjects: 1342.310800 ms  DeleteObjects: 0.184000 ms)

Unloading 2 Unused Serialized files (Serialized files now loaded: 8)
[PhysX] Initialized MultithreadedTaskDispatcher with 24 workers.
UnloadTime: 1.195600 ms
Unloading 6 unused Assets to reduce memory usage. Loaded Objects now: 56580.
Total: 1313.321300 ms (FindLiveObjects: 2.984100 ms CreateObjectMapping: 2.861800 ms MarkObjects: 1307.325100 ms  DeleteObjects: 0.150200 ms)

Loading game from file Адептус Механикус7777 with mods:
  - brrainz.harmony
  - Ludeon.RimWorld
  - Ludeon.RimWorld.Royalty
  - Ludeon.RimWorld.Ideology
  - Ludeon.RimWorld.Biotech
  - Ludeon.RimWorld.Anomaly
  - Ludeon.RimWorld.Odyssey
  - DerekBickley.LTOColonyGroupsFinal
  - LZWS.DerekBickley.LTOColonyGroupsFinal
  - UnlimitedHugs.HugsLib
  - com.yayo.yayoAni.continued
  - Sl4vP0weR.WeAreUnited
  - TimmyLiang.TradeHelper
  - Mlie.ShowMeYourHands
  - BP.ShowBuildableMaterialCount
  - OskarPotocki.VanillaFactionsExpanded.Core
  - MemeGoddess.SearchAndDestroy
  - Jaxe.RimHUD
  - kamikadza13.RimHUD
  - Memegoddess.ReplaceStuff
  - longwater.smartstockpilecreation
  - hatti.qualitybuilder
  - telardo.NumbersTraitAddOn
  - DawnsGlow.Numbers
  - Andromeda.NiceHealthTab
  - Andromeda.NiceHands
  - Mlie.MarkThatPawn
  - Supes.MapWideOrbitalTradeBeacon
  - Jaxe.Bubbles
  - S4.ImTryingToSaveYou
  - Orion.Hospitality
  - Inglix.FasterBiosculptingPod
  - Mlie.DurableClothes
  - dubwise.dubsmintminimap
  - Ganja.DropInventory
  - telardo.DragSelect
  - avilmask.CommonSense
  - brrainz.cameraplus
  - Inglix.ApparelTaintedOnCorpseRot
  - UnlimitedHugs.AllowTool
  - brrainz.achtung
  - FrozenSnowFox.FilthVanishesWithRainAndTime
  - SClarke.GroundTargeter1.6temp
  - Dubwise.DubsMintMenus
  - KipsMods.AdjustableAbilityCooldowns
  - erdelf.MinifyEverything
  - microus.creepjoinersromance
  - Shipdontnuketile.Sentinel
  - Syrus.CustomizeAnimals
  - Mlie.PrisonCommons
  - Taranchuk.PerformanceOptimizer
  - dmitry6.RusPerformanceOptimizer
  - VanillaExpanded.VWE
  - Krkr.RocketMan
  - Mlie.SinglePlantTexturePatch
  - avilmask.PsychicHarmonizerLagFix (incompatible version)
QualityBuilder added property to '0' things
Exception registering RimWorld.Precept_GravshipLaunch RimWorld.Precept_GravshipLaunch in loaded object directory with unique load ID Precept_1024: System.ArgumentException: An item with the same key has already been added. Key: Precept_1024
[Ref CC152DD4]
 [0x00006] in <51fded79cd284d4d911c5949aff4cb21>:0 
  at System.Collections.Generic.Dictionary`2[TKey,TValue].TryInsert (TKey key, TValue value, System.Collections.Generic.InsertionBehavior behavior) [0x0015a] in <51fded79cd284d4d911c5949aff4cb21>:0 
  at System.Collections.Generic.Dictionary`2[TKey,TValue].Add (TKey key, TValue value) [0x00000] in <51fded79cd284d4d911c5949aff4cb21>:0 
  at Verse.LoadedObjectDirectory.RegisterLoaded (Verse.ILoadReferenceable reffable) [0x000da] in <24d25868955f4df08b02c73b55f389fe>:0 
Exception registering TacticalGroups.PawnGroup  - 0 in loaded object directory with unique load ID TacticalGroups.PawnGroup6: System.ArgumentException: An item with the same key has already been added. Key: TacticalGroups.PawnGroup6
[Ref CC152DD4] Duplicate stacktrace, see ref for original
CustomizeAnimals: 'EggSpew' uses 'EggSpew' but ability does not require training to be usable
CustomizeAnimals: 'SludgeSpew' uses 'SludgeSpew' but ability does not require training to be usable
CustomizeAnimals: 'VEF_ControlledBlinking' uses 'VEF_ControlledBlinking' but ability does not require training to be usable
CustomizeAnimals: 'VEF_ControlledDetonation' uses 'VEF_ControlledDetonation' but ability does not require training to be usable
CustomizeAnimals: 'VEF_ControlledInvisibility' uses 'VEF_ControlledInvisibility' but ability does not require training to be usable
[Yayo's Animation] GC : animation data count [374 -> 0]
Unloading 0 Unused Serialized files (Serialized files now loaded: 8)
Unloading 11 unused Assets to reduce memory usage. Loaded Objects now: 65141.
Total: 1278.781000 ms (FindLiveObjects: 3.734700 ms CreateObjectMapping: 3.864400 ms MarkObjects: 1271.014100 ms  DeleteObjects: 0.167600 ms)

Unloading 1 Unused Serialized files (Serialized files now loaded: 8)
Unloading 30 unused Assets to reduce memory usage. Loaded Objects now: 57171.
Total: 1433.423700 ms (FindLiveObjects: 3.274800 ms CreateObjectMapping: 2.639700 ms MarkObjects: 1427.338300 ms  DeleteObjects: 0.170500 ms)

Unloading 2 Unused Serialized files (Serialized files now loaded: 8)
[PhysX] Initialized MultithreadedTaskDispatcher with 24 workers.
UnloadTime: 1.217300 ms
QualityBuilder added property to '0' things
Unloading 6 unused Assets to reduce memory usage. Loaded Objects now: 56634.
Total: 1347.168700 ms (FindLiveObjects: 3.257600 ms CreateObjectMapping: 2.727100 ms MarkObjects: 1341.038200 ms  DeleteObjects: 0.145600 ms)

Loading game from file Адептус Механикус7777 with mods:
  - brrainz.harmony
  - Ludeon.RimWorld
  - Ludeon.RimWorld.Royalty
  - Ludeon.RimWorld.Ideology
  - Ludeon.RimWorld.Biotech
  - Ludeon.RimWorld.Anomaly
  - Ludeon.RimWorld.Odyssey
  - DerekBickley.LTOColonyGroupsFinal
  - LZWS.DerekBickley.LTOColonyGroupsFinal
  - UnlimitedHugs.HugsLib
  - com.yayo.yayoAni.continued
  - Sl4vP0weR.WeAreUnited
  - TimmyLiang.TradeHelper
  - Mlie.ShowMeYourHands
  - BP.ShowBuildableMaterialCount
  - OskarPotocki.VanillaFactionsExpanded.Core
  - MemeGoddess.SearchAndDestroy
  - Jaxe.RimHUD
  - kamikadza13.RimHUD
  - Memegoddess.ReplaceStuff
  - longwater.smartstockpilecreation
  - hatti.qualitybuilder
  - telardo.NumbersTraitAddOn
  - DawnsGlow.Numbers
  - Andromeda.NiceHealthTab
  - Andromeda.NiceHands
  - Mlie.MarkThatPawn
  - Supes.MapWideOrbitalTradeBeacon
  - Jaxe.Bubbles
  - S4.ImTryingToSaveYou
  - Orion.Hospitality
  - Inglix.FasterBiosculptingPod
  - Mlie.DurableClothes
  - dubwise.dubsmintminimap
  - Ganja.DropInventory
  - telardo.DragSelect
  - avilmask.CommonSense
  - brrainz.cameraplus
  - Inglix.ApparelTaintedOnCorpseRot
  - UnlimitedHugs.AllowTool
  - brrainz.achtung
  - FrozenSnowFox.FilthVanishesWithRainAndTime
  - SClarke.GroundTargeter1.6temp
  - Dubwise.DubsMintMenus
  - KipsMods.AdjustableAbilityCooldowns
  - erdelf.MinifyEverything
  - microus.creepjoinersromance
  - Shipdontnuketile.Sentinel
  - Syrus.CustomizeAnimals
  - Mlie.PrisonCommons
  - Taranchuk.PerformanceOptimizer
  - dmitry6.RusPerformanceOptimizer
  - VanillaExpanded.VWE
  - Krkr.RocketMan
  - Mlie.SinglePlantTexturePatch
  - avilmask.PsychicHarmonizerLagFix (incompatible version)
Exception registering RimWorld.Precept_GravshipLaunch RimWorld.Precept_GravshipLaunch in loaded object directory with unique load ID Precept_1024: System.ArgumentException: An item with the same key has already been added. Key: Precept_1024
[Ref CC152DD4]
 [0x00006] in <51fded79cd284d4d911c5949aff4cb21>:0 
  at System.Collections.Generic.Dictionary`2[TKey,TValue].TryInsert (TKey key, TValue value, System.Collections.Generic.InsertionBehavior behavior) [0x0015a] in <51fded79cd284d4d911c5949aff4cb21>:0 
  at System.Collections.Generic.Dictionary`2[TKey,TValue].Add (TKey key, TValue value) [0x00000] in <51fded79cd284d4d911c5949aff4cb21>:0 
  at Verse.LoadedObjectDirectory.RegisterLoaded (Verse.ILoadReferenceable reffable) [0x000da] in <24d25868955f4df08b02c73b55f389fe>:0 
Exception registering TacticalGroups.PawnGroup  - 0 in loaded object directory with unique load ID TacticalGroups.PawnGroup6: System.ArgumentException: An item with the same key has already been added. Key: TacticalGroups.PawnGroup6
[Ref CC152DD4] Duplicate stacktrace, see ref for original
CustomizeAnimals: 'EggSpew' uses 'EggSpew' but ability does not require training to be usable
CustomizeAnimals: 'SludgeSpew' uses 'SludgeSpew' but ability does not require training to be usable
CustomizeAnimals: 'VEF_ControlledBlinking' uses 'VEF_ControlledBlinking' but ability does not require training to be usable
CustomizeAnimals: 'VEF_ControlledDetonation' uses 'VEF_ControlledDetonation' but ability does not require training to be usable
CustomizeAnimals: 'VEF_ControlledInvisibility' uses 'VEF_ControlledInvisibility' but ability does not require training to be usable
[Yayo's Animation] GC : animation data count [374 -> 0]
Unloading 0 Unused Serialized files (Serialized files now loaded: 8)
Unloading 11 unused Assets to reduce memory usage. Loaded Objects now: 65196.
Total: 1436.341600 ms (FindLiveObjects: 3.495000 ms CreateObjectMapping: 3.948900 ms MarkObjects: 1428.749000 ms  DeleteObjects: 0.148400 ms)

Unloading 1 Unused Serialized files (Serialized files now loaded: 8)
Unloading 30 unused Assets to reduce memory usage. Loaded Objects now: 57257.
Total: 1545.706500 ms (FindLiveObjects: 3.246300 ms CreateObjectMapping: 3.521200 ms MarkObjects: 1538.762500 ms  DeleteObjects: 0.176000 ms)

Unloading 2 Unused Serialized files (Serialized files now loaded: 8)
[PhysX] Initialized MultithreadedTaskDispatcher with 24 workers.
UnloadTime: 1.228900 ms
Unloading 6 unused Assets to reduce memory usage. Loaded Objects now: 56698.
Total: 1457.660400 ms (FindLiveObjects: 3.033700 ms CreateObjectMapping: 2.798100 ms MarkObjects: 1451.696800 ms  DeleteObjects: 0.131700 ms)

Loading game from file Адептус Механикус7777 with mods:
  - brrainz.harmony
  - Ludeon.RimWorld
  - Ludeon.RimWorld.Royalty
  - Ludeon.RimWorld.Ideology
  - Ludeon.RimWorld.Biotech
  - Ludeon.RimWorld.Anomaly
  - Ludeon.RimWorld.Odyssey
  - DerekBickley.LTOColonyGroupsFinal
  - LZWS.DerekBickley.LTOColonyGroupsFinal
  - UnlimitedHugs.HugsLib
  - com.yayo.yayoAni.continued
  - Sl4vP0weR.WeAreUnited
  - TimmyLiang.TradeHelper
  - Mlie.ShowMeYourHands
  - BP.ShowBuildableMaterialCount
  - OskarPotocki.VanillaFactionsExpanded.Core
  - MemeGoddess.SearchAndDestroy
  - Jaxe.RimHUD
  - kamikadza13.RimHUD
  - Memegoddess.ReplaceStuff
  - longwater.smartstockpilecreation
  - hatti.qualitybuilder
  - telardo.NumbersTraitAddOn
  - DawnsGlow.Numbers
  - Andromeda.NiceHealthTab
  - Andromeda.NiceHands
  - Mlie.MarkThatPawn
  - Supes.MapWideOrbitalTradeBeacon
  - Jaxe.Bubbles
  - S4.ImTryingToSaveYou
  - Orion.Hospitality
  - Inglix.FasterBiosculptingPod
  - Mlie.DurableClothes
  - dubwise.dubsmintminimap
  - Ganja.DropInventory
  - telardo.DragSelect
  - avilmask.CommonSense
  - brrainz.cameraplus
  - Inglix.ApparelTaintedOnCorpseRot
  - UnlimitedHugs.AllowTool
  - brrainz.achtung
  - FrozenSnowFox.FilthVanishesWithRainAndTime
  - SClarke.GroundTargeter1.6temp
  - Dubwise.DubsMintMenus
  - KipsMods.AdjustableAbilityCooldowns
  - erdelf.MinifyEverything
  - microus.creepjoinersromance
  - Shipdontnuketile.Sentinel
  - Syrus.CustomizeAnimals
  - Mlie.PrisonCommons
  - Taranchuk.PerformanceOptimizer
  - dmitry6.RusPerformanceOptimizer
  - VanillaExpanded.VWE
  - Krkr.RocketMan
  - Mlie.SinglePlantTexturePatch
  - avilmask.PsychicHarmonizerLagFix (incompatible version)
QualityBuilder added property to '0' things
Exception registering RimWorld.Precept_GravshipLaunch RimWorld.Precept_GravshipLaunch in loaded object directory with unique load ID Precept_1024: System.ArgumentException: An item with the same key has already been added. Key: Precept_1024
[Ref CC152DD4]
 [0x00006] in <51fded79cd284d4d911c5949aff4cb21>:0 
  at System.Collections.Generic.Dictionary`2[TKey,TValue].TryInsert (TKey key, TValue value, System.Collections.Generic.InsertionBehavior behavior) [0x0015a] in <51fded79cd284d4d911c5949aff4cb21>:0 
  at System.Collections.Generic.Dictionary`2[TKey,TValue].Add (TKey key, TValue value) [0x00000] in <51fded79cd284d4d911c5949aff4cb21>:0 
  at Verse.LoadedObjectDirectory.RegisterLoaded (Verse.ILoadReferenceable reffable) [0x000da] in <24d25868955f4df08b02c73b55f389fe>:0 
Exception registering TacticalGroups.PawnGroup  - 0 in loaded object directory with unique load ID TacticalGroups.PawnGroup6: System.ArgumentException: An item with the same key has already been added. Key: TacticalGroups.PawnGroup6
[Ref CC152DD4] Duplicate stacktrace, see ref for original
CustomizeAnimals: 'EggSpew' uses 'EggSpew' but ability does not require training to be usable
CustomizeAnimals: 'SludgeSpew' uses 'SludgeSpew' but ability does not require training to be usable
CustomizeAnimals: 'VEF_ControlledBlinking' uses 'VEF_ControlledBlinking' but ability does not require training to be usable
CustomizeAnimals: 'VEF_ControlledDetonation' uses 'VEF_ControlledDetonation' but ability does not require training to be usable
CustomizeAnimals: 'VEF_ControlledInvisibility' uses 'VEF_ControlledInvisibility' but ability does not require training to be usable
[Yayo's Animation] GC : animation data count [374 -> 0]
Unloading 0 Unused Serialized files (Serialized files now loaded: 8)
Unloading 11 unused Assets to reduce memory usage. Loaded Objects now: 65277.
Total: 1503.116900 ms (FindLiveObjects: 3.901900 ms CreateObjectMapping: 4.190600 ms MarkObjects: 1494.859400 ms  DeleteObjects: 0.164900 ms)

Unloading 1 Unused Serialized files (Serialized files now loaded: 8)
Unloading 30 unused Assets to reduce memory usage. Loaded Objects now: 57319.
Total: 1569.944300 ms (FindLiveObjects: 3.163800 ms CreateObjectMapping: 2.938700 ms MarkObjects: 1563.685500 ms  DeleteObjects: 0.156100 ms)

Unloading 2 Unused Serialized files (Serialized files now loaded: 8)
[PhysX] Initialized MultithreadedTaskDispatcher with 24 workers.
UnloadTime: 1.205900 ms
QualityBuilder added property to '0' things
Unloading 6 unused Assets to reduce memory usage. Loaded Objects now: 56774.
Total: 1572.470500 ms (FindLiveObjects: 2.938000 ms CreateObjectMapping: 2.678300 ms MarkObjects: 1566.707600 ms  DeleteObjects: 0.146300 ms)

Loading game from file Адептус Механикус7777 with mods:
  - brrainz.harmony
  - Ludeon.RimWorld
  - Ludeon.RimWorld.Royalty
  - Ludeon.RimWorld.Ideology
  - Ludeon.RimWorld.Biotech
  - Ludeon.RimWorld.Anomaly
  - Ludeon.RimWorld.Odyssey
  - DerekBickley.LTOColonyGroupsFinal
  - LZWS.DerekBickley.LTOColonyGroupsFinal
  - UnlimitedHugs.HugsLib
  - com.yayo.yayoAni.continued
  - Sl4vP0weR.WeAreUnited
  - TimmyLiang.TradeHelper
  - Mlie.ShowMeYourHands
  - BP.ShowBuildableMaterialCount
  - OskarPotocki.VanillaFactionsExpanded.Core
  - MemeGoddess.SearchAndDestroy
  - Jaxe.RimHUD
  - kamikadza13.RimHUD
  - Memegoddess.ReplaceStuff
  - longwater.smartstockpilecreation
  - hatti.qualitybuilder
  - telardo.NumbersTraitAddOn
  - DawnsGlow.Numbers
  - Andromeda.NiceHealthTab
  - Andromeda.NiceHands
  - Mlie.MarkThatPawn
  - Supes.MapWideOrbitalTradeBeacon
  - Jaxe.Bubbles
  - S4.ImTryingToSaveYou
  - Orion.Hospitality
  - Inglix.FasterBiosculptingPod
  - Mlie.DurableClothes
  - dubwise.dubsmintminimap
  - Ganja.DropInventory
  - telardo.DragSelect
  - avilmask.CommonSense
  - brrainz.cameraplus
  - Inglix.ApparelTaintedOnCorpseRot
  - UnlimitedHugs.AllowTool
  - brrainz.achtung
  - FrozenSnowFox.FilthVanishesWithRainAndTime
  - SClarke.GroundTargeter1.6temp
  - Dubwise.DubsMintMenus
  - KipsMods.AdjustableAbilityCooldowns
  - erdelf.MinifyEverything
  - microus.creepjoinersromance
  - Shipdontnuketile.Sentinel
  - Syrus.CustomizeAnimals
  - Mlie.PrisonCommons
  - Taranchuk.PerformanceOptimizer
  - dmitry6.RusPerformanceOptimizer
  - VanillaExpanded.VWE
  - Krkr.RocketMan
  - Mlie.SinglePlantTexturePatch
  - avilmask.PsychicHarmonizerLagFix (incompatible version)
Exception registering RimWorld.Precept_GravshipLaunch RimWorld.Precept_GravshipLaunch in loaded object directory with unique load ID Precept_1024: System.ArgumentException: An item with the same key has already been added. Key: Precept_1024
[Ref CC152DD4]
 [0x00006] in <51fded79cd284d4d911c5949aff4cb21>:0 
  at System.Collections.Generic.Dictionary`2[TKey,TValue].TryInsert (TKey key, TValue value, System.Collections.Generic.InsertionBehavior behavior) [0x0015a] in <51fded79cd284d4d911c5949aff4cb21>:0 
  at System.Collections.Generic.Dictionary`2[TKey,TValue].Add (TKey key, TValue value) [0x00000] in <51fded79cd284d4d911c5949aff4cb21>:0 
  at Verse.LoadedObjectDirectory.RegisterLoaded (Verse.ILoadReferenceable reffable) [0x000da] in <24d25868955f4df08b02c73b55f389fe>:0 
Exception registering TacticalGroups.PawnGroup  - 0 in loaded object directory with unique load ID TacticalGroups.PawnGroup6: System.ArgumentException: An item with the same key has already been added. Key: TacticalGroups.PawnGroup6
[Ref CC152DD4] Duplicate stacktrace, see ref for original
CustomizeAnimals: 'EggSpew' uses 'EggSpew' but ability does not require training to be usable
CustomizeAnimals: 'SludgeSpew' uses 'SludgeSpew' but ability does not require training to be usable
CustomizeAnimals: 'VEF_ControlledBlinking' uses 'VEF_ControlledBlinking' but ability does not require training to be usable
CustomizeAnimals: 'VEF_ControlledDetonation' uses 'VEF_ControlledDetonation' but ability does not require training to be usable
CustomizeAnimals: 'VEF_ControlledInvisibility' uses 'VEF_ControlledInvisibility' but ability does not require training to be usable
[Yayo's Animation] GC : animation data count [374 -> 0]
Unloading 0 Unused Serialized files (Serialized files now loaded: 8)
Unloading 11 unused Assets to reduce memory usage. Loaded Objects now: 65326.
Total: 1637.672900 ms (FindLiveObjects: 3.638700 ms CreateObjectMapping: 3.775000 ms MarkObjects: 1630.111900 ms  DeleteObjects: 0.147000 ms)

Unloading 1 Unused Serialized files (Serialized files now loaded: 8)
Unloading 30 unused Assets to reduce memory usage. Loaded Objects now: 57385.
Total: 1651.048000 ms (FindLiveObjects: 3.194200 ms CreateObjectMapping: 2.736900 ms MarkObjects: 1644.940100 ms  DeleteObjects: 0.176400 ms)

Unloading 2 Unused Serialized files (Serialized files now loaded: 8)
[PhysX] Initialized MultithreadedTaskDispatcher with 24 workers.
UnloadTime: 1.234400 ms
QualityBuilder added property to '0' things
Unloading 6 unused Assets to reduce memory usage. Loaded Objects now: 56828.
Total: 1686.088000 ms (FindLiveObjects: 2.996300 ms CreateObjectMapping: 2.683500 ms MarkObjects: 1680.262500 ms  DeleteObjects: 0.145200 ms)

Loading game from file Адептус Механикус7777 with mods:
  - brrainz.harmony
  - Ludeon.RimWorld
  - Ludeon.RimWorld.Royalty
  - Ludeon.RimWorld.Ideology
  - Ludeon.RimWorld.Biotech
  - Ludeon.RimWorld.Anomaly
  - Ludeon.RimWorld.Odyssey
  - DerekBickley.LTOColonyGroupsFinal
  - LZWS.DerekBickley.LTOColonyGroupsFinal
  - UnlimitedHugs.HugsLib
  - com.yayo.yayoAni.continued
  - Sl4vP0weR.WeAreUnited
  - TimmyLiang.TradeHelper
  - Mlie.ShowMeYourHands
  - BP.ShowBuildableMaterialCount
  - OskarPotocki.VanillaFactionsExpanded.Core
  - MemeGoddess.SearchAndDestroy
  - Jaxe.RimHUD
  - kamikadza13.RimHUD
  - Memegoddess.ReplaceStuff
  - longwater.smartstockpilecreation
  - hatti.qualitybuilder
  - telardo.NumbersTraitAddOn
  - DawnsGlow.Numbers
  - Andromeda.NiceHealthTab
  - Andromeda.NiceHands
  - Mlie.MarkThatPawn
  - Supes.MapWideOrbitalTradeBeacon
  - Jaxe.Bubbles
  - S4.ImTryingToSaveYou
  - Orion.Hospitality
  - Inglix.FasterBiosculptingPod
  - Mlie.DurableClothes
  - dubwise.dubsmintminimap
  - Ganja.DropInventory
  - telardo.DragSelect
  - avilmask.CommonSense
  - brrainz.cameraplus
  - Inglix.ApparelTaintedOnCorpseRot
  - UnlimitedHugs.AllowTool
  - brrainz.achtung
  - FrozenSnowFox.FilthVanishesWithRainAndTime
  - SClarke.GroundTargeter1.6temp
  - Dubwise.DubsMintMenus
  - KipsMods.AdjustableAbilityCooldowns
  - erdelf.MinifyEverything
  - microus.creepjoinersromance
  - Shipdontnuketile.Sentinel
  - Syrus.CustomizeAnimals
  - Mlie.PrisonCommons
  - Taranchuk.PerformanceOptimizer
  - dmitry6.RusPerformanceOptimizer
  - VanillaExpanded.VWE
  - Krkr.RocketMan
  - Mlie.SinglePlantTexturePatch
  - avilmask.PsychicHarmonizerLagFix (incompatible version)
Exception registering RimWorld.Precept_GravshipLaunch RimWorld.Precept_GravshipLaunch in loaded object directory with unique load ID Precept_1024: System.ArgumentException: An item with the same key has already been added. Key: Precept_1024
[Ref CC152DD4]
 [0x00006] in <51fded79cd284d4d911c5949aff4cb21>:0 
  at System.Collections.Generic.Dictionary`2[TKey,TValue].TryInsert (TKey key, TValue value, System.Collections.Generic.InsertionBehavior behavior) [0x0015a] in <51fded79cd284d4d911c5949aff4cb21>:0 
  at System.Collections.Generic.Dictionary`2[TKey,TValue].Add (TKey key, TValue value) [0x00000] in <51fded79cd284d4d911c5949aff4cb21>:0 
  at Verse.LoadedObjectDirectory.RegisterLoaded (Verse.ILoadReferenceable reffable) [0x000da] in <24d25868955f4df08b02c73b55f389fe>:0 
Exception registering TacticalGroups.PawnGroup  - 0 in loaded object directory with unique load ID TacticalGroups.PawnGroup6: System.ArgumentException: An item with the same key has already been added. Key: TacticalGroups.PawnGroup6
[Ref CC152DD4] Duplicate stacktrace, see ref for original
CustomizeAnimals: 'EggSpew' uses 'EggSpew' but ability does not require training to be usable
CustomizeAnimals: 'SludgeSpew' uses 'SludgeSpew' but ability does not require training to be usable
CustomizeAnimals: 'VEF_ControlledBlinking' uses 'VEF_ControlledBlinking' but ability does not require training to be usable
CustomizeAnimals: 'VEF_ControlledDetonation' uses 'VEF_ControlledDetonation' but ability does not require training to be usable
CustomizeAnimals: 'VEF_ControlledInvisibility' uses 'VEF_ControlledInvisibility' but ability does not require training to be usable
[Yayo's Animation] GC : animation data count [374 -> 0]
Unloading 0 Unused Serialized files (Serialized files now loaded: 8)
Unloading 11 unused Assets to reduce memory usage. Loaded Objects now: 65379.
Total: 1664.975800 ms (FindLiveObjects: 3.629700 ms CreateObjectMapping: 3.769300 ms MarkObjects: 1657.418900 ms  DeleteObjects: 0.157500 ms)

Unloading 1 Unused Serialized files (Serialized files now loaded: 8)
Unloading 30 unused Assets to reduce memory usage. Loaded Objects now: 57410.
Total: 1815.751400 ms (FindLiveObjects: 3.047700 ms CreateObjectMapping: 2.746300 ms MarkObjects: 1809.794700 ms  DeleteObjects: 0.162200 ms)

Unloading 2 Unused Serialized files (Serialized files now loaded: 8)
[PhysX] Initialized MultithreadedTaskDispatcher with 24 workers.
UnloadTime: 1.199900 ms
QualityBuilder added property to '0' things
Unloading 6 unused Assets to reduce memory usage. Loaded Objects now: 56882.
Total: 1785.051900 ms (FindLiveObjects: 3.001600 ms CreateObjectMapping: 2.788600 ms MarkObjects: 1779.129700 ms  DeleteObjects: 0.131800 ms)

Loading game from file Адептус Механикус7777 with mods:
  - brrainz.harmony
  - Ludeon.RimWorld
  - Ludeon.RimWorld.Royalty
  - Ludeon.RimWorld.Ideology
  - Ludeon.RimWorld.Biotech
  - Ludeon.RimWorld.Anomaly
  - Ludeon.RimWorld.Odyssey
  - DerekBickley.LTOColonyGroupsFinal
  - LZWS.DerekBickley.LTOColonyGroupsFinal
  - UnlimitedHugs.HugsLib
  - com.yayo.yayoAni.continued
  - Sl4vP0weR.WeAreUnited
  - TimmyLiang.TradeHelper
  - Mlie.ShowMeYourHands
  - BP.ShowBuildableMaterialCount
  - OskarPotocki.VanillaFactionsExpanded.Core
  - MemeGoddess.SearchAndDestroy
  - Jaxe.RimHUD
  - kamikadza13.RimHUD
  - Memegoddess.ReplaceStuff
  - longwater.smartstockpilecreation
  - hatti.qualitybuilder
  - telardo.NumbersTraitAddOn
  - DawnsGlow.Numbers
  - Andromeda.NiceHealthTab
  - Andromeda.NiceHands
  - Mlie.MarkThatPawn
  - Supes.MapWideOrbitalTradeBeacon
  - Jaxe.Bubbles
  - S4.ImTryingToSaveYou
  - Orion.Hospitality
  - Inglix.FasterBiosculptingPod
  - Mlie.DurableClothes
  - dubwise.dubsmintminimap
  - Ganja.DropInventory
  - telardo.DragSelect
  - avilmask.CommonSense
  - brrainz.cameraplus
  - Inglix.ApparelTaintedOnCorpseRot
  - UnlimitedHugs.AllowTool
  - brrainz.achtung
  - FrozenSnowFox.FilthVanishesWithRainAndTime
  - SClarke.GroundTargeter1.6temp
  - Dubwise.DubsMintMenus
  - KipsMods.AdjustableAbilityCooldowns
  - erdelf.MinifyEverything
  - microus.creepjoinersromance
  - Shipdontnuketile.Sentinel
  - Syrus.CustomizeAnimals
  - Mlie.PrisonCommons
  - Taranchuk.PerformanceOptimizer
  - dmitry6.RusPerformanceOptimizer
  - VanillaExpanded.VWE
  - Krkr.RocketMan
  - Mlie.SinglePlantTexturePatch
  - avilmask.PsychicHarmonizerLagFix (incompatible version)
Exception registering RimWorld.Precept_GravshipLaunch RimWorld.Precept_GravshipLaunch in loaded object directory with unique load ID Precept_1024: System.ArgumentException: An item with the same key has already been added. Key: Precept_1024
[Ref CC152DD4]
 [0x00006] in <51fded79cd284d4d911c5949aff4cb21>:0 
  at System.Collections.Generic.Dictionary`2[TKey,TValue].TryInsert (TKey key, TValue value, System.Collections.Generic.InsertionBehavior behavior) [0x0015a] in <51fded79cd284d4d911c5949aff4cb21>:0 
  at System.Collections.Generic.Dictionary`2[TKey,TValue].Add (TKey key, TValue value) [0x00000] in <51fded79cd284d4d911c5949aff4cb21>:0 
  at Verse.LoadedObjectDirectory.RegisterLoaded (Verse.ILoadReferenceable reffable) [0x000da] in <24d25868955f4df08b02c73b55f389fe>:0 
Exception registering TacticalGroups.PawnGroup  - 0 in loaded object directory with unique load ID TacticalGroups.PawnGroup6: System.ArgumentException: An item with the same key has already been added. Key: TacticalGroups.PawnGroup6
[Ref CC152DD4] Duplicate stacktrace, see ref for original
CustomizeAnimals: 'EggSpew' uses 'EggSpew' but ability does not require training to be usable
CustomizeAnimals: 'SludgeSpew' uses 'SludgeSpew' but ability does not require training to be usable
CustomizeAnimals: 'VEF_ControlledBlinking' uses 'VEF_ControlledBlinking' but ability does not require training to be usable
CustomizeAnimals: 'VEF_ControlledDetonation' uses 'VEF_ControlledDetonation' but ability does not require training to be usable
CustomizeAnimals: 'VEF_ControlledInvisibility' uses 'VEF_ControlledInvisibility' but ability does not require training to be usable
[Yayo's Animation] GC : animation data count [90 -> 0]
Unloading 0 Unused Serialized files (Serialized files now loaded: 8)
Unloading 11 unused Assets to reduce memory usage. Loaded Objects now: 65424.
Total: 1823.546900 ms (FindLiveObjects: 3.535900 ms CreateObjectMapping: 3.695000 ms MarkObjects: 1816.159300 ms  DeleteObjects: 0.156400 ms)

Banks started 10 jobs in one tick. newJob=Train (Job_68414912) A = Thing_Megasloth7376482 jobGiver=RimWorld.JobGiver_Work jobList=
Soyuz caught this error. Please don't report this to the RocketMan team unless you're certain RocketMan caused this error. with error System.NullReferenceException: Object reference not set to an instance of an object
[Ref 52F7AAA3]
  at Verse.GridsUtility.GetEdifice (Verse.IntVec3 c, Verse.Map map) [0x00000] in <24d25868955f4df08b02c73b55f389fe>:0 
  at Verse.AI.Pawn_PathFollower.BuildingBlockingNextPathCell () [0x00030] in <24d25868955f4df08b02c73b55f389fe>:0 
    - PREFIX OskarPotocki.VEF: Boolean VEF.Hediffs.PhasingPatches:NoBuildingBlocking(Building& __result, Pawn ___pawn)
  at Verse.AI.Pawn_PathFollower.TryEnterNextPathCell () [0x00000] in <24d25868955f4df08b02c73b55f389fe>:0 
    - POSTFIX OskarPotocki.VEF: Void VEF.Hediffs.PhasingPatches:UnfogEnteredCells(Pawn_PathFollower __instance, Pawn ___pawn)
  at Soyuz.Patches.Pawn_PathFollower_Patch+Pawn_PathFollower_PatherTick.Postfix (Verse.AI.Pawn_PathFollower __instance) [0x00014] in <3034aaaaa4ad436481584dde1b843a5c>:0 
  at Verse.AI.Pawn_PathFollower.PatherTick () [0x0059a] in <24d25868955f4df08b02c73b55f389fe>:0 
    - PREFIX Krkr.RocketMan.Soyuz: Void Soyuz.Patches.Pawn_PathFollower_Patch+Pawn_PathFollower_PatherTick:Prefix(Pawn_PathFollower __instance)
    - POSTFIX Krkr.RocketMan.Soyuz: Void Soyuz.Patches.Pawn_PathFollower_Patch+Pawn_PathFollower_PatherTick:Postfix(Pawn_PathFollower __instance)
    - FINALIZER Krkr.RocketMan.Soyuz: Void Soyuz.Patches.Pawn_PathFollower_Patch+Pawn_PathFollower_PatherTick:Finalizer(Exception __exception)
  at Verse.Pawn.Tick () [0x000a9] in <24d25868955f4df08b02c73b55f389fe>:0 
    - TRANSPILER Krkr.RocketMan.Soyuz: IEnumerable`1 Soyuz.Patches.Pawn_Tick_Patch:Transpiler(IEnumerable`1 instructions, ILGenerator generator)
    - POSTFIX Mlie.MarkThatPawn: Void MarkThatPawn.Harmony.Pawn_Tick:Postfix(Pawn __instance)
    - FINALIZER Krkr.RocketMan.Soyuz: Void Soyuz.Patches.Pawn_Tick_Patch:Finalizer(Pawn __instance, Exception __exception)
Exception ticking Rat8154678. Suppressing further errors. Exception: System.NullReferenceException: Object reference not set to an instance of an object
[Ref 1A60B8BD]
  at Verse.GridsUtility.GetEdifice (Verse.IntVec3 c, Verse.Map map) [0x00000] in <24d25868955f4df08b02c73b55f389fe>:0 
  at Verse.AI.Pawn_PathFollower.BuildingBlockingNextPathCell () [0x00030] in <24d25868955f4df08b02c73b55f389fe>:0 
    - PREFIX OskarPotocki.VEF: Boolean VEF.Hediffs.PhasingPatches:NoBuildingBlocking(Building& __result, Pawn ___pawn)
  at Verse.AI.Pawn_PathFollower.TryEnterNextPathCell () [0x00000] in <24d25868955f4df08b02c73b55f389fe>:0 
    - POSTFIX OskarPotocki.VEF: Void VEF.Hediffs.PhasingPatches:UnfogEnteredCells(Pawn_PathFollower __instance, Pawn ___pawn)
  at Soyuz.Patches.Pawn_PathFollower_Patch+Pawn_PathFollower_PatherTick.Postfix (Verse.AI.Pawn_PathFollower __instance) [0x00014] in <3034aaaaa4ad436481584dde1b843a5c>:0 
  at Verse.AI.Pawn_PathFollower.PatherTick () [0x0059a] in <24d25868955f4df08b02c73b55f389fe>:0 
    - PREFIX Krkr.RocketMan.Soyuz: Void Soyuz.Patches.Pawn_PathFollower_Patch+Pawn_PathFollower_PatherTick:Prefix(Pawn_PathFollower __instance)
    - POSTFIX Krkr.RocketMan.Soyuz: Void Soyuz.Patches.Pawn_PathFollower_Patch+Pawn_PathFollower_PatherTick:Postfix(Pawn_PathFollower __instance)
    - FINALIZER Krkr.RocketMan.Soyuz: Void Soyuz.Patches.Pawn_PathFollower_Patch+Pawn_PathFollower_PatherTick:Finalizer(Exception __exception)
  at Verse.Pawn.Tick () [0x003e8] in <24d25868955f4df08b02c73b55f389fe>:0 
    - TRANSPILER Krkr.RocketMan.Soyuz: IEnumerable`1 Soyuz.Patches.Pawn_Tick_Patch:Transpiler(IEnumerable`1 instructions, ILGenerator generator)
    - POSTFIX Mlie.MarkThatPawn: Void MarkThatPawn.Harmony.Pawn_Tick:Postfix(Pawn __instance)
    - FINALIZER Krkr.RocketMan.Soyuz: Void Soyuz.Patches.Pawn_Tick_Patch:Finalizer(Pawn __instance, Exception __exception)
  at Verse.Thing.DoTick () [0x0007b] in <24d25868955f4df08b02c73b55f389fe>:0 
  at Verse.TickList.Tick () [0x00139] in <24d25868955f4df08b02c73b55f389fe>:0 
Soyuz caught this error. Please don't report this to the RocketMan team unless you're certain RocketMan caused this error. with error System.NullReferenceException: Object reference not set to an instance of an object
[Ref 52F7AAA3]
  at Verse.GridsUtility.GetEdifice (Verse.IntVec3 c, Verse.Map map) [0x00000] in <24d25868955f4df08b02c73b55f389fe>:0 
  at Verse.AI.Pawn_PathFollower.BuildingBlockingNextPathCell () [0x00030] in <24d25868955f4df08b02c73b55f389fe>:0 
    - PREFIX OskarPotocki.VEF: Boolean VEF.Hediffs.PhasingPatches:NoBuildingBlocking(Building& __result, Pawn ___pawn)
  at Verse.AI.Pawn_PathFollower.TryEnterNextPathCell () [0x00000] in <24d25868955f4df08b02c73b55f389fe>:0 
    - POSTFIX OskarPotocki.VEF: Void VEF.Hediffs.PhasingPatches:UnfogEnteredCells(Pawn_PathFollower __instance, Pawn ___pawn)
  at Soyuz.Patches.Pawn_PathFollower_Patch+Pawn_PathFollower_PatherTick.Postfix (Verse.AI.Pawn_PathFollower __instance) [0x00014] in <3034aaaaa4ad436481584dde1b843a5c>:0 
  at Verse.AI.Pawn_PathFollower.PatherTick () [0x0059a] in <24d25868955f4df08b02c73b55f389fe>:0 
    - PREFIX Krkr.RocketMan.Soyuz: Void Soyuz.Patches.Pawn_PathFollower_Patch+Pawn_PathFollower_PatherTick:Prefix(Pawn_PathFollower __instance)
    - POSTFIX Krkr.RocketMan.Soyuz: Void Soyuz.Patches.Pawn_PathFollower_Patch+Pawn_PathFollower_PatherTick:Postfix(Pawn_PathFollower __instance)
    - FINALIZER Krkr.RocketMan.Soyuz: Void Soyuz.Patches.Pawn_PathFollower_Patch+Pawn_PathFollower_PatherTick:Finalizer(Exception __exception)
  at Verse.Pawn.Tick () [0x000a9] in <24d25868955f4df08b02c73b55f389fe>:0 
    - TRANSPILER Krkr.RocketMan.Soyuz: IEnumerable`1 Soyuz.Patches.Pawn_Tick_Patch:Transpiler(IEnumerable`1 instructions, ILGenerator generator)
    - POSTFIX Mlie.MarkThatPawn: Void MarkThatPawn.Harmony.Pawn_Tick:Postfix(Pawn __instance)
    - FINALIZER Krkr.RocketMan.Soyuz: Void Soyuz.Patches.Pawn_Tick_Patch:Finalizer(Pawn __instance, Exception __exception)
Exception ticking Raccoon8033195. Suppressing further errors. Exception: System.NullReferenceException: Object reference not set to an instance of an object
[Ref 1A60B8BD]
  at Verse.GridsUtility.GetEdifice (Verse.IntVec3 c, Verse.Map map) [0x00000] in <24d25868955f4df08b02c73b55f389fe>:0 
  at Verse.AI.Pawn_PathFollower.BuildingBlockingNextPathCell () [0x00030] in <24d25868955f4df08b02c73b55f389fe>:0 
    - PREFIX OskarPotocki.VEF: Boolean VEF.Hediffs.PhasingPatches:NoBuildingBlocking(Building& __result, Pawn ___pawn)
  at Verse.AI.Pawn_PathFollower.TryEnterNextPathCell () [0x00000] in <24d25868955f4df08b02c73b55f389fe>:0 
    - POSTFIX OskarPotocki.VEF: Void VEF.Hediffs.PhasingPatches:UnfogEnteredCells(Pawn_PathFollower __instance, Pawn ___pawn)
  at Soyuz.Patches.Pawn_PathFollower_Patch+Pawn_PathFollower_PatherTick.Postfix (Verse.AI.Pawn_PathFollower __instance) [0x00014] in <3034aaaaa4ad436481584dde1b843a5c>:0 
  at Verse.AI.Pawn_PathFollower.PatherTick () [0x0059a] in <24d25868955f4df08b02c73b55f389fe>:0 
    - PREFIX Krkr.RocketMan.Soyuz: Void Soyuz.Patches.Pawn_PathFollower_Patch+Pawn_PathFollower_PatherTick:Prefix(Pawn_PathFollower __instance)
    - POSTFIX Krkr.RocketMan.Soyuz: Void Soyuz.Patches.Pawn_PathFollower_Patch+Pawn_PathFollower_PatherTick:Postfix(Pawn_PathFollower __instance)
    - FINALIZER Krkr.RocketMan.Soyuz: Void Soyuz.Patches.Pawn_PathFollower_Patch+Pawn_PathFollower_PatherTick:Finalizer(Exception __exception)
  at Verse.Pawn.Tick () [0x003e8] in <24d25868955f4df08b02c73b55f389fe>:0 
    - TRANSPILER Krkr.RocketMan.Soyuz: IEnumerable`1 Soyuz.Patches.Pawn_Tick_Patch:Transpiler(IEnumerable`1 instructions, ILGenerator generator)
    - POSTFIX Mlie.MarkThatPawn: Void MarkThatPawn.Harmony.Pawn_Tick:Postfix(Pawn __instance)
    - FINALIZER Krkr.RocketMan.Soyuz: Void Soyuz.Patches.Pawn_Tick_Patch:Finalizer(Pawn __instance, Exception __exception)
  at Verse.Thing.DoTick () [0x0007b] in <24d25868955f4df08b02c73b55f389fe>:0 
  at Verse.TickList.Tick () [0x00139] in <24d25868955f4df08b02c73b55f389fe>:0 
Banks started 10 jobs in one tick. newJob=Train (Job_68451285) A = Thing_AlphaThrumbo3937365 jobGiver=RimWorld.JobGiver_Work jobList=
[Yayo's Animation] GC : animation data count [398 -> 379]
Dougherty started 10 jobs in one tick. newJob=Train (Job_68475531) A = Thing_AlphaThrumbo6644270 jobGiver=RimWorld.JobGiver_Work jobList=
Banks started 10 jobs in one tick. newJob=Train (Job_68485365) A = Thing_AlphaThrumbo7649608 jobGiver=RimWorld.JobGiver_Work jobList=
Qiuxiaoye started 10 jobs in one tick. newJob=Train (Job_68536115) A = Thing_Megasloth7147407 jobGiver=RimWorld.JobGiver_Work jobList=
Qiuxiaoye started 10 jobs in one tick. newJob=Train (Job_68546084) A = Thing_Megasloth6711283 jobGiver=RimWorld.JobGiver_Work jobList=
Exception ticking Леремба (at (24, 0, 43)). Suppressing further errors. Exception: System.NullReferenceException: Object reference not set to an instance of an object
[Ref 2D939FB7]
  at PsychicHarmonizerLagFix.Thought_PsychicHarmonizerCached.getMoodOffset () [0x00015] in <6636507d92a149369c6eed034bc32387>:0 
  at PsychicHarmonizerLagFix.Thought_PsychicHarmonizerCached.MoodOffset () [0x00026] in <6636507d92a149369c6eed034bc32387>:0 
  at RimWorld.ThoughtHandler.GetAllMoodThoughts (System.Collections.Generic.List`1[T] outThoughts) [0x0001e] in <24d25868955f4df08b02c73b55f389fe>:0 
  at RimWorld.ThoughtHandler.GetDistinctMoodThoughtGroups (System.Collections.Generic.List`1[T] outThoughts) [0x00000] in <24d25868955f4df08b02c73b55f389fe>:0 
  at RimWorld.ThoughtHandler.TotalMoodOffset () [0x00023] in <24d25868955f4df08b02c73b55f389fe>:0 
    - PREFIX PerformanceOptimizer.Main: Boolean PerformanceOptimizer.Optimization_ThoughtHandler_TotalMoodOffset:Prefix(ThoughtHandler __instance, CachedValueTick`1& __state, Single& __result)
    - POSTFIX PerformanceOptimizer.Main: Void PerformanceOptimizer.Optimization_ThoughtHandler_TotalMoodOffset:Postfix(CachedValueTick`1 __state, Single& __result)
  at RimWorld.Need_Mood.get_CurInstantLevel () [0x00015] in <24d25868955f4df08b02c73b55f389fe>:0 
  at RimWorld.Need_Seeker.NeedInterval () [0x00008] in <24d25868955f4df08b02c73b55f389fe>:0 
  at RimWorld.Need_Mood.NeedInterval () [0x00000] in <24d25868955f4df08b02c73b55f389fe>:0 
    - POSTFIX net.avilmask.rimworld.mod.CommonSense: Void CommonSense.Need_NeedInterval_CommonSensePatch:Postfix(Need_Mood __instance)
  at RimWorld.Pawn_NeedsTracker.NeedsTrackerTickInterval (System.Int32 delta) [0x000a0] in <24d25868955f4df08b02c73b55f389fe>:0 
    - TRANSPILER Krkr.RocketMan.Soyuz: IEnumerable`1 Soyuz.Patches.Pawn_NeedsTracker_NeedTrackerTick_Patch:Transpiler(IEnumerable`1 instructions, ILGenerator generator)
    - PREFIX Krkr.RocketMan: Void RocketMan.Patches.BeautyUtility_Patch+Pawn_NeedsTracker_Patch:Prefix(Pawn_NeedsTracker __instance)
    - FINALIZER Krkr.RocketMan: Void RocketMan.Patches.BeautyUtility_Patch+Pawn_NeedsTracker_Patch:Finalizer(Exception __exception)
  at Verse.Pawn.TickInterval (System.Int32 delta) [0x00142] in <24d25868955f4df08b02c73b55f389fe>:0 
  at Verse.Thing.DoTick () [0x000eb] in <24d25868955f4df08b02c73b55f389fe>:0 
  at Verse.TickList.Tick () [0x00139] in <24d25868955f4df08b02c73b55f389fe>:0 
Exception ticking Waugh (at (70, 0, 47)). Suppressing further errors. Exception: System.NullReferenceException: Object reference not set to an instance of an object
[Ref 2D939FB7]
  at PsychicHarmonizerLagFix.Thought_PsychicHarmonizerCached.getMoodOffset () [0x00015] in <6636507d92a149369c6eed034bc32387>:0 
  at PsychicHarmonizerLagFix.Thought_PsychicHarmonizerCached.MoodOffset () [0x00026] in <6636507d92a149369c6eed034bc32387>:0 
  at RimWorld.ThoughtHandler.GetAllMoodThoughts (System.Collections.Generic.List`1[T] outThoughts) [0x0001e] in <24d25868955f4df08b02c73b55f389fe>:0 
  at RimWorld.ThoughtHandler.GetDistinctMoodThoughtGroups (System.Collections.Generic.List`1[T] outThoughts) [0x00000] in <24d25868955f4df08b02c73b55f389fe>:0 
  at RimWorld.ThoughtHandler.TotalMoodOffset () [0x00023] in <24d25868955f4df08b02c73b55f389fe>:0 
    - PREFIX PerformanceOptimizer.Main: Boolean PerformanceOptimizer.Optimization_ThoughtHandler_TotalMoodOffset:Prefix(ThoughtHandler __instance, CachedValueTick`1& __state, Single& __result)
    - POSTFIX PerformanceOptimizer.Main: Void PerformanceOptimizer.Optimization_ThoughtHandler_TotalMoodOffset:Postfix(CachedValueTick`1 __state, Single& __result)
  at RimWorld.Need_Mood.get_CurInstantLevel () [0x00015] in <24d25868955f4df08b02c73b55f389fe>:0 
  at RimWorld.Need_Seeker.NeedInterval () [0x00008] in <24d25868955f4df08b02c73b55f389fe>:0 
  at RimWorld.Need_Mood.NeedInterval () [0x00000] in <24d25868955f4df08b02c73b55f389fe>:0 
    - POSTFIX net.avilmask.rimworld.mod.CommonSense: Void CommonSense.Need_NeedInterval_CommonSensePatch:Postfix(Need_Mood __instance)
  at RimWorld.Pawn_NeedsTracker.NeedsTrackerTickInterval (System.Int32 delta) [0x000a0] in <24d25868955f4df08b02c73b55f389fe>:0 
    - TRANSPILER Krkr.RocketMan.Soyuz: IEnumerable`1 Soyuz.Patches.Pawn_NeedsTracker_NeedTrackerTick_Patch:Transpiler(IEnumerable`1 instructions, ILGenerator generator)
    - PREFIX Krkr.RocketMan: Void RocketMan.Patches.BeautyUtility_Patch+Pawn_NeedsTracker_Patch:Prefix(Pawn_NeedsTracker __instance)
    - FINALIZER Krkr.RocketMan: Void RocketMan.Patches.BeautyUtility_Patch+Pawn_NeedsTracker_Patch:Finalizer(Exception __exception)
  at Verse.Pawn.TickInterval (System.Int32 delta) [0x00142] in <24d25868955f4df08b02c73b55f389fe>:0 
  at Verse.Thing.DoTick () [0x000eb] in <24d25868955f4df08b02c73b55f389fe>:0 
  at Verse.TickList.Tick () [0x00139] in <24d25868955f4df08b02c73b55f389fe>:0 
Exception ticking Даркакс (at (19, 0, 72)). Suppressing further errors. Exception: System.NullReferenceException: Object reference not set to an instance of an object
[Ref 2D939FB7] Duplicate stacktrace, see ref for original
Exception ticking Леремба (at (86, 0, 88)). Suppressing further errors. Exception: System.NullReferenceException: Object reference not set to an instance of an object
[Ref 2D939FB7] Duplicate stacktrace, see ref for original
Exception ticking Джесс (at (103, 0, 42)). Suppressing further errors. Exception: System.NullReferenceException: Object reference not set to an instance of an object
[Ref 2D939FB7] Duplicate stacktrace, see ref for original
SearchAndDestroy_Gizmo_Melee toggle
SearchAndDestroy_Gizmo_Melee toggle
SearchAndDestroy_Gizmo_Melee toggle
SearchAndDestroy_Gizmo_Melee toggle
SearchAndDestroy_Gizmo_Melee toggle
SearchAndDestroy_Gizmo_Melee toggle
SearchAndDestroy_Gizmo_Melee toggle
SearchAndDestroy_Gizmo_Melee toggle
SearchAndDestroy_Gizmo_Melee toggle
Unloading 1 Unused Serialized files (Serialized files now loaded: 8)
Unloading 36 unused Assets to reduce memory usage. Loaded Objects now: 59048.
Total: 1945.577300 ms (FindLiveObjects: 4.049700 ms CreateObjectMapping: 3.677500 ms MarkObjects: 1937.658500 ms  DeleteObjects: 0.191300 ms)

Unloading 2 Unused Serialized files (Serialized files now loaded: 8)
[PhysX] Initialized MultithreadedTaskDispatcher with 24 workers.
UnloadTime: 1.512600 ms
QualityBuilder added property to '0' things
Unloading 6 unused Assets to reduce memory usage. Loaded Objects now: 57356.
Total: 1917.380800 ms (FindLiveObjects: 3.393300 ms CreateObjectMapping: 2.865100 ms MarkObjects: 1910.975800 ms  DeleteObjects: 0.146300 ms)

Loading game from file Адептус Механикус8888 with mods:
  - brrainz.harmony
  - Ludeon.RimWorld
  - Ludeon.RimWorld.Royalty
  - Ludeon.RimWorld.Ideology
  - Ludeon.RimWorld.Biotech
  - Ludeon.RimWorld.Anomaly
  - Ludeon.RimWorld.Odyssey
  - DerekBickley.LTOColonyGroupsFinal
  - LZWS.DerekBickley.LTOColonyGroupsFinal
  - UnlimitedHugs.HugsLib
  - com.yayo.yayoAni.continued
  - Sl4vP0weR.WeAreUnited
  - TimmyLiang.TradeHelper
  - Mlie.ShowMeYourHands
  - BP.ShowBuildableMaterialCount
  - OskarPotocki.VanillaFactionsExpanded.Core
  - MemeGoddess.SearchAndDestroy
  - Jaxe.RimHUD
  - kamikadza13.RimHUD
  - Memegoddess.ReplaceStuff
  - longwater.smartstockpilecreation
  - hatti.qualitybuilder
  - telardo.NumbersTraitAddOn
  - DawnsGlow.Numbers
  - Andromeda.NiceHealthTab
  - Andromeda.NiceHands
  - Mlie.MarkThatPawn
  - Supes.MapWideOrbitalTradeBeacon
  - Jaxe.Bubbles
  - S4.ImTryingToSaveYou
  - Orion.Hospitality
  - Inglix.FasterBiosculptingPod
  - Mlie.DurableClothes
  - dubwise.dubsmintminimap
  - Ganja.DropInventory
  - telardo.DragSelect
  - avilmask.CommonSense
  - brrainz.cameraplus
  - Inglix.ApparelTaintedOnCorpseRot
  - UnlimitedHugs.AllowTool
  - brrainz.achtung
  - FrozenSnowFox.FilthVanishesWithRainAndTime
  - SClarke.GroundTargeter1.6temp
  - Dubwise.DubsMintMenus
  - KipsMods.AdjustableAbilityCooldowns
  - erdelf.MinifyEverything
  - microus.creepjoinersromance
  - Shipdontnuketile.Sentinel
  - Syrus.CustomizeAnimals
  - Mlie.PrisonCommons
  - Taranchuk.PerformanceOptimizer
  - dmitry6.RusPerformanceOptimizer
  - VanillaExpanded.VWE
  - Krkr.RocketMan
  - Mlie.SinglePlantTexturePatch
  - avilmask.PsychicHarmonizerLagFix (incompatible version)
Exception registering RimWorld.Precept_GravshipLaunch RimWorld.Precept_GravshipLaunch in loaded object directory with unique load ID Precept_1024: System.ArgumentException: An item with the same key has already been added. Key: Precept_1024
[Ref CC152DD4]
 [0x00006] in <51fded79cd284d4d911c5949aff4cb21>:0 
  at System.Collections.Generic.Dictionary`2[TKey,TValue].TryInsert (TKey key, TValue value, System.Collections.Generic.InsertionBehavior behavior) [0x0015a] in <51fded79cd284d4d911c5949aff4cb21>:0 
  at System.Collections.Generic.Dictionary`2[TKey,TValue].Add (TKey key, TValue value) [0x00000] in <51fded79cd284d4d911c5949aff4cb21>:0 
  at Verse.LoadedObjectDirectory.RegisterLoaded (Verse.ILoadReferenceable reffable) [0x000da] in <24d25868955f4df08b02c73b55f389fe>:0 
Exception registering TacticalGroups.PawnGroup  - 0 in loaded object directory with unique load ID TacticalGroups.PawnGroup6: System.ArgumentException: An item with the same key has already been added. Key: TacticalGroups.PawnGroup6
[Ref CC152DD4] Duplicate stacktrace, see ref for original
Could not resolve reference to object with loadID Lord_1994 of type Verse.AI.Group.Lord. Was it compressed away, destroyed, had no ID number, or not saved/loaded right? curParent=Tran curPathRelToParent=
Could not resolve reference to object with loadID Lord_1994 of type Verse.AI.Group.Lord. Was it compressed away, destroyed, had no ID number, or not saved/loaded right? curParent=Аллигатор curPathRelToParent=
Could not resolve reference to object with loadID Lord_1994 of type Verse.AI.Group.Lord. Was it compressed away, destroyed, had no ID number, or not saved/loaded right? curParent=Dougherty curPathRelToParent=
Could not resolve reference to object with loadID Lord_1994 of type Verse.AI.Group.Lord. Was it compressed away, destroyed, had no ID number, or not saved/loaded right? curParent=Alla curPathRelToParent=
Could not resolve reference to object with loadID Lord_1994 of type Verse.AI.Group.Lord. Was it compressed away, destroyed, had no ID number, or not saved/loaded right? curParent=Ryan curPathRelToParent=
Could not resolve reference to object with loadID Lord_1994 of type Verse.AI.Group.Lord. Was it compressed away, destroyed, had no ID number, or not saved/loaded right? curParent=Эстель curPathRelToParent=
Could not resolve reference to object with loadID Lord_1994 of type Verse.AI.Group.Lord. Was it compressed away, destroyed, had no ID number, or not saved/loaded right? curParent=Waldo curPathRelToParent=
Could not resolve reference to object with loadID Lord_1994 of type Verse.AI.Group.Lord. Was it compressed away, destroyed, had no ID number, or not saved/loaded right? curParent=Фосоп curPathRelToParent=
Could not resolve reference to object with loadID Lord_1994 of type Verse.AI.Group.Lord. Was it compressed away, destroyed, had no ID number, or not saved/loaded right? curParent=Сноу curPathRelToParent=
Could not resolve reference to object with loadID Lord_1994 of type Verse.AI.Group.Lord. Was it compressed away, destroyed, had no ID number, or not saved/loaded right? curParent=Бартас curPathRelToParent=
Could not resolve reference to object with loadID Lord_1994 of type Verse.AI.Group.Lord. Was it compressed away, destroyed, had no ID number, or not saved/loaded right? curParent=Waugh curPathRelToParent=
Could not resolve reference to object with loadID Lord_1994 of type Verse.AI.Group.Lord. Was it compressed away, destroyed, had no ID number, or not saved/loaded right? curParent=Кахнав curPathRelToParent=
Could not resolve reference to object with loadID Lord_1994 of type Verse.AI.Group.Lord. Was it compressed away, destroyed, had no ID number, or not saved/loaded right? curParent=Джесс curPathRelToParent=
Could not resolve reference to object with loadID Lord_1994 of type Verse.AI.Group.Lord. Was it compressed away, destroyed, had no ID number, or not saved/loaded right? curParent=Габра curPathRelToParent=
Could not resolve reference to object with loadID Lord_1994 of type Verse.AI.Group.Lord. Was it compressed away, destroyed, had no ID number, or not saved/loaded right? curParent=Erys curPathRelToParent=
Could not resolve reference to object with loadID Lord_1994 of type Verse.AI.Group.Lord. Was it compressed away, destroyed, had no ID number, or not saved/loaded right? curParent=Мейси curPathRelToParent=
Could not resolve reference to object with loadID Lord_1994 of type Verse.AI.Group.Lord. Was it compressed away, destroyed, had no ID number, or not saved/loaded right? curParent=Ровозз curPathRelToParent=
Could not resolve reference to object with loadID Lord_1994 of type Verse.AI.Group.Lord. Was it compressed away, destroyed, had no ID number, or not saved/loaded right? curParent=Инеро curPathRelToParent=
Could not resolve reference to object with loadID Lord_1994 of type Verse.AI.Group.Lord. Was it compressed away, destroyed, had no ID number, or not saved/loaded right? curParent=Воробей curPathRelToParent=
Could not resolve reference to object with loadID Lord_1994 of type Verse.AI.Group.Lord. Was it compressed away, destroyed, had no ID number, or not saved/loaded right? curParent=Готорн curPathRelToParent=
Could not resolve reference to object with loadID Lord_1994 of type Verse.AI.Group.Lord. Was it compressed away, destroyed, had no ID number, or not saved/loaded right? curParent=Wood curPathRelToParent=
Could not resolve reference to object with loadID Lord_1994 of type Verse.AI.Group.Lord. Was it compressed away, destroyed, had no ID number, or not saved/loaded right? curParent=Ана curPathRelToParent=
Could not resolve reference to object with loadID Lord_1994 of type Verse.AI.Group.Lord. Was it compressed away, destroyed, had no ID number, or not saved/loaded right? curParent=Wolfe curPathRelToParent=
Could not resolve reference to object with loadID Lord_1994 of type Verse.AI.Group.Lord. Was it compressed away, destroyed, had no ID number, or not saved/loaded right? curParent=Таркус curPathRelToParent=
Could not resolve reference to object with loadID Lord_1994 of type Verse.AI.Group.Lord. Was it compressed away, destroyed, had no ID number, or not saved/loaded right? curParent=Хриопп curPathRelToParent=
Could not resolve reference to object with loadID Lord_1994 of type Verse.AI.Group.Lord. Was it compressed away, destroyed, had no ID number, or not saved/loaded right? curParent=Oleg curPathRelToParent=
Could not resolve reference to object with loadID Lord_1994 of type Verse.AI.Group.Lord. Was it compressed away, destroyed, had no ID number, or not saved/loaded right? curParent=Macias curPathRelToParent=
Could not resolve reference to object with loadID Lord_1994 of type Verse.AI.Group.Lord. Was it compressed away, destroyed, had no ID number, or not saved/loaded right? curParent=Banks curPathRelToParent=
Could not resolve reference to object with loadID Lord_1994 of type Verse.AI.Group.Lord. Was it compressed away, destroyed, had no ID number, or not saved/loaded right? curParent=Darcey curPathRelToParent=
Could not resolve reference to object with loadID Lord_1994 of type Verse.AI.Group.Lord. Was it compressed away, destroyed, had no ID number, or not saved/loaded right? curParent=Зеив curPathRelToParent=
Could not resolve reference to object with loadID Lord_1994 of type Verse.AI.Group.Lord. Was it compressed away, destroyed, had no ID number, or not saved/loaded right? curParent=Ben curPathRelToParent=
Could not resolve reference to object with loadID Lord_1994 of type Verse.AI.Group.Lord. Was it compressed away, destroyed, had no ID number, or not saved/loaded right? curParent=Филантропена curPathRelToParent=
Could not resolve reference to object with loadID Lord_1994 of type Verse.AI.Group.Lord. Was it compressed away, destroyed, had no ID number, or not saved/loaded right? curParent=Cynapse curPathRelToParent=
Could not resolve reference to object with loadID Lord_1994 of type Verse.AI.Group.Lord. Was it compressed away, destroyed, had no ID number, or not saved/loaded right? curParent=Леремба curPathRelToParent=
Could not resolve reference to object with loadID Lord_1994 of type Verse.AI.Group.Lord. Was it compressed away, destroyed, had no ID number, or not saved/loaded right? curParent=Алексей curPathRelToParent=
Could not resolve reference to object with loadID Lord_1994 of type Verse.AI.Group.Lord. Was it compressed away, destroyed, had no ID number, or not saved/loaded right? curParent=Акеми curPathRelToParent=
Could not resolve reference to object with loadID Lord_1994 of type Verse.AI.Group.Lord. Was it compressed away, destroyed, had no ID number, or not saved/loaded right? curParent=Бууб curPathRelToParent=
Could not resolve reference to object with loadID Lord_1994 of type Verse.AI.Group.Lord. Was it compressed away, destroyed, had no ID number, or not saved/loaded right? curParent=Торн (Уиспер) curPathRelToParent=
Could not resolve reference to object with loadID Lord_1994 of type Verse.AI.Group.Lord. Was it compressed away, destroyed, had no ID number, or not saved/loaded right? curParent=Qiuxiaoye curPathRelToParent=
Could not resolve reference to object with loadID Lord_1994 of type Verse.AI.Group.Lord. Was it compressed away, destroyed, had no ID number, or not saved/loaded right? curParent=Даркакс curPathRelToParent=
Could not resolve reference to object with loadID Lord_1994 of type Verse.AI.Group.Lord. Was it compressed away, destroyed, had no ID number, or not saved/loaded right? curParent=Габра curPathRelToParent=
Could not resolve reference to object with loadID Lord_1994 of type Verse.AI.Group.Lord. Was it compressed away, destroyed, had no ID number, or not saved/loaded right? curParent=Humps curPathRelToParent=
Could not resolve reference to object with loadID Lord_1994 of type Verse.AI.Group.Lord. Was it compressed away, destroyed, had no ID number, or not saved/loaded right? curParent=Чайка curPathRelToParent=
Could not resolve reference to object with loadID Lord_1994 of type Verse.AI.Group.Lord. Was it compressed away, destroyed, had no ID number, or not saved/loaded right? curParent=Губия curPathRelToParent=
Could not resolve reference to object with loadID Lord_1994 of type Verse.AI.Group.Lord. Was it compressed away, destroyed, had no ID number, or not saved/loaded right? curParent=Меабиабру curPathRelToParent=
CustomizeAnimals: 'EggSpew' uses 'EggSpew' but ability does not require training to be usable
CustomizeAnimals: 'SludgeSpew' uses 'SludgeSpew' but ability does not require training to be usable
CustomizeAnimals: 'VEF_ControlledBlinking' uses 'VEF_ControlledBlinking' but ability does not require training to be usable
CustomizeAnimals: 'VEF_ControlledDetonation' uses 'VEF_ControlledDetonation' but ability does not require training to be usable
CustomizeAnimals: 'VEF_ControlledInvisibility' uses 'VEF_ControlledInvisibility' but ability does not require training to be usable
[Yayo's Animation] GC : animation data count [428 -> 0]
Unloading 0 Unused Serialized files (Serialized files now loaded: 8)
Unloading 11 unused Assets to reduce memory usage. Loaded Objects now: 65943.
Total: 2010.256400 ms (FindLiveObjects: 3.768700 ms CreateObjectMapping: 3.952700 ms MarkObjects: 2002.386200 ms  DeleteObjects: 0.148500 ms)

Banks started 10 jobs in one tick. newJob=Train (Job_68535618) A = Thing_Megasloth7147407 jobGiver=RimWorld.JobGiver_Work jobList=
Unloading 1 Unused Serialized files (Serialized files now loaded: 8)
Unloading 32 unused Assets to reduce memory usage. Loaded Objects now: 58923.
Total: 2057.488500 ms (FindLiveObjects: 4.158700 ms CreateObjectMapping: 3.626700 ms MarkObjects: 2049.514600 ms  DeleteObjects: 0.188200 ms)

Unloading 2 Unused Serialized files (Serialized files now loaded: 8)
[PhysX] Initialized MultithreadedTaskDispatcher with 24 workers.
UnloadTime: 1.471200 ms
Unloading 7 unused Assets to reduce memory usage. Loaded Objects now: 57512.
Total: 1936.826400 ms (FindLiveObjects: 3.056000 ms CreateObjectMapping: 2.758500 ms MarkObjects: 1930.875400 ms  DeleteObjects: 0.136300 ms)

Loading game from file Autosave-4 with mods:
  - brrainz.harmony
  - Ludeon.RimWorld
  - Ludeon.RimWorld.Royalty
  - Ludeon.RimWorld.Ideology
  - Ludeon.RimWorld.Biotech
  - Ludeon.RimWorld.Anomaly
  - Ludeon.RimWorld.Odyssey
  - DerekBickley.LTOColonyGroupsFinal
  - LZWS.DerekBickley.LTOColonyGroupsFinal
  - UnlimitedHugs.HugsLib
  - com.yayo.yayoAni.continued
  - Sl4vP0weR.WeAreUnited
  - TimmyLiang.TradeHelper
  - Mlie.ShowMeYourHands
  - BP.ShowBuildableMaterialCount
  - OskarPotocki.VanillaFactionsExpanded.Core
  - MemeGoddess.SearchAndDestroy
  - Jaxe.RimHUD
  - kamikadza13.RimHUD
  - Memegoddess.ReplaceStuff
  - longwater.smartstockpilecreation
  - hatti.qualitybuilder
  - telardo.NumbersTraitAddOn
  - DawnsGlow.Numbers
  - Andromeda.NiceHealthTab
  - Andromeda.NiceHands
  - Mlie.MarkThatPawn
  - Supes.MapWideOrbitalTradeBeacon
  - Jaxe.Bubbles
  - S4.ImTryingToSaveYou
  - Orion.Hospitality
  - Inglix.FasterBiosculptingPod
  - Mlie.DurableClothes
  - dubwise.dubsmintminimap
  - Ganja.DropInventory
  - telardo.DragSelect
  - avilmask.CommonSense
  - brrainz.cameraplus
  - Inglix.ApparelTaintedOnCorpseRot
  - UnlimitedHugs.AllowTool
  - brrainz.achtung
  - FrozenSnowFox.FilthVanishesWithRainAndTime
  - SClarke.GroundTargeter1.6temp
  - Dubwise.DubsMintMenus
  - KipsMods.AdjustableAbilityCooldowns
  - erdelf.MinifyEverything
  - microus.creepjoinersromance
  - Shipdontnuketile.Sentinel
  - Syrus.CustomizeAnimals
  - Mlie.PrisonCommons
  - Taranchuk.PerformanceOptimizer
  - dmitry6.RusPerformanceOptimizer
  - VanillaExpanded.VWE
  - Krkr.RocketMan
  - Mlie.SinglePlantTexturePatch
  - avilmask.PsychicHarmonizerLagFix (incompatible version)
QualityBuilder added property to '0' things
Exception registering RimWorld.Precept_GravshipLaunch RimWorld.Precept_GravshipLaunch in loaded object directory with unique load ID Precept_1024: System.ArgumentException: An item with the same key has already been added. Key: Precept_1024
[Ref CC152DD4]
 [0x00006] in <51fded79cd284d4d911c5949aff4cb21>:0 
  at System.Collections.Generic.Dictionary`2[TKey,TValue].TryInsert (TKey key, TValue value, System.Collections.Generic.InsertionBehavior behavior) [0x0015a] in <51fded79cd284d4d911c5949aff4cb21>:0 
  at System.Collections.Generic.Dictionary`2[TKey,TValue].Add (TKey key, TValue value) [0x00000] in <51fded79cd284d4d911c5949aff4cb21>:0 
  at Verse.LoadedObjectDirectory.RegisterLoaded (Verse.ILoadReferenceable reffable) [0x000da] in <24d25868955f4df08b02c73b55f389fe>:0 
Exception registering TacticalGroups.PawnGroup  - 0 in loaded object directory with unique load ID TacticalGroups.PawnGroup6: System.ArgumentException: An item with the same key has already been added. Key: TacticalGroups.PawnGroup6
[Ref CC152DD4] Duplicate stacktrace, see ref for original
Could not resolve reference to object with loadID Lord_1994 of type Verse.AI.Group.Lord. Was it compressed away, destroyed, had no ID number, or not saved/loaded right? curParent=Tran curPathRelToParent=
Could not resolve reference to object with loadID Lord_1994 of type Verse.AI.Group.Lord. Was it compressed away, destroyed, had no ID number, or not saved/loaded right? curParent=Аллигатор curPathRelToParent=
Could not resolve reference to object with loadID Lord_1994 of type Verse.AI.Group.Lord. Was it compressed away, destroyed, had no ID number, or not saved/loaded right? curParent=Dougherty curPathRelToParent=
Could not resolve reference to object with loadID Lord_1994 of type Verse.AI.Group.Lord. Was it compressed away, destroyed, had no ID number, or not saved/loaded right? curParent=Alla curPathRelToParent=
Could not resolve reference to object with loadID Lord_1994 of type Verse.AI.Group.Lord. Was it compressed away, destroyed, had no ID number, or not saved/loaded right? curParent=Ryan curPathRelToParent=
Could not resolve reference to object with loadID Lord_1994 of type Verse.AI.Group.Lord. Was it compressed away, destroyed, had no ID number, or not saved/loaded right? curParent=Эстель curPathRelToParent=
Could not resolve reference to object with loadID Lord_1994 of type Verse.AI.Group.Lord. Was it compressed away, destroyed, had no ID number, or not saved/loaded right? curParent=Waldo curPathRelToParent=
Could not resolve reference to object with loadID Lord_1994 of type Verse.AI.Group.Lord. Was it compressed away, destroyed, had no ID number, or not saved/loaded right? curParent=Фосоп curPathRelToParent=
Could not resolve reference to object with loadID Lord_1994 of type Verse.AI.Group.Lord. Was it compressed away, destroyed, had no ID number, or not saved/loaded right? curParent=Сноу curPathRelToParent=
Could not resolve reference to object with loadID Lord_1994 of type Verse.AI.Group.Lord. Was it compressed away, destroyed, had no ID number, or not saved/loaded right? curParent=Бартас curPathRelToParent=
Could not resolve reference to object with loadID Lord_1994 of type Verse.AI.Group.Lord. Was it compressed away, destroyed, had no ID number, or not saved/loaded right? curParent=Waugh curPathRelToParent=
Could not resolve reference to object with loadID Lord_1994 of type Verse.AI.Group.Lord. Was it compressed away, destroyed, had no ID number, or not saved/loaded right? curParent=Кахнав curPathRelToParent=
Could not resolve reference to object with loadID Lord_1994 of type Verse.AI.Group.Lord. Was it compressed away, destroyed, had no ID number, or not saved/loaded right? curParent=Джесс curPathRelToParent=
Could not resolve reference to object with loadID Lord_1994 of type Verse.AI.Group.Lord. Was it compressed away, destroyed, had no ID number, or not saved/loaded right? curParent=Габра curPathRelToParent=
Could not resolve reference to object with loadID Lord_1994 of type Verse.AI.Group.Lord. Was it compressed away, destroyed, had no ID number, or not saved/loaded right? curParent=Erys curPathRelToParent=
Could not resolve reference to object with loadID Lord_1994 of type Verse.AI.Group.Lord. Was it compressed away, destroyed, had no ID number, or not saved/loaded right? curParent=Мейси curPathRelToParent=
Could not resolve reference to object with loadID Lord_1994 of type Verse.AI.Group.Lord. Was it compressed away, destroyed, had no ID number, or not saved/loaded right? curParent=Ровозз curPathRelToParent=
Could not resolve reference to object with loadID Lord_1994 of type Verse.AI.Group.Lord. Was it compressed away, destroyed, had no ID number, or not saved/loaded right? curParent=Инеро curPathRelToParent=
Could not resolve reference to object with loadID Lord_1994 of type Verse.AI.Group.Lord. Was it compressed away, destroyed, had no ID number, or not saved/loaded right? curParent=Воробей curPathRelToParent=
Could not resolve reference to object with loadID Lord_1994 of type Verse.AI.Group.Lord. Was it compressed away, destroyed, had no ID number, or not saved/loaded right? curParent=Готорн curPathRelToParent=
Could not resolve reference to object with loadID Lord_1994 of type Verse.AI.Group.Lord. Was it compressed away, destroyed, had no ID number, or not saved/loaded right? curParent=Wood curPathRelToParent=
Could not resolve reference to object with loadID Lord_1994 of type Verse.AI.Group.Lord. Was it compressed away, destroyed, had no ID number, or not saved/loaded right? curParent=Ана curPathRelToParent=
Could not resolve reference to object with loadID Lord_1994 of type Verse.AI.Group.Lord. Was it compressed away, destroyed, had no ID number, or not saved/loaded right? curParent=Wolfe curPathRelToParent=
Could not resolve reference to object with loadID Lord_1994 of type Verse.AI.Group.Lord. Was it compressed away, destroyed, had no ID number, or not saved/loaded right? curParent=Таркус curPathRelToParent=
Could not resolve reference to object with loadID Lord_1994 of type Verse.AI.Group.Lord. Was it compressed away, destroyed, had no ID number, or not saved/loaded right? curParent=Хриопп curPathRelToParent=
Could not resolve reference to object with loadID Lord_1994 of type Verse.AI.Group.Lord. Was it compressed away, destroyed, had no ID number, or not saved/loaded right? curParent=Oleg curPathRelToParent=
Could not resolve reference to object with loadID Lord_1994 of type Verse.AI.Group.Lord. Was it compressed away, destroyed, had no ID number, or not saved/loaded right? curParent=Macias curPathRelToParent=
Could not resolve reference to object with loadID Lord_1994 of type Verse.AI.Group.Lord. Was it compressed away, destroyed, had no ID number, or not saved/loaded right? curParent=Banks curPathRelToParent=
Could not resolve reference to object with loadID Lord_1994 of type Verse.AI.Group.Lord. Was it compressed away, destroyed, had no ID number, or not saved/loaded right? curParent=Darcey curPathRelToParent=
Could not resolve reference to object with loadID Lord_1994 of type Verse.AI.Group.Lord. Was it compressed away, destroyed, had no ID number, or not saved/loaded right? curParent=Зеив curPathRelToParent=
Could not resolve reference to object with loadID Lord_1994 of type Verse.AI.Group.Lord. Was it compressed away, destroyed, had no ID number, or not saved/loaded right? curParent=Ben curPathRelToParent=
Could not resolve reference to object with loadID Lord_1994 of type Verse.AI.Group.Lord. Was it compressed away, destroyed, had no ID number, or not saved/loaded right? curParent=Филантропена curPathRelToParent=
Could not resolve reference to object with loadID Lord_1994 of type Verse.AI.Group.Lord. Was it compressed away, destroyed, had no ID number, or not saved/loaded right? curParent=Cynapse curPathRelToParent=
Could not resolve reference to object with loadID Lord_1994 of type Verse.AI.Group.Lord. Was it compressed away, destroyed, had no ID number, or not saved/loaded right? curParent=Леремба curPathRelToParent=
Could not resolve reference to object with loadID Lord_1994 of type Verse.AI.Group.Lord. Was it compressed away, destroyed, had no ID number, or not saved/loaded right? curParent=Алексей curPathRelToParent=
Could not resolve reference to object with loadID Lord_1994 of type Verse.AI.Group.Lord. Was it compressed away, destroyed, had no ID number, or not saved/loaded right? curParent=Акеми curPathRelToParent=
Could not resolve reference to object with loadID Lord_1994 of type Verse.AI.Group.Lord. Was it compressed away, destroyed, had no ID number, or not saved/loaded right? curParent=Бууб curPathRelToParent=
Could not resolve reference to object with loadID Lord_1994 of type Verse.AI.Group.Lord. Was it compressed away, destroyed, had no ID number, or not saved/loaded right? curParent=Торн (Уиспер) curPathRelToParent=
Could not resolve reference to object with loadID Lord_1994 of type Verse.AI.Group.Lord. Was it compressed away, destroyed, had no ID number, or not saved/loaded right? curParent=Qiuxiaoye curPathRelToParent=
Could not resolve reference to object with loadID Lord_1994 of type Verse.AI.Group.Lord. Was it compressed away, destroyed, had no ID number, or not saved/loaded right? curParent=Даркакс curPathRelToParent=
Could not resolve reference to object with loadID Lord_1994 of type Verse.AI.Group.Lord. Was it compressed away, destroyed, had no ID number, or not saved/loaded right? curParent=Габра curPathRelToParent=
Could not resolve reference to object with loadID Lord_1994 of type Verse.AI.Group.Lord. Was it compressed away, destroyed, had no ID number, or not saved/loaded right? curParent=Humps curPathRelToParent=
Could not resolve reference to object with loadID Lord_1994 of type Verse.AI.Group.Lord. Was it compressed away, destroyed, had no ID number, or not saved/loaded right? curParent=Чайка curPathRelToParent=
Could not resolve reference to object with loadID Lord_1994 of type Verse.AI.Group.Lord. Was it compressed away, destroyed, had no ID number, or not saved/loaded right? curParent=Губия curPathRelToParent=
Could not resolve reference to object with loadID Lord_1994 of type Verse.AI.Group.Lord. Was it compressed away, destroyed, had no ID number, or not saved/loaded right? curParent=Меабиабру curPathRelToParent=
CustomizeAnimals: 'EggSpew' uses 'EggSpew' but ability does not require training to be usable
CustomizeAnimals: 'SludgeSpew' uses 'SludgeSpew' but ability does not require training to be usable
CustomizeAnimals: 'VEF_ControlledBlinking' uses 'VEF_ControlledBlinking' but ability does not require training to be usable
CustomizeAnimals: 'VEF_ControlledDetonation' uses 'VEF_ControlledDetonation' but ability does not require training to be usable
CustomizeAnimals: 'VEF_ControlledInvisibility' uses 'VEF_ControlledInvisibility' but ability does not require training to be usable
[Yayo's Animation] GC : animation data count [400 -> 0]
Unloading 0 Unused Serialized files (Serialized files now loaded: 8)
Unloading 11 unused Assets to reduce memory usage. Loaded Objects now: 66155.
Total: 2040.443100 ms (FindLiveObjects: 3.749400 ms CreateObjectMapping: 3.881400 ms MarkObjects: 2032.652700 ms  DeleteObjects: 0.159100 ms)

Unloading 1 Unused Serialized files (Serialized files now loaded: 8)
Unloading 30 unused Assets to reduce memory usage. Loaded Objects now: 58232.
Total: 1961.041600 ms (FindLiveObjects: 3.293900 ms CreateObjectMapping: 2.648100 ms MarkObjects: 1954.898400 ms  DeleteObjects: 0.200600 ms)

Unloading 2 Unused Serialized files (Serialized files now loaded: 8)
[PhysX] Initialized MultithreadedTaskDispatcher with 24 workers.
UnloadTime: 1.410400 ms
QualityBuilder added property to '0' things
Unloading 6 unused Assets to reduce memory usage. Loaded Objects now: 57606.
Total: 1945.934900 ms (FindLiveObjects: 3.208000 ms CreateObjectMapping: 2.972200 ms MarkObjects: 1939.618600 ms  DeleteObjects: 0.136000 ms)

Loading game from file Адептус Механикус8888 with mods:
  - brrainz.harmony
  - Ludeon.RimWorld
  - Ludeon.RimWorld.Royalty
  - Ludeon.RimWorld.Ideology
  - Ludeon.RimWorld.Biotech
  - Ludeon.RimWorld.Anomaly
  - Ludeon.RimWorld.Odyssey
  - DerekBickley.LTOColonyGroupsFinal
  - LZWS.DerekBickley.LTOColonyGroupsFinal
  - UnlimitedHugs.HugsLib
  - com.yayo.yayoAni.continued
  - Sl4vP0weR.WeAreUnited
  - TimmyLiang.TradeHelper
  - Mlie.ShowMeYourHands
  - BP.ShowBuildableMaterialCount
  - OskarPotocki.VanillaFactionsExpanded.Core
  - MemeGoddess.SearchAndDestroy
  - Jaxe.RimHUD
  - kamikadza13.RimHUD
  - Memegoddess.ReplaceStuff
  - longwater.smartstockpilecreation
  - hatti.qualitybuilder
  - telardo.NumbersTraitAddOn
  - DawnsGlow.Numbers
  - Andromeda.NiceHealthTab
  - Andromeda.NiceHands
  - Mlie.MarkThatPawn
  - Supes.MapWideOrbitalTradeBeacon
  - Jaxe.Bubbles
  - S4.ImTryingToSaveYou
  - Orion.Hospitality
  - Inglix.FasterBiosculptingPod
  - Mlie.DurableClothes
  - dubwise.dubsmintminimap
  - Ganja.DropInventory
  - telardo.DragSelect
  - avilmask.CommonSense
  - brrainz.cameraplus
  - Inglix.ApparelTaintedOnCorpseRot
  - UnlimitedHugs.AllowTool
  - brrainz.achtung
  - FrozenSnowFox.FilthVanishesWithRainAndTime
  - SClarke.GroundTargeter1.6temp
  - Dubwise.DubsMintMenus
  - KipsMods.AdjustableAbilityCooldowns
  - erdelf.MinifyEverything
  - microus.creepjoinersromance
  - Shipdontnuketile.Sentinel
  - Syrus.CustomizeAnimals
  - Mlie.PrisonCommons
  - Taranchuk.PerformanceOptimizer
  - dmitry6.RusPerformanceOptimizer
  - VanillaExpanded.VWE
  - Krkr.RocketMan
  - Mlie.SinglePlantTexturePatch
  - avilmask.PsychicHarmonizerLagFix (incompatible version)
Exception registering RimWorld.Precept_GravshipLaunch RimWorld.Precept_GravshipLaunch in loaded object directory with unique load ID Precept_1024: System.ArgumentException: An item with the same key has already been added. Key: Precept_1024
[Ref CC152DD4]
 [0x00006] in <51fded79cd284d4d911c5949aff4cb21>:0 
  at System.Collections.Generic.Dictionary`2[TKey,TValue].TryInsert (TKey key, TValue value, System.Collections.Generic.InsertionBehavior behavior) [0x0015a] in <51fded79cd284d4d911c5949aff4cb21>:0 
  at System.Collections.Generic.Dictionary`2[TKey,TValue].Add (TKey key, TValue value) [0x00000] in <51fded79cd284d4d911c5949aff4cb21>:0 
  at Verse.LoadedObjectDirectory.RegisterLoaded (Verse.ILoadReferenceable reffable) [0x000da] in <24d25868955f4df08b02c73b55f389fe>:0 
Exception registering TacticalGroups.PawnGroup  - 0 in loaded object directory with unique load ID TacticalGroups.PawnGroup6: System.ArgumentException: An item with the same key has already been added. Key: TacticalGroups.PawnGroup6
[Ref CC152DD4] Duplicate stacktrace, see ref for original
Could not resolve reference to object with loadID Lord_1994 of type Verse.AI.Group.Lord. Was it compressed away, destroyed, had no ID number, or not saved/loaded right? curParent=Tran curPathRelToParent=
Could not resolve reference to object with loadID Lord_1994 of type Verse.AI.Group.Lord. Was it compressed away, destroyed, had no ID number, or not saved/loaded right? curParent=Аллигатор curPathRelToParent=
Could not resolve reference to object with loadID Lord_1994 of type Verse.AI.Group.Lord. Was it compressed away, destroyed, had no ID number, or not saved/loaded right? curParent=Dougherty curPathRelToParent=
Could not resolve reference to object with loadID Lord_1994 of type Verse.AI.Group.Lord. Was it compressed away, destroyed, had no ID number, or not saved/loaded right? curParent=Alla curPathRelToParent=
Could not resolve reference to object with loadID Lord_1994 of type Verse.AI.Group.Lord. Was it compressed away, destroyed, had no ID number, or not saved/loaded right? curParent=Ryan curPathRelToParent=
Could not resolve reference to object with loadID Lord_1994 of type Verse.AI.Group.Lord. Was it compressed away, destroyed, had no ID number, or not saved/loaded right? curParent=Эстель curPathRelToParent=
Could not resolve reference to object with loadID Lord_1994 of type Verse.AI.Group.Lord. Was it compressed away, destroyed, had no ID number, or not saved/loaded right? curParent=Waldo curPathRelToParent=
Could not resolve reference to object with loadID Lord_1994 of type Verse.AI.Group.Lord. Was it compressed away, destroyed, had no ID number, or not saved/loaded right? curParent=Фосоп curPathRelToParent=
Could not resolve reference to object with loadID Lord_1994 of type Verse.AI.Group.Lord. Was it compressed away, destroyed, had no ID number, or not saved/loaded right? curParent=Сноу curPathRelToParent=
Could not resolve reference to object with loadID Lord_1994 of type Verse.AI.Group.Lord. Was it compressed away, destroyed, had no ID number, or not saved/loaded right? curParent=Бартас curPathRelToParent=
Could not resolve reference to object with loadID Lord_1994 of type Verse.AI.Group.Lord. Was it compressed away, destroyed, had no ID number, or not saved/loaded right? curParent=Waugh curPathRelToParent=
Could not resolve reference to object with loadID Lord_1994 of type Verse.AI.Group.Lord. Was it compressed away, destroyed, had no ID number, or not saved/loaded right? curParent=Кахнав curPathRelToParent=
Could not resolve reference to object with loadID Lord_1994 of type Verse.AI.Group.Lord. Was it compressed away, destroyed, had no ID number, or not saved/loaded right? curParent=Джесс curPathRelToParent=
Could not resolve reference to object with loadID Lord_1994 of type Verse.AI.Group.Lord. Was it compressed away, destroyed, had no ID number, or not saved/loaded right? curParent=Габра curPathRelToParent=
Could not resolve reference to object with loadID Lord_1994 of type Verse.AI.Group.Lord. Was it compressed away, destroyed, had no ID number, or not saved/loaded right? curParent=Erys curPathRelToParent=
Could not resolve reference to object with loadID Lord_1994 of type Verse.AI.Group.Lord. Was it compressed away, destroyed, had no ID number, or not saved/loaded right? curParent=Мейси curPathRelToParent=
Could not resolve reference to object with loadID Lord_1994 of type Verse.AI.Group.Lord. Was it compressed away, destroyed, had no ID number, or not saved/loaded right? curParent=Ровозз curPathRelToParent=
Could not resolve reference to object with loadID Lord_1994 of type Verse.AI.Group.Lord. Was it compressed away, destroyed, had no ID number, or not saved/loaded right? curParent=Инеро curPathRelToParent=
Could not resolve reference to object with loadID Lord_1994 of type Verse.AI.Group.Lord. Was it compressed away, destroyed, had no ID number, or not saved/loaded right? curParent=Воробей curPathRelToParent=
Could not resolve reference to object with loadID Lord_1994 of type Verse.AI.Group.Lord. Was it compressed away, destroyed, had no ID number, or not saved/loaded right? curParent=Готорн curPathRelToParent=
Could not resolve reference to object with loadID Lord_1994 of type Verse.AI.Group.Lord. Was it compressed away, destroyed, had no ID number, or not saved/loaded right? curParent=Wood curPathRelToParent=
Could not resolve reference to object with loadID Lord_1994 of type Verse.AI.Group.Lord. Was it compressed away, destroyed, had no ID number, or not saved/loaded right? curParent=Ана curPathRelToParent=
Could not resolve reference to object with loadID Lord_1994 of type Verse.AI.Group.Lord. Was it compressed away, destroyed, had no ID number, or not saved/loaded right? curParent=Wolfe curPathRelToParent=
Could not resolve reference to object with loadID Lord_1994 of type Verse.AI.Group.Lord. Was it compressed away, destroyed, had no ID number, or not saved/loaded right? curParent=Таркус curPathRelToParent=
Could not resolve reference to object with loadID Lord_1994 of type Verse.AI.Group.Lord. Was it compressed away, destroyed, had no ID number, or not saved/loaded right? curParent=Хриопп curPathRelToParent=
Could not resolve reference to object with loadID Lord_1994 of type Verse.AI.Group.Lord. Was it compressed away, destroyed, had no ID number, or not saved/loaded right? curParent=Oleg curPathRelToParent=
Could not resolve reference to object with loadID Lord_1994 of type Verse.AI.Group.Lord. Was it compressed away, destroyed, had no ID number, or not saved/loaded right? curParent=Macias curPathRelToParent=
Could not resolve reference to object with loadID Lord_1994 of type Verse.AI.Group.Lord. Was it compressed away, destroyed, had no ID number, or not saved/loaded right? curParent=Banks curPathRelToParent=
Could not resolve reference to object with loadID Lord_1994 of type Verse.AI.Group.Lord. Was it compressed away, destroyed, had no ID number, or not saved/loaded right? curParent=Darcey curPathRelToParent=
Could not resolve reference to object with loadID Lord_1994 of type Verse.AI.Group.Lord. Was it compressed away, destroyed, had no ID number, or not saved/loaded right? curParent=Зеив curPathRelToParent=
Could not resolve reference to object with loadID Lord_1994 of type Verse.AI.Group.Lord. Was it compressed away, destroyed, had no ID number, or not saved/loaded right? curParent=Ben curPathRelToParent=
Could not resolve reference to object with loadID Lord_1994 of type Verse.AI.Group.Lord. Was it compressed away, destroyed, had no ID number, or not saved/loaded right? curParent=Филантропена curPathRelToParent=
Could not resolve reference to object with loadID Lord_1994 of type Verse.AI.Group.Lord. Was it compressed away, destroyed, had no ID number, or not saved/loaded right? curParent=Cynapse curPathRelToParent=
Could not resolve reference to object with loadID Lord_1994 of type Verse.AI.Group.Lord. Was it compressed away, destroyed, had no ID number, or not saved/loaded right? curParent=Леремба curPathRelToParent=
Could not resolve reference to object with loadID Lord_1994 of type Verse.AI.Group.Lord. Was it compressed away, destroyed, had no ID number, or not saved/loaded right? curParent=Алексей curPathRelToParent=
Could not resolve reference to object with loadID Lord_1994 of type Verse.AI.Group.Lord. Was it compressed away, destroyed, had no ID number, or not saved/loaded right? curParent=Акеми curPathRelToParent=
Could not resolve reference to object with loadID Lord_1994 of type Verse.AI.Group.Lord. Was it compressed away, destroyed, had no ID number, or not saved/loaded right? curParent=Бууб curPathRelToParent=
Could not resolve reference to object with loadID Lord_1994 of type Verse.AI.Group.Lord. Was it compressed away, destroyed, had no ID number, or not saved/loaded right? curParent=Торн (Уиспер) curPathRelToParent=
Could not resolve reference to object with loadID Lord_1994 of type Verse.AI.Group.Lord. Was it compressed away, destroyed, had no ID number, or not saved/loaded right? curParent=Qiuxiaoye curPathRelToParent=
Could not resolve reference to object with loadID Lord_1994 of type Verse.AI.Group.Lord. Was it compressed away, destroyed, had no ID number, or not saved/loaded right? curParent=Даркакс curPathRelToParent=
Could not resolve reference to object with loadID Lord_1994 of type Verse.AI.Group.Lord. Was it compressed away, destroyed, had no ID number, or not saved/loaded right? curParent=Габра curPathRelToParent=
Could not resolve reference to object with loadID Lord_1994 of type Verse.AI.Group.Lord. Was it compressed away, destroyed, had no ID number, or not saved/loaded right? curParent=Humps curPathRelToParent=
Could not resolve reference to object with loadID Lord_1994 of type Verse.AI.Group.Lord. Was it compressed away, destroyed, had no ID number, or not saved/loaded right? curParent=Чайка curPathRelToParent=
Could not resolve reference to object with loadID Lord_1994 of type Verse.AI.Group.Lord. Was it compressed away, destroyed, had no ID number, or not saved/loaded right? curParent=Губия curPathRelToParent=
Could not resolve reference to object with loadID Lord_1994 of type Verse.AI.Group.Lord. Was it compressed away, destroyed, had no ID number, or not saved/loaded right? curParent=Меабиабру curPathRelToParent=
CustomizeAnimals: 'EggSpew' uses 'EggSpew' but ability does not require training to be usable
CustomizeAnimals: 'SludgeSpew' uses 'SludgeSpew' but ability does not require training to be usable
CustomizeAnimals: 'VEF_ControlledBlinking' uses 'VEF_ControlledBlinking' but ability does not require training to be usable
CustomizeAnimals: 'VEF_ControlledDetonation' uses 'VEF_ControlledDetonation' but ability does not require training to be usable
CustomizeAnimals: 'VEF_ControlledInvisibility' uses 'VEF_ControlledInvisibility' but ability does not require training to be usable
[Yayo's Animation] GC : animation data count [378 -> 0]
Unloading 0 Unused Serialized files (Serialized files now loaded: 8)
Unloading 11 unused Assets to reduce memory usage. Loaded Objects now: 66176.
Total: 2147.242600 ms (FindLiveObjects: 4.070700 ms CreateObjectMapping: 3.524400 ms MarkObjects: 2139.498900 ms  DeleteObjects: 0.148400 ms)

Memory Statistics:
[ALLOC_TEMP_TLS] TLS Allocator
  StackAllocators : 
    [ALLOC_TEMP_MAIN]
      Peak usage frame count: [0-1.0 KB]: 36922 frames, [1.0 KB-2.0 KB]: 47 frames, [2.0 KB-4.0 KB]: 643055 frames, [4.0 KB-8.0 KB]: 127437 frames, [8.0 KB-16.0 KB]: 15941 frames, [16.0 KB-32.0 KB]: 1417 frames, [32.0 KB-64.0 KB]: 908 frames, [64.0 KB-128.0 KB]: 286 frames, [128.0 KB-256.0 KB]: 4 frames, [1.0 MB-2.0 MB]: 3 frames, [2.0 MB-4.0 MB]: 1 frames, [4.0 MB-8.0 MB]: 72 frames
      Initial Block Size 4.0 MB
      Current Block Size 8.0 MB
      Peak Allocated Bytes 8.0 MB
      Overflow Count 558
    [ALLOC_TEMP_Job.Worker 18]
      Initial Block Size 256.0 KB
      Current Block Size 256.0 KB
      Peak Allocated Bytes 144 B
      Overflow Count 0
    [ALLOC_TEMP_Loading.PreloadManager]
      Initial Block Size 256.0 KB
      Current Block Size 256.0 KB
      Peak Allocated Bytes 3.7 KB
      Overflow Count 88
    [ALLOC_TEMP_Background Job.Worker 8]
      Initial Block Size 32.0 KB
      Current Block Size 32.0 KB
      Peak Allocated Bytes 54 B
      Overflow Count 0
    [ALLOC_TEMP_Background Job.Worker 10]
      Initial Block Size 32.0 KB
      Current Block Size 32.0 KB
      Peak Allocated Bytes 54 B
      Overflow Count 0
    [ALLOC_TEMP_Job.Worker 16]
      Initial Block Size 256.0 KB
      Current Block Size 256.0 KB
      Peak Allocated Bytes 54 B
      Overflow Count 0
    [ALLOC_TEMP_Background Job.Worker 6]
      Initial Block Size 32.0 KB
      Current Block Size 32.0 KB
      Peak Allocated Bytes 54 B
      Overflow Count 0
    [ALLOC_TEMP_Job.Worker 4]
      Initial Block Size 256.0 KB
      Current Block Size 256.0 KB
      Peak Allocated Bytes 128 B
      Overflow Count 0
    [ALLOC_TEMP_Job.Worker 14]
      Initial Block Size 256.0 KB
      Current Block Size 256.0 KB
      Peak Allocated Bytes 128 B
      Overflow Count 0
    [ALLOC_TEMP_Job.Worker 17]
      Initial Block Size 256.0 KB
      Current Block Size 256.0 KB
      Peak Allocated Bytes 128 B
      Overflow Count 0
    [ALLOC_TEMP_Job.Worker 3]
      Initial Block Size 256.0 KB
      Current Block Size 256.0 KB
      Peak Allocated Bytes 128 B
      Overflow Count 0
    [ALLOC_TEMP_Background Job.Worker 12]
      Initial Block Size 32.0 KB
      Current Block Size 32.0 KB
      Peak Allocated Bytes 54 B
      Overflow Count 0
    [ALLOC_TEMP_Background Job.Worker 1]
      Initial Block Size 32.0 KB
      Current Block Size 32.0 KB
      Peak Allocated Bytes 54 B
      Overflow Count 0
    [ALLOC_TEMP_AssetGarbageCollectorHelper] x 23
      Initial Block Size 64.0 KB
      Current Block Size 64.0 KB
      Peak Allocated Bytes 138 B
      Overflow Count 0
    [ALLOC_TEMP_Background Job.Worker 5]
      Initial Block Size 32.0 KB
      Current Block Size 32.0 KB
      Peak Allocated Bytes 54 B
      Overflow Count 0
    [ALLOC_TEMP_Background Job.Worker 13]
      Initial Block Size 32.0 KB
      Current Block Size 32.0 KB
      Peak Allocated Bytes 54 B
      Overflow Count 0
    [ALLOC_TEMP_Background Job.Worker 11]
      Initial Block Size 32.0 KB
      Current Block Size 32.0 KB
      Peak Allocated Bytes 54 B
      Overflow Count 0
    [ALLOC_TEMP_Job.Worker 2]
      Initial Block Size 256.0 KB
      Current Block Size 256.0 KB
      Peak Allocated Bytes 480 B
      Overflow Count 0
    [ALLOC_TEMP_Background Job.Worker 3]
      Initial Block Size 32.0 KB
      Current Block Size 32.0 KB
      Peak Allocated Bytes 54 B
      Overflow Count 0
    [ALLOC_TEMP_Background Job.Worker 0]
      Initial Block Size 32.0 KB
      Current Block Size 32.0 KB
      Peak Allocated Bytes 54 B
      Overflow Count 0
    [ALLOC_TEMP_Job.Worker 20]
      Initial Block Size 256.0 KB
      Current Block Size 256.0 KB
      Peak Allocated Bytes 128 B
      Overflow Count 0
    [ALLOC_TEMP_Job.Worker 11]
      Initial Block Size 256.0 KB
      Current Block Size 256.0 KB
      Peak Allocated Bytes 128 B
      Overflow Count 0
    [ALLOC_TEMP_Background Job.Worker 4]
      Initial Block Size 32.0 KB
      Current Block Size 32.0 KB
      Peak Allocated Bytes 54 B
      Overflow Count 0
    [ALLOC_TEMP_BatchDeleteObjects]
      Initial Block Size 64.0 KB
      Current Block Size 64.0 KB
      Peak Allocated Bytes 54 B
      Overflow Count 0
    [ALLOC_TEMP_Job.Worker 6]
      Initial Block Size 256.0 KB
      Current Block Size 256.0 KB
      Peak Allocated Bytes 112 B
      Overflow Count 0
    [ALLOC_TEMP_Job.Worker 0]
      Initial Block Size 256.0 KB
      Current Block Size 256.0 KB
      Peak Allocated Bytes 128 B
      Overflow Count 0
    [ALLOC_TEMP_Background Job.Worker 9]
      Initial Block Size 32.0 KB
      Current Block Size 32.0 KB
      Peak Allocated Bytes 54 B
      Overflow Count 0
    [ALLOC_TEMP_Job.Worker 21]
      Initial Block Size 256.0 KB
      Current Block Size 256.0 KB
      Peak Allocated Bytes 144 B
      Overflow Count 0
    [ALLOC_TEMP_Job.Worker 5]
      Initial Block Size 256.0 KB
      Current Block Size 256.0 KB
      Peak Allocated Bytes 176 B
      Overflow Count 0
    [ALLOC_TEMP_Background Job.Worker 14]
      Initial Block Size 32.0 KB
      Current Block Size 32.0 KB
      Peak Allocated Bytes 54 B
      Overflow Count 0
    [ALLOC_TEMP_ReadCacheIndex]
      Initial Block Size 64.0 KB
      Current Block Size 64.0 KB
      Peak Allocated Bytes 0.6 KB
      Overflow Count 0
    [ALLOC_TEMP_Job.Worker 13]
      Initial Block Size 256.0 KB
      Current Block Size 256.0 KB
      Peak Allocated Bytes 144 B
      Overflow Count 0
    [ALLOC_TEMP_EnlightenWorker] x 12
      Initial Block Size 64.0 KB
      Current Block Size 64.0 KB
      Peak Allocated Bytes 54 B
      Overflow Count 0
    [ALLOC_TEMP_Background Job.Worker 15]
      Initial Block Size 32.0 KB
      Current Block Size 32.0 KB
      Peak Allocated Bytes 54 B
      Overflow Count 0
    [ALLOC_TEMP_Background Job.Worker 2]
      Initial Block Size 32.0 KB
      Current Block Size 32.0 KB
      Peak Allocated Bytes 54 B
      Overflow Count 0
    [ALLOC_TEMP_Background Job.Worker 7]
      Initial Block Size 32.0 KB
      Current Block Size 32.0 KB
      Peak Allocated Bytes 54 B
      Overflow Count 0
    [ALLOC_TEMP_Job.Worker 22]
      Initial Block Size 256.0 KB
      Current Block Size 256.0 KB
      Peak Allocated Bytes 54 B
      Overflow Count 0
    [ALLOC_TEMP_UnityGfxDeviceWorker]
      Initial Block Size 256.0 KB
      Current Block Size 256.0 KB
      Peak Allocated Bytes 13.3 KB
      Overflow Count 0
    [ALLOC_TEMP_Job.Worker 9]
      Initial Block Size 256.0 KB
      Current Block Size 256.0 KB
      Peak Allocated Bytes 128 B
      Overflow Count 0
    [ALLOC_TEMP_Job.Worker 8]
      Initial Block Size 256.0 KB
      Current Block Size 256.0 KB
      Peak Allocated Bytes 160 B
      Overflow Count 0
    [ALLOC_TEMP_Job.Worker 7]
      Initial Block Size 256.0 KB
      Current Block Size 256.0 KB
      Peak Allocated Bytes 144 B
      Overflow Count 0
    [ALLOC_TEMP_Job.Worker 1]
      Initial Block Size 256.0 KB
      Current Block Size 256.0 KB
      Peak Allocated Bytes 507 B
      Overflow Count 0
    [ALLOC_TEMP_Job.Worker 10]
      Initial Block Size 256.0 KB
      Current Block Size 256.0 KB
      Peak Allocated Bytes 128 B
      Overflow Count 0
    [ALLOC_TEMP_Job.Worker 15]
      Initial Block Size 256.0 KB
      Current Block Size 256.0 KB
      Peak Allocated Bytes 128 B
      Overflow Count 0
    [ALLOC_TEMP_Job.Worker 12]
      Initial Block Size 256.0 KB
      Current Block Size 256.0 KB
      Peak Allocated Bytes 128 B
      Overflow Count 0
    [ALLOC_TEMP_Job.Worker 19]
      Initial Block Size 256.0 KB
      Current Block Size 256.0 KB
      Peak Allocated Bytes 54 B
      Overflow Count 0
    [ALLOC_TEMP_Loading.AsyncRead]
      Initial Block Size 64.0 KB
      Current Block Size 120.0 KB
      Peak Allocated Bytes 117.3 KB
      Overflow Count 0
[ALLOC_DEFAULT] Dual Thread Allocator
  Peak main deferred allocation count 112533
    [ALLOC_BUCKET]
      Large Block size 4.0 MB
      Used Block count 1
      Peak Allocated bytes 4.0 MB
      Failed Allocations. Bucket layout:
        16B: 4 Subsections = 4096 buckets. Failed count: 9743440
        32B: 34 Subsections = 17408 buckets. Failed count: 6971228
        48B: 49 Subsections = 16725 buckets. Failed count: 17243832
        64B: 40 Subsections = 10240 buckets. Failed count: 5397258
        80B: 85 Subsections = 17408 buckets. Failed count: 98675226
        96B: 28 Subsections = 4778 buckets. Failed count: 199299
        112B: 10 Subsections = 1462 buckets. Failed count: 1019795
        128B: 6 Subsections = 768 buckets. Failed count: 2179944
    [ALLOC_DEFAULT_MAIN]
      Peak usage frame count: [16.0 MB-32.0 MB]: 3743 frames, [32.0 MB-64.0 MB]: 1 frames, [128.0 MB-256.0 MB]: 9677 frames, [256.0 MB-0.50 GB]: 624358 frames, [0.50 GB-1.00 GB]: 188314 frames
      Requested Block Size 16.0 MB
      Peak Block count 33
      Peak Allocated memory 0.53 GB
      Peak Large allocation bytes 31.2 MB
    [ALLOC_DEFAULT_THREAD]
      Peak usage frame count: [8.0 MB-16.0 MB]: 5915 frames, [16.0 MB-32.0 MB]: 9467 frames, [32.0 MB-64.0 MB]: 1033 frames, [64.0 MB-128.0 MB]: 14324 frames, [128.0 MB-256.0 MB]: 795354 frames
      Requested Block Size 16.0 MB
      Peak Block count 14
      Peak Allocated memory 226.2 MB
      Peak Large allocation bytes 33.8 MB
[ALLOC_TEMP_JOB_1_FRAME]
  Initial Block Size 2.0 MB
  Used Block Count 0
  Overflow Count (too large) 0
  Overflow Count (full) 0
[ALLOC_TEMP_JOB_2_FRAMES]
  Initial Block Size 2.0 MB
  Used Block Count 0
  Overflow Count (too large) 0
  Overflow Count (full) 0
[ALLOC_TEMP_JOB_4_FRAMES (JobTemp)]
  Initial Block Size 2.0 MB
  Used Block Count 1
  Overflow Count (too large) 0
  Overflow Count (full) 0
[ALLOC_TEMP_JOB_ASYNC (Background)]
  Initial Block Size 1.0 MB
  Used Block Count 1
  Overflow Count (too large) 0
  Overflow Count (full) 0
[ALLOC_GFX] Dual Thread Allocator
  Peak main deferred allocation count 491
    [ALLOC_BUCKET]
      Large Block size 4.0 MB
      Used Block count 1
      Peak Allocated bytes 4.0 MB
      Failed Allocations. Bucket layout:
        16B: 4 Subsections = 4096 buckets. Failed count: 9743440
        32B: 34 Subsections = 17408 buckets. Failed count: 6971228
        48B: 49 Subsections = 16725 buckets. Failed count: 17243832
        64B: 40 Subsections = 10240 buckets. Failed count: 5397258
        80B: 85 Subsections = 17408 buckets. Failed count: 98675226
        96B: 28 Subsections = 4778 buckets. Failed count: 199299
        112B: 10 Subsections = 1462 buckets. Failed count: 1019795
        128B: 6 Subsections = 768 buckets. Failed count: 2179944
    [ALLOC_GFX_MAIN]
      Peak usage frame count: [128.0 KB-256.0 KB]: 1 frames, [2.0 MB-4.0 MB]: 3743 frames, [0.50 GB-1.00 GB]: 822349 frames
      Requested Block Size 16.0 MB
      Peak Block count 18
      Peak Allocated memory 0.86 GB
      Peak Large allocation bytes 0.82 GB
    [ALLOC_GFX_THREAD]
      Peak usage frame count: [0-1.0 KB]: 3790 frames, [2.0 KB-4.0 KB]: 1416 frames, [4.0 KB-8.0 KB]: 1868 frames, [32.0 KB-64.0 KB]: 4828 frames, [64.0 KB-128.0 KB]: 16275 frames, [128.0 KB-256.0 KB]: 98828 frames, [256.0 KB-0.5 MB]: 230439 frames, [0.5 MB-1.0 MB]: 468649 frames
      Requested Block Size 16.0 MB
      Peak Block count 1
      Peak Allocated memory 0.8 MB
      Peak Large allocation bytes 0 B
[ALLOC_CACHEOBJECTS] Dual Thread Allocator
  Peak main deferred allocation count 106
    [ALLOC_BUCKET]
      Large Block size 4.0 MB
      Used Block count 1
      Peak Allocated bytes 4.0 MB
      Failed Allocations. Bucket layout:
        16B: 4 Subsections = 4096 buckets. Failed count: 9743440
        32B: 34 Subsections = 17408 buckets. Failed count: 6971228
        48B: 49 Subsections = 16725 buckets. Failed count: 17243832
        64B: 40 Subsections = 10240 buckets. Failed count: 5397258
        80B: 85 Subsections = 17408 buckets. Failed count: 98675226
        96B: 28 Subsections = 4778 buckets. Failed count: 199299
        112B: 10 Subsections = 1462 buckets. Failed count: 1019795
        128B: 6 Subsections = 768 buckets. Failed count: 2179944
    [ALLOC_CACHEOBJECTS_MAIN]
      Peak usage frame count: [4.0 MB-8.0 MB]: 1 frames, [8.0 MB-16.0 MB]: 3743 frames, [16.0 MB-32.0 MB]: 822349 frames
      Requested Block Size 4.0 MB
      Peak Block count 6
      Peak Allocated memory 19.6 MB
      Peak Large allocation bytes 0 B
    [ALLOC_CACHEOBJECTS_THREAD]
      Peak usage frame count: [4.0 KB-8.0 KB]: 3743 frames, [32.0 KB-64.0 KB]: 1 frames, [64.0 KB-128.0 KB]: 551612 frames, [128.0 KB-256.0 KB]: 270683 frames, [256.0 KB-0.5 MB]: 37 frames, [0.5 MB-1.0 MB]: 17 frames
      Requested Block Size 4.0 MB
      Peak Block count 1
      Peak Allocated memory 0.6 MB
      Peak Large allocation bytes 0 B
[ALLOC_TYPETREE] Dual Thread Allocator
  Peak main deferred allocation count 0
    [ALLOC_BUCKET]
      Large Block size 4.0 MB
      Used Block count 1
      Peak Allocated bytes 4.0 MB
      Failed Allocations. Bucket layout:
        16B: 4 Subsections = 4096 buckets. Failed count: 9743440
        32B: 34 Subsections = 17408 buckets. Failed count: 6971228
        48B: 49 Subsections = 16725 buckets. Failed count: 17243832
        64B: 40 Subsections = 10240 buckets. Failed count: 5397258
        80B: 85 Subsections = 17408 buckets. Failed count: 98675226
        96B: 28 Subsections = 4778 buckets. Failed count: 199299
        112B: 10 Subsections = 1462 buckets. Failed count: 1019795
        128B: 6 Subsections = 768 buckets. Failed count: 2179944
    [ALLOC_TYPETREE_MAIN]
      Peak usage frame count: [4.0 KB-8.0 KB]: 1 frames, [8.0 KB-16.0 KB]: 3743 frames, [256.0 KB-0.5 MB]: 822349 frames
      Requested Block Size 2.0 MB
      Peak Block count 1
      Peak Allocated memory 364.7 KB
      Peak Large allocation bytes 0 B
    [ALLOC_TYPETREE_THREAD]
      Peak usage frame count: [0-1.0 KB]: 826093 frames
      Requested Block Size 2.0 MB
      Peak Block count 0
      Peak Allocated memory 0 B
      Peak Large allocation bytes 0 B
