[LOGGER STARTED]

ROCKET_CORE:[NOTANERROR] patching Game:Void FinalizeInit() finished!

ROCKET_CORE:[NOTANERROR] patching Game:Void DeinitAndRemoveMap(Verse.Map, Boolean) finished!

ROCKET_CORE:[NOTANERROR] patching Game:Void UpdatePlay() finished!

ROCKET_CORE:[NOTANERROR] patching Map:Void FinalizeInit() finished!

ROCKET_CORE:[NOTANERROR] patching Map:Void ConstructComponents() finished!

ROCKET_CORE:[NOTANERROR] patching TickManager:Void DoSingleTick() finished!

ROCKETMAN: Found assembly with name of <color=red>XmlDiffPatch</color> and file name of <color=red>XmlDiffPatch.dll</color>

ROCKETMAN: Loaded assembly XmlDiffPatch, Version=1.0.8.28, Culture=neutral, PublicKeyToken=b03f5f7f11d50a3a and symbols state is False

ROCKETMAN: Assembly is currently [valid=True] and Named XmlDiffPatch, Version=1.0.8.28, Culture=neutral, PublicKeyToken=b03f5f7f11d50a3a

ROCKETMAN: Found assembly with name of <color=red>XmlDiffPatch.View</color> and file name of <color=red>XmlDiffPatch.View.dll</color>

ROCKETMAN: Loaded assembly XmlDiffPatch.View, Version=1.0.1493.40755, Culture=neutral, PublicKeyToken=null and symbols state is False

ROCKETMAN: Assembly is currently [valid=True] and Named XmlDiffPatch.View, Version=1.0.1493.40755, Culture=neutral, PublicKeyToken=null

ROCKETMAN: Found assembly with name of <color=red>Gagarin</color> and file name of <color=red>Gagarin.dll</color>

ROCKETMAN: Loaded assembly Gagarin, Version=0.0.0.0, Culture=neutral, PublicKeyToken=null and symbols state is False

ROCKETMAN: Assembly is currently [valid=True] and Named Gagarin, Version=0.0.0.0, Culture=neutral, PublicKeyToken=null

ROCKETMAN: Found assembly with name of <color=red>Proton</color> and file name of <color=red>Proton.dll</color>

ROCKETMAN: Loaded assembly Proton, Version=1.0.0.0, Culture=neutral, PublicKeyToken=null and symbols state is False

ROCKETMAN: Assembly is currently [valid=True] and Named Proton, Version=1.0.0.0, Culture=neutral, PublicKeyToken=null

ROCKETMAN: Found assembly with name of <color=red>Soyuz</color> and file name of <color=red>Soyuz.dll</color>

ROCKETMAN: Loaded assembly Soyuz, Version=1.0.0.0, Culture=neutral, PublicKeyToken=null and symbols state is False

ROCKETMAN: Assembly is currently [valid=True] and Named Soyuz, Version=1.0.0.0, Culture=neutral, PublicKeyToken=null

<color=orange>ROCKETMAN</color>: Loaded <color=red>Gagarin, Version=0.0.0.0, Culture=neutral, PublicKeyToken=null</color>

<color=orange>ROCKETMAN</color>: Loaded <color=red>Proton, Version=1.0.0.0, Culture=neutral, PublicKeyToken=null</color>

<color=orange>ROCKETMAN</color>: Loaded <color=red>Soyuz, Version=1.0.0.0, Culture=neutral, PublicKeyToken=null</color>

<color=orange>ROCKETMAN:</color> Version 0.6.3.2421

R is 2.3=21, 8.9=241 4.5=69

ROCKETMAN: Found action with attribute OnDefsLoaded, KeyBinder:Start

ROCKETMAN: Found action with attribute OnDefsLoaded, RocketMod:UpdateExceptions

ROCKETMAN: Found action with attribute OnDefsLoaded, Analyzer_H_AlertsReadoutUpdate_Patch:Patch

ROCKETMAN: Found action with attribute OnDefsLoaded, ProtonPatcher:PatchAll

ROCKETMAN: Found action with attribute OnDefsLoaded, SoyuzPatcher:PatchAll

ROCKETMAN: Found action with attribute OnWorldLoaded, SoyuzSettingsUtility:SetRecommendedJobConfig

ROCKETMAN: Found action with attribute OnTickRare, RocketMod:UpdateExceptions

ROCKETMAN: Found action with attribute OnTickRare, WorldReachability_CanReach_Patch:FlushMessages

ROCKETMAN: Found action with attribute OnTickLonger, GUIUtility:Cleanup

ROCKETMAN: Found function with attribute YieldTabContent, TabContent_Gagarin:YieldTab

ROCKETMAN: Found function with attribute YieldTabContent, TabContent_Alerts:YieldTab

ROCKETMAN: Found function with attribute YieldTabContent, TabContent_DilationSettings:YieldTab

ROCKETMAN: Found function with attribute YieldTabContent, TabContent_Grapher:YieldTab

ROCKETMAN: Found function with attribute YieldTabContent, TabContent_WorldPawns:YieldTab

ROCKETMAN: Found action with attribute OnScribe, StatSettingsUtility:OnScribe

ROCKETMAN: Found action with attribute OnScribe, ProtonSettingsUtility:OnScribe

ROCKETMAN: Found action with attribute OnScribe, SoyuzSettingsUtility:OnScribe

ROCKETMAN: Found action with attribute OnSettingsScribedLoaded, StatSettingsUtility:OnSettingsScribedLoaded

ROCKETMAN: Found action with attribute OnSettingsScribedLoaded, SoyuzSettingsUtility:OnSettingsScribedLoaded

ROCKETMAN: Found action with attribute OnStaticConstructor, StartupHelper:StartUpFinished

ROCKETMAN: Found action with attribute OnInitialization, LoadableXmlAsset_Constructor_Patch:Start

ROCKETMAN: Found action with attribute OnInitialization, StartupHelper:StartUpStarted

ROCKETMAN: Found action with attribute OnInitialization, AlertsReadout_Constructor_Patch:Patch

ROCKETMAN: Found action with attribute OnInitialization, ProtonPatcher:Intialize

ROCKETMAN: Found action with attribute OnInitialization, ContextualExtensions:Initialize

ROCKETMAN: Found action with attribute OnInitialization, SoyuzPatcher:Intialize

GAGARIN: <color=yello>Cache disabled from</color>
Gagarin.StartupHelper:StartUpStarted():0
System.Reflection.RuntimeMethodInfo:InternalInvoke():0
System.Reflection.RuntimeMethodInfo:Invoke():0
System.Reflection.MethodBase:Invoke():0
RocketMan.FunctionsUtility+<>c__DisplayClass1_0`1[[RocketMan.Main+OnInitialization, Cosmodrome, Version=0.6.3.2421, Culture=neutral, PublicKeyToken=null]]:<GetActions>b__3():0
RocketMan.RocketMod:.ctor():0
System.Reflection.RuntimeConstructorInfo:InternalInvoke():0
System.Reflection.RuntimeConstructorInfo:InternalInvoke():0
System.Reflection.RuntimeConstructorInfo:DoInvoke():0
System.Reflection.RuntimeConstructorInfo:Invoke():0
System.RuntimeType:CreateInstanceImpl():0
System.Activator:CreateInstance():0
System.Activator:CreateInstance():0
Verse.LoadedModManager:CreateModClasses():0
Verse.LoadedModManager:LoadAllActiveMods():0
Verse.PlayDataLoader:DoPlayLoad():0
Verse.PlayDataLoader:LoadAllPlayData():0
Verse.Root+<>c:<Start>b__10_1():0
Verse.LongEventHandler:RunEventFromAnotherThread():0
Verse.LongEventHandler+<>c:<UpdateCurrentAsynchronousEvent>b__28_0():0
System.Threading.ThreadHelper:ThreadStart_Context():0
System.Threading.ExecutionContext:RunInternal():0
System.Threading.ExecutionContext:Run():0
System.Threading.ExecutionContext:Run():0
System.Threading.ThreadHelper:ThreadStart():0

GAGARIN: <color=green>Loading cache settings!</color>

Gagarin:[NOTANERROR] patching TKeySystem:Void Parse(System.Xml.XmlDocument) finished!

Gagarin:[NOTANERROR] patching DirectXmlLoader:Verse.Def DefFromNode(System.Xml.XmlNode, Verse.LoadableXmlAsset) finished!

Gagarin:[NOTANERROR] patching DirectXmlToObjectNew:Verse.Def DefFromNodeNew(System.Xml.XmlNode, Verse.LoadableXmlAsset) finished!

Gagarin:[NOTANERROR] patching LoadedModManager:System.Collections.Generic.List`1[Verse.LoadableXmlAsset] LoadModXML(Boolean) finished!

Gagarin:[NOTANERROR] patching TKeySystem:Void Parse(System.Xml.XmlDocument) finished!

Gagarin:[NOTANERROR] patching LoadedModManager:Void ClearCachedPatches() finished!

Gagarin:[NOTANERROR] patching LoadedModManager:Void ApplyPatches(System.Xml.XmlDocument, System.Collections.Generic.Dictionary`2[System.Xml.XmlNode,Verse.LoadableXmlAsset]) finished!

Gagarin:[NOTANERROR] patching LoadedModManager:Void ParseAndProcessXML(System.Xml.XmlDocument, System.Collections.Generic.Dictionary`2[System.Xml.XmlNode,Verse.LoadableXmlAsset], Boolean) finished!

Gagarin:[NOTANERROR] patching LoadedModManager:System.Xml.XmlDocument CombineIntoUnifiedXML(System.Collections.Generic.List`1[Verse.LoadableXmlAsset], System.Collections.Generic.Dictionary`2[System.Xml.XmlNode,Verse.LoadableXmlAsset]) finished!

Gagarin:[NOTANERROR] patching ModContentLoader`1:UnityEngine.Texture2D LoadTexture(RimWorld.IO.VirtualFile) finished!

Gagarin:[NOTANERROR] patching ModContentPack:System.Collections.Generic.IEnumerable`1[Verse.LoadableXmlAsset] LoadDefs(Boolean) finished!

Gagarin:[NOTANERROR] patching ModsConfig:Void Reset() finished!

Gagarin:[NOTANERROR] patching LoadedModManager:System.Collections.Generic.List`1[Verse.LoadableXmlAsset] LoadModXML(Boolean) finished!

Gagarin:[NOTANERROR] patching LoadedModManager:System.Xml.XmlDocument CombineIntoUnifiedXML(System.Collections.Generic.List`1[Verse.LoadableXmlAsset], System.Collections.Generic.Dictionary`2[System.Xml.XmlNode,Verse.LoadableXmlAsset]) finished!

Gagarin:[NOTANERROR] patching LoadedModManager:Void ApplyPatches(System.Xml.XmlDocument, System.Collections.Generic.Dictionary`2[System.Xml.XmlNode,Verse.LoadableXmlAsset]) finished!

Gagarin:[NOTANERROR] patching LoadedModManager:Void ParseAndProcessXML(System.Xml.XmlDocument, System.Collections.Generic.Dictionary`2[System.Xml.XmlNode,Verse.LoadableXmlAsset], Boolean) finished!

Gagarin:[NOTANERROR] patching LoadedModManager:Void ClearCachedPatches() finished!

Gagarin:[NOTANERROR] patching XmlInheritance:Void Resolve() finished!

GAGARIN:[DUPLICATE]: Started!

GAGARIN:[DUPLICATE] Creating duplication reports took 511 MS

GAGARIN:[DUPLICATE] Finished creating reports at <color=red>C:\Users\1mmense\AppData\LocalLow\Ludeon Studios\RimWorld by Ludeon Studios\RocketMan\Reports</color>

GAGARIN: Succeded in LoadableXmlAsset: NoBeard

GAGARIN: Succeded in LoadableXmlAsset: Anchor

GAGARIN: Succeded in LoadableXmlAsset: Bushy

GAGARIN: Succeded in LoadableXmlAsset: Norse

GAGARIN: Succeded in LoadableXmlAsset: Boxed

GAGARIN: Succeded in LoadableXmlAsset: Circle

GAGARIN: Succeded in LoadableXmlAsset: BeardCurly

GAGARIN: Succeded in LoadableXmlAsset: Curtain

GAGARIN: Succeded in LoadableXmlAsset: BushyStyled

GAGARIN: Succeded in LoadableXmlAsset: Ducktail

GAGARIN: Succeded in LoadableXmlAsset: StacheAndChops

GAGARIN: Succeded in LoadableXmlAsset: Fork

GAGARIN: Succeded in LoadableXmlAsset: French

GAGARIN: Succeded in LoadableXmlAsset: Full

GAGARIN: Succeded in LoadableXmlAsset: Goatee

GAGARIN: Succeded in LoadableXmlAsset: Classy

GAGARIN: Succeded in LoadableXmlAsset: Braided

GAGARIN: Succeded in LoadableXmlAsset: Lincoln

GAGARIN: Succeded in LoadableXmlAsset: LongDutch

GAGARIN: Succeded in LoadableXmlAsset: Machete

GAGARIN: Succeded in LoadableXmlAsset: Moustache

GAGARIN: Succeded in LoadableXmlAsset: MuttonChops

GAGARIN: Succeded in LoadableXmlAsset: TriBraid

GAGARIN: Succeded in LoadableXmlAsset: OldDutch

GAGARIN: Succeded in LoadableXmlAsset: Seer

GAGARIN: Succeded in LoadableXmlAsset: SideWhiskers

GAGARIN: Succeded in LoadableXmlAsset: SoulPatch

GAGARIN: Succeded in LoadableXmlAsset: Stubble

GAGARIN: Succeded in LoadableXmlAsset: Urist

GAGARIN: Succeded in LoadableXmlAsset: VanDyke

GAGARIN: Succeded in LoadableXmlAsset: Wizard

GAGARIN: Succeded in LoadableXmlAsset: BorealForest

GAGARIN: Succeded in LoadableXmlAsset: Tundra

GAGARIN: Succeded in LoadableXmlAsset: ColdBog

GAGARIN: Succeded in LoadableXmlAsset: IceSheet

GAGARIN: Succeded in LoadableXmlAsset: SeaIce

GAGARIN: Succeded in LoadableXmlAsset: Underground

GAGARIN: Succeded in LoadableXmlAsset: TemperateForest

GAGARIN: Succeded in LoadableXmlAsset: TemperateSwamp

GAGARIN: Succeded in LoadableXmlAsset: TropicalRainforest

GAGARIN: Succeded in LoadableXmlAsset: TropicalSwamp

GAGARIN: Succeded in LoadableXmlAsset: AridShrubland

GAGARIN: Succeded in LoadableXmlAsset: Desert

GAGARIN: Succeded in LoadableXmlAsset: ExtremeDesert

GAGARIN: Succeded in LoadableXmlAsset: Ocean

GAGARIN: Succeded in LoadableXmlAsset: Lake

GAGARIN: Succeded in LoadableXmlAsset: Bird

GAGARIN: Succeded in LoadableXmlAsset: BeetleLike

GAGARIN: Succeded in LoadableXmlAsset: BeetleLikeWithClaw

GAGARIN: Succeded in LoadableXmlAsset: QuadrupedAnimalWithPaws

GAGARIN: Succeded in LoadableXmlAsset: QuadrupedAnimalWithPawsAndTail

GAGARIN: Succeded in LoadableXmlAsset: QuadrupedAnimalWithHooves

GAGARIN: Succeded in LoadableXmlAsset: QuadrupedAnimalWithHoovesAndHump

GAGARIN: Succeded in LoadableXmlAsset: QuadrupedAnimalWithHoovesAndTusks

GAGARIN: Succeded in LoadableXmlAsset: QuadrupedAnimalWithHoovesTusksAndTrunk

GAGARIN: Succeded in LoadableXmlAsset: QuadrupedAnimalWithHoovesAndHorn

GAGARIN: Succeded in LoadableXmlAsset: QuadrupedAnimalWithClawsTailAndJowl

GAGARIN: Succeded in LoadableXmlAsset: TurtleLike

GAGARIN: Succeded in LoadableXmlAsset: Monkey

GAGARIN: Succeded in LoadableXmlAsset: Snake

GAGARIN: Succeded in LoadableXmlAsset: Human

GAGARIN: Succeded in LoadableXmlAsset: MechanicalCentipede

GAGARIN: Succeded in LoadableXmlAsset: Lancer

GAGARIN: Succeded in LoadableXmlAsset: Pikeman

GAGARIN: Succeded in LoadableXmlAsset: Scyther

GAGARIN: Succeded in LoadableXmlAsset: MechanicalTermite

GAGARIN: Succeded in LoadableXmlAsset: MechanicalTermiteBodyFirstRing

GAGARIN: Succeded in LoadableXmlAsset: MechanicalTermiteBodySecondRing

GAGARIN: Succeded in LoadableXmlAsset: MechanicalTermiteBodyThirdRing

GAGARIN: Succeded in LoadableXmlAsset: Torso

GAGARIN: Succeded in LoadableXmlAsset: UpperHead

GAGARIN: Succeded in LoadableXmlAsset: FullHead

GAGARIN: Succeded in LoadableXmlAsset: Eyes

GAGARIN: Succeded in LoadableXmlAsset: Teeth

GAGARIN: Succeded in LoadableXmlAsset: Mouth

GAGARIN: Succeded in LoadableXmlAsset: Neck

GAGARIN: Succeded in LoadableXmlAsset: Arms

GAGARIN: Succeded in LoadableXmlAsset: Shoulders

GAGARIN: Succeded in LoadableXmlAsset: Hands

GAGARIN: Succeded in LoadableXmlAsset: LeftHand

GAGARIN: Succeded in LoadableXmlAsset: RightHand

GAGARIN: Succeded in LoadableXmlAsset: MiddleFingers

GAGARIN: Succeded in LoadableXmlAsset: Waist

GAGARIN: Succeded in LoadableXmlAsset: Legs

GAGARIN: Succeded in LoadableXmlAsset: Feet

GAGARIN: Succeded in LoadableXmlAsset: FrontLeftPaw

GAGARIN: Succeded in LoadableXmlAsset: FrontRightPaw

GAGARIN: Succeded in LoadableXmlAsset: HeadAttackTool

GAGARIN: Succeded in LoadableXmlAsset: FrontLeftLeg

GAGARIN: Succeded in LoadableXmlAsset: FrontRightLeg

GAGARIN: Succeded in LoadableXmlAsset: FrontLeftClaws

GAGARIN: Succeded in LoadableXmlAsset: FrontRightClaws

GAGARIN: Succeded in LoadableXmlAsset: LeftBlade

GAGARIN: Succeded in LoadableXmlAsset: RightBlade

GAGARIN: Succeded in LoadableXmlAsset: TuskAttackTool

GAGARIN: Succeded in LoadableXmlAsset: HornAttackTool

GAGARIN: Succeded in LoadableXmlAsset: HeadClaw

GAGARIN: Succeded in LoadableXmlAsset: TurtleBeakAttackTool

GAGARIN: Succeded in LoadableXmlAsset: Beak

GAGARIN: Succeded in LoadableXmlAsset: Body

GAGARIN: Succeded in LoadableXmlAsset: Beak

GAGARIN: Succeded in LoadableXmlAsset: InsectHead

GAGARIN: Succeded in LoadableXmlAsset: SnakeBody

GAGARIN: Succeded in LoadableXmlAsset: SnakeHead

GAGARIN: Succeded in LoadableXmlAsset: HeadWithEarHoles

GAGARIN: Succeded in LoadableXmlAsset: SnakeMouth

GAGARIN: Succeded in LoadableXmlAsset: InsectHeart

GAGARIN: Succeded in LoadableXmlAsset: InsectNostril

GAGARIN: Succeded in LoadableXmlAsset: InsectMouth

GAGARIN: Succeded in LoadableXmlAsset: AnimalJaw

GAGARIN: Succeded in LoadableXmlAsset: Jowl

GAGARIN: Succeded in LoadableXmlAsset: Tail

GAGARIN: Succeded in LoadableXmlAsset: Antenna

GAGARIN: Succeded in LoadableXmlAsset: Pronotum

GAGARIN: Succeded in LoadableXmlAsset: Shell

GAGARIN: Succeded in LoadableXmlAsset: Elytra

GAGARIN: Succeded in LoadableXmlAsset: Tusk

GAGARIN: Succeded in LoadableXmlAsset: Trunk

GAGARIN: Succeded in LoadableXmlAsset: Horn

GAGARIN: Succeded in LoadableXmlAsset: HeadClaw

GAGARIN: Succeded in LoadableXmlAsset: Hump

GAGARIN: Succeded in LoadableXmlAsset: TurtleShell

GAGARIN: Succeded in LoadableXmlAsset: Plastron

GAGARIN: Succeded in LoadableXmlAsset: TurtleBeak

GAGARIN: Succeded in LoadableXmlAsset: InsectLeg

GAGARIN: Succeded in LoadableXmlAsset: Paw

GAGARIN: Succeded in LoadableXmlAsset: Hoof

GAGARIN: Succeded in LoadableXmlAsset: FrontClaw

GAGARIN: Succeded in LoadableXmlAsset: RearClaw

GAGARIN: Succeded in LoadableXmlAsset: Head

GAGARIN: Succeded in LoadableXmlAsset: Skull

GAGARIN: Succeded in LoadableXmlAsset: Brain

GAGARIN: Succeded in LoadableXmlAsset: Eye

GAGARIN: Succeded in LoadableXmlAsset: Ear

GAGARIN: Succeded in LoadableXmlAsset: Nose

GAGARIN: Succeded in LoadableXmlAsset: Jaw

GAGARIN: Succeded in LoadableXmlAsset: Neck

GAGARIN: Succeded in LoadableXmlAsset: Ribcage

GAGARIN: Succeded in LoadableXmlAsset: Spine

GAGARIN: Succeded in LoadableXmlAsset: Leg

GAGARIN: Succeded in LoadableXmlAsset: Foot

GAGARIN: Succeded in LoadableXmlAsset: Tongue

GAGARIN: Succeded in LoadableXmlAsset: Torso

GAGARIN: Succeded in LoadableXmlAsset: Shoulder

GAGARIN: Succeded in LoadableXmlAsset: Arm

GAGARIN: Succeded in LoadableXmlAsset: Hand

GAGARIN: Succeded in LoadableXmlAsset: Finger

GAGARIN: Succeded in LoadableXmlAsset: Waist

GAGARIN: Succeded in LoadableXmlAsset: Toe

GAGARIN: Succeded in LoadableXmlAsset: Clavicle

GAGARIN: Succeded in LoadableXmlAsset: Sternum

GAGARIN: Succeded in LoadableXmlAsset: Humerus

GAGARIN: Succeded in LoadableXmlAsset: Radius

GAGARIN: Succeded in LoadableXmlAsset: Pelvis

GAGARIN: Succeded in LoadableXmlAsset: Femur

GAGARIN: Succeded in LoadableXmlAsset: Tibia

GAGARIN: Succeded in LoadableXmlAsset: MechanicalNeck

GAGARIN: Succeded in LoadableXmlAsset: MechanicalHead

GAGARIN: Succeded in LoadableXmlAsset: ArtificialBrain

GAGARIN: Succeded in LoadableXmlAsset: Reactor

GAGARIN: Succeded in LoadableXmlAsset: FluidReprocessor

GAGARIN: Succeded in LoadableXmlAsset: SightSensor

GAGARIN: Succeded in LoadableXmlAsset: HearingSensor

GAGARIN: Succeded in LoadableXmlAsset: SmellSensor

GAGARIN: Succeded in LoadableXmlAsset: MechanicalShoulder

GAGARIN: Succeded in LoadableXmlAsset: MechanicalArm

GAGARIN: Succeded in LoadableXmlAsset: MechanicalHand

GAGARIN: Succeded in LoadableXmlAsset: MechanicalFinger

GAGARIN: Succeded in LoadableXmlAsset: MechanicalLeg

GAGARIN: Succeded in LoadableXmlAsset: MechanicalFoot

GAGARIN: Succeded in LoadableXmlAsset: MechanicalThorax

GAGARIN: Succeded in LoadableXmlAsset: MechanicalThoraxCanManipulate

GAGARIN: Succeded in LoadableXmlAsset: Blade

GAGARIN: Succeded in LoadableXmlAsset: MechanicalCentipedeBodyFirstRing

GAGARIN: Succeded in LoadableXmlAsset: MechanicalCentipedeBodySecondRing

GAGARIN: Succeded in LoadableXmlAsset: MechanicalCentipedeBodyThirdRing

GAGARIN: Succeded in LoadableXmlAsset: MechanicalCentipedeBodyFourthRing

GAGARIN: Succeded in LoadableXmlAsset: MechanicalCentipedeBodyFifthRing

GAGARIN: Succeded in LoadableXmlAsset: MechanicalCentipedeBodySixthRing

GAGARIN: Succeded in LoadableXmlAsset: Heart

GAGARIN: Succeded in LoadableXmlAsset: Lung

GAGARIN: Succeded in LoadableXmlAsset: Kidney

GAGARIN: Succeded in LoadableXmlAsset: Liver

GAGARIN: Succeded in LoadableXmlAsset: Stomach

GAGARIN: Succeded in LoadableXmlAsset: TextBook

GAGARIN: Succeded in LoadableXmlAsset: Schematic

GAGARIN: Succeded in LoadableXmlAsset: Novel

GAGARIN: Succeded in LoadableXmlAsset: Structure_Red

GAGARIN: Succeded in LoadableXmlAsset: Structure_RedSubtle

GAGARIN: Succeded in LoadableXmlAsset: Structure_Auburn

GAGARIN: Succeded in LoadableXmlAsset: Structure_Scarlet

GAGARIN: Succeded in LoadableXmlAsset: Structure_Burgundy

GAGARIN: Succeded in LoadableXmlAsset: Structure_Plum

GAGARIN: Succeded in LoadableXmlAsset: Structure_DarkMauve

GAGARIN: Succeded in LoadableXmlAsset: Structure_Magenta

GAGARIN: Succeded in LoadableXmlAsset: Structure_MagentaSubtle

GAGARIN: Succeded in LoadableXmlAsset: Structure_Purple

GAGARIN: Succeded in LoadableXmlAsset: Structure_PurpleSubtle

GAGARIN: Succeded in LoadableXmlAsset: Structure_PurpleMuted

GAGARIN: Succeded in LoadableXmlAsset: Structure_PurpleDeep

GAGARIN: Succeded in LoadableXmlAsset: Structure_Grape

GAGARIN: Succeded in LoadableXmlAsset: Structure_Indigo

GAGARIN: Succeded in LoadableXmlAsset: Structure_IndigoLight

GAGARIN: Succeded in LoadableXmlAsset: Structure_Blue

GAGARIN: Succeded in LoadableXmlAsset: Structure_BlueSubtle

GAGARIN: Succeded in LoadableXmlAsset: Structure_BlueIce

GAGARIN: Succeded in LoadableXmlAsset: Structure_Marine

GAGARIN: Succeded in LoadableXmlAsset: Structure_BlueSky

GAGARIN: Succeded in LoadableXmlAsset: Structure_Dusk

GAGARIN: Succeded in LoadableXmlAsset: Structure_Moss

GAGARIN: Succeded in LoadableXmlAsset: Structure_MossBright

GAGARIN: Succeded in LoadableXmlAsset: Structure_Teal

GAGARIN: Succeded in LoadableXmlAsset: Structure_Green

GAGARIN: Succeded in LoadableXmlAsset: Structure_Sage

GAGARIN: Succeded in LoadableXmlAsset: Structure_GreenFaded

GAGARIN: Succeded in LoadableXmlAsset: Structure_GreenForest

GAGARIN: Succeded in LoadableXmlAsset: Structure_GreenPine

GAGARIN: Succeded in LoadableXmlAsset: Structure_GreenSwamp

GAGARIN: Succeded in LoadableXmlAsset: Structure_GreenMuddy

GAGARIN: Succeded in LoadableXmlAsset: Structure_GreenMarsh

GAGARIN: Succeded in LoadableXmlAsset: Structure_Viridian

GAGARIN: Succeded in LoadableXmlAsset: Structure_ViridianSubtle

GAGARIN: Succeded in LoadableXmlAsset: Structure_Olive

GAGARIN: Succeded in LoadableXmlAsset: Structure_OliveDark

GAGARIN: Succeded in LoadableXmlAsset: Structure_Mustard

GAGARIN: Succeded in LoadableXmlAsset: Structure_LimePale

GAGARIN: Succeded in LoadableXmlAsset: Structure_BrownFaded

GAGARIN: Succeded in LoadableXmlAsset: Structure_BrownSubtle

GAGARIN: Succeded in LoadableXmlAsset: Structure_BrownLight

GAGARIN: Succeded in LoadableXmlAsset: Structure_BrownDark

GAGARIN: Succeded in LoadableXmlAsset: Structure_BrownDirt

GAGARIN: Succeded in LoadableXmlAsset: Structure_UmberBurnt

GAGARIN: Succeded in LoadableXmlAsset: Structure_BrownWood

GAGARIN: Succeded in LoadableXmlAsset: Structure_Orange

GAGARIN: Succeded in LoadableXmlAsset: Structure_RedPastel

GAGARIN: Succeded in LoadableXmlAsset: Structure_Pink

GAGARIN: Succeded in LoadableXmlAsset: Structure_BluePastel

GAGARIN: Succeded in LoadableXmlAsset: Structure_GreenPastel

GAGARIN: Succeded in LoadableXmlAsset: Structure_YellowPastel

GAGARIN: Succeded in LoadableXmlAsset: Structure_OrangePastel

GAGARIN: Succeded in LoadableXmlAsset: Structure_White

GAGARIN: Succeded in LoadableXmlAsset: Structure_Cream

GAGARIN: Succeded in LoadableXmlAsset: Structure_GrayLight

GAGARIN: Succeded in LoadableXmlAsset: Structure_Limestone

GAGARIN: Succeded in LoadableXmlAsset: Structure_Marble

GAGARIN: Succeded in LoadableXmlAsset: Structure_Sandstone

GAGARIN: Succeded in LoadableXmlAsset: Structure_Granite

GAGARIN: Succeded in LoadableXmlAsset: Structure_GreyDark

GAGARIN: Succeded in LoadableXmlAsset: Structure_Slate

GAGARIN: Succeded in LoadableXmlAsset: Structure_Black

GAGARIN: Succeded in LoadableXmlAsset: PitchBlack

GAGARIN: Succeded in LoadableXmlAsset: DarkBlack

GAGARIN: Succeded in LoadableXmlAsset: MidBlack

GAGARIN: Succeded in LoadableXmlAsset: DarkReddish

GAGARIN: Succeded in LoadableXmlAsset: DarkSaturatedReddish

GAGARIN: Succeded in LoadableXmlAsset: DarkBrown

GAGARIN: Succeded in LoadableXmlAsset: ReddishBrown

GAGARIN: Succeded in LoadableXmlAsset: SandyBlonde

GAGARIN: Succeded in LoadableXmlAsset: Blonde

GAGARIN: Succeded in LoadableXmlAsset: PlanGray

GAGARIN: Succeded in LoadableXmlAsset: PlanRed

GAGARIN: Succeded in LoadableXmlAsset: PlanOrange

GAGARIN: Succeded in LoadableXmlAsset: PlanYellow

GAGARIN: Succeded in LoadableXmlAsset: PlanGreen

GAGARIN: Succeded in LoadableXmlAsset: PlanCyan

GAGARIN: Succeded in LoadableXmlAsset: PlanBlue

GAGARIN: Succeded in LoadableXmlAsset: PlanPurple

GAGARIN: Succeded in LoadableXmlAsset: PlanPink

GAGARIN: Succeded in LoadableXmlAsset: SleepingMechanoids

GAGARIN: Succeded in LoadableXmlAsset: MechDrop

GAGARIN: Succeded in LoadableXmlAsset: Astropolitan

GAGARIN: Succeded in LoadableXmlAsset: Corunan

GAGARIN: Succeded in LoadableXmlAsset: Rustican

GAGARIN: Succeded in LoadableXmlAsset: Kriminul

GAGARIN: Succeded in LoadableXmlAsset: Flame

GAGARIN: Succeded in LoadableXmlAsset: Burn

GAGARIN: Succeded in LoadableXmlAsset: Frostbite

GAGARIN: Succeded in LoadableXmlAsset: TornadoScratch

GAGARIN: Succeded in LoadableXmlAsset: SurgicalCut

GAGARIN: Succeded in LoadableXmlAsset: ExecutionCut

GAGARIN: Succeded in LoadableXmlAsset: Cut

GAGARIN: Succeded in LoadableXmlAsset: Crush

GAGARIN: Succeded in LoadableXmlAsset: Blunt

GAGARIN: Succeded in LoadableXmlAsset: Poke

GAGARIN: Succeded in LoadableXmlAsset: Demolish

GAGARIN: Succeded in LoadableXmlAsset: Stab

GAGARIN: Succeded in LoadableXmlAsset: Scratch

GAGARIN: Succeded in LoadableXmlAsset: ScratchToxic

GAGARIN: Succeded in LoadableXmlAsset: Bite

GAGARIN: Succeded in LoadableXmlAsset: ToxicBite

GAGARIN: Succeded in LoadableXmlAsset: Deterioration

GAGARIN: Succeded in LoadableXmlAsset: Mining

GAGARIN: Succeded in LoadableXmlAsset: Rotting

GAGARIN: Succeded in LoadableXmlAsset: Extinguish

GAGARIN: Succeded in LoadableXmlAsset: Bomb

GAGARIN: Succeded in LoadableXmlAsset: BombSuper

GAGARIN: Succeded in LoadableXmlAsset: Smoke

GAGARIN: Succeded in LoadableXmlAsset: Thump

GAGARIN: Succeded in LoadableXmlAsset: Vaporize

GAGARIN: Succeded in LoadableXmlAsset: AcidBurn

GAGARIN: Succeded in LoadableXmlAsset: Decayed

GAGARIN: Succeded in LoadableXmlAsset: Beam

GAGARIN: Succeded in LoadableXmlAsset: Nerve

GAGARIN: Succeded in LoadableXmlAsset: NerveStun

GAGARIN: Succeded in LoadableXmlAsset: RangedStab

GAGARIN: Succeded in LoadableXmlAsset: Bullet

GAGARIN: Succeded in LoadableXmlAsset: Arrow

GAGARIN: Succeded in LoadableXmlAsset: ArrowHighVelocity

GAGARIN: Succeded in LoadableXmlAsset: Stun

GAGARIN: Succeded in LoadableXmlAsset: EMP

GAGARIN: Succeded in LoadableXmlAsset: Actions

GAGARIN: Succeded in LoadableXmlAsset: Settings

GAGARIN: Succeded in LoadableXmlAsset: Output

GAGARIN: Succeded in LoadableXmlAsset: Default2D

GAGARIN: Succeded in LoadableXmlAsset: Fill2D

GAGARIN: Succeded in LoadableXmlAsset: Default1D

GAGARIN: Succeded in LoadableXmlAsset: FilledRectangle

GAGARIN: Succeded in LoadableXmlAsset: Walls

GAGARIN: Succeded in LoadableXmlAsset: Conduits

GAGARIN: Succeded in LoadableXmlAsset: Defenses

GAGARIN: Succeded in LoadableXmlAsset: Zones

GAGARIN: Succeded in LoadableXmlAsset: Areas

GAGARIN: Succeded in LoadableXmlAsset: Orders

GAGARIN: Succeded in LoadableXmlAsset: Mine

GAGARIN: Succeded in LoadableXmlAsset: Paint

GAGARIN: Succeded in LoadableXmlAsset: Plans

GAGARIN: Succeded in LoadableXmlAsset: RemovePlans

GAGARIN: Succeded in LoadableXmlAsset: RemoveZones

GAGARIN: Succeded in LoadableXmlAsset: Foundations

GAGARIN: Succeded in LoadableXmlAsset: Floors

GAGARIN: Succeded in LoadableXmlAsset: Cancel

GAGARIN: Succeded in LoadableXmlAsset: Plants

GAGARIN: Succeded in LoadableXmlAsset: Line

GAGARIN: Succeded in LoadableXmlAsset: AngledLine

GAGARIN: Succeded in LoadableXmlAsset: FilledRectangle

GAGARIN: Succeded in LoadableXmlAsset: EmptyRectangle

GAGARIN: Succeded in LoadableXmlAsset: FilledOval

GAGARIN: Succeded in LoadableXmlAsset: EmptyOval

GAGARIN: Succeded in LoadableXmlAsset: SocialDrugs

GAGARIN: Succeded in LoadableXmlAsset: NoDrugs

GAGARIN: Succeded in LoadableXmlAsset: Unrestricted

GAGARIN: Succeded in LoadableXmlAsset: OneDrinkPerDay

GAGARIN: Succeded in LoadableXmlAsset: Beer

GAGARIN: Succeded in LoadableXmlAsset: Make_Wort

GAGARIN: Succeded in LoadableXmlAsset: Wort

GAGARIN: Succeded in LoadableXmlAsset: AlcoholHigh

GAGARIN: Succeded in LoadableXmlAsset: Hangover

GAGARIN: Succeded in LoadableXmlAsset: Inebriated

GAGARIN: Succeded in LoadableXmlAsset: Hungover

GAGARIN: Succeded in LoadableXmlAsset: Alcohol

GAGARIN: Succeded in LoadableXmlAsset: Chemical_Alcohol

GAGARIN: Succeded in LoadableXmlAsset: AlcoholTolerance

GAGARIN: Succeded in LoadableXmlAsset: AlcoholAddiction

GAGARIN: Succeded in LoadableXmlAsset: AlcoholWithdrawal

GAGARIN: Succeded in LoadableXmlAsset: Ambrosia

GAGARIN: Succeded in LoadableXmlAsset: AmbrosiaHigh

GAGARIN: Succeded in LoadableXmlAsset: AmbrosiaHigh

GAGARIN: Succeded in LoadableXmlAsset: Ambrosia

GAGARIN: Succeded in LoadableXmlAsset: Chemical_Ambrosia

GAGARIN: Succeded in LoadableXmlAsset: AmbrosiaTolerance

GAGARIN: Succeded in LoadableXmlAsset: AmbrosiaAddiction

GAGARIN: Succeded in LoadableXmlAsset: AmbrosiaWithdrawal

GAGARIN: Succeded in LoadableXmlAsset: GoJuice

GAGARIN: Succeded in LoadableXmlAsset: GoJuiceHigh

GAGARIN: Succeded in LoadableXmlAsset: GoJuiceHigh

GAGARIN: Succeded in LoadableXmlAsset: GoJuice

GAGARIN: Succeded in LoadableXmlAsset: Chemical_GoJuice

GAGARIN: Succeded in LoadableXmlAsset: GoJuiceAddiction

GAGARIN: Succeded in LoadableXmlAsset: GoJuiceWithdrawal

GAGARIN: Succeded in LoadableXmlAsset: GoJuiceTolerance

GAGARIN: Succeded in LoadableXmlAsset: Luciferium

GAGARIN: Succeded in LoadableXmlAsset: LuciferiumHigh

GAGARIN: Succeded in LoadableXmlAsset: Luciferium

GAGARIN: Succeded in LoadableXmlAsset: Chemical_Luciferium

GAGARIN: Succeded in LoadableXmlAsset: LuciferiumAddiction

GAGARIN: Succeded in LoadableXmlAsset: Penoxycyline

GAGARIN: Succeded in LoadableXmlAsset: PenoxycylineHigh

GAGARIN: Succeded in LoadableXmlAsset: Flake

GAGARIN: Succeded in LoadableXmlAsset: FlakeHigh

GAGARIN: Succeded in LoadableXmlAsset: FlakeHigh

GAGARIN: Succeded in LoadableXmlAsset: PsychiteTea

GAGARIN: Succeded in LoadableXmlAsset: PsychiteTeaHigh

GAGARIN: Succeded in LoadableXmlAsset: PsychiteTeaHigh

GAGARIN: Succeded in LoadableXmlAsset: Yayo

GAGARIN: Succeded in LoadableXmlAsset: YayoHigh

GAGARIN: Succeded in LoadableXmlAsset: YayoHigh

GAGARIN: Succeded in LoadableXmlAsset: Psychite

GAGARIN: Succeded in LoadableXmlAsset: Chemical_Psychite

GAGARIN: Succeded in LoadableXmlAsset: PsychiteTolerance

GAGARIN: Succeded in LoadableXmlAsset: PsychiteAddiction

GAGARIN: Succeded in LoadableXmlAsset: PsychiteWithdrawal

GAGARIN: Succeded in LoadableXmlAsset: SmokeleafJoint

GAGARIN: Succeded in LoadableXmlAsset: SmokeleafHigh

GAGARIN: Succeded in LoadableXmlAsset: SmokeleafHigh

GAGARIN: Succeded in LoadableXmlAsset: Smokeleaf

GAGARIN: Succeded in LoadableXmlAsset: Chemical_Smokeleaf

GAGARIN: Succeded in LoadableXmlAsset: SmokeleafTolerance

GAGARIN: Succeded in LoadableXmlAsset: SmokeleafAddiction

GAGARIN: Succeded in LoadableXmlAsset: SmokeleafWithdrawal

GAGARIN: Succeded in LoadableXmlAsset: WakeUp

GAGARIN: Succeded in LoadableXmlAsset: WakeUpHigh

GAGARIN: Succeded in LoadableXmlAsset: WakeUp

GAGARIN: Succeded in LoadableXmlAsset: Chemical_WakeUp

GAGARIN: Succeded in LoadableXmlAsset: WakeUpAddiction

GAGARIN: Succeded in LoadableXmlAsset: WakeUpWithdrawal

GAGARIN: Succeded in LoadableXmlAsset: WakeUpTolerance

GAGARIN: Succeded in LoadableXmlAsset: PrepareCaravan_GatherItems

GAGARIN: Succeded in LoadableXmlAsset: PrepareCaravan_Wait

GAGARIN: Succeded in LoadableXmlAsset: PrepareCaravan_GatherAnimals

GAGARIN: Succeded in LoadableXmlAsset: PrepareCaravan_CollectAnimals

GAGARIN: Succeded in LoadableXmlAsset: PrepareCaravan_GatherDownedPawns

GAGARIN: Succeded in LoadableXmlAsset: PrepareCaravan_Pause

GAGARIN: Succeded in LoadableXmlAsset: ReturnedCaravan_PenAnimals

GAGARIN: Succeded in LoadableXmlAsset: MarryPawn

GAGARIN: Succeded in LoadableXmlAsset: BestowingCeremony_MoveInPlace

GAGARIN: Succeded in LoadableXmlAsset: Spectate

GAGARIN: Succeded in LoadableXmlAsset: SpectateCircle

GAGARIN: Succeded in LoadableXmlAsset: SpectateSocial

GAGARIN: Succeded in LoadableXmlAsset: Party

GAGARIN: Succeded in LoadableXmlAsset: GiveSpeech

GAGARIN: Succeded in LoadableXmlAsset: TravelOrLeave

GAGARIN: Succeded in LoadableXmlAsset: TravelOrWait

GAGARIN: Succeded in LoadableXmlAsset: Idle

GAGARIN: Succeded in LoadableXmlAsset: IdleNoInteraction

GAGARIN: Succeded in LoadableXmlAsset: Defend

GAGARIN: Succeded in LoadableXmlAsset: Follow

GAGARIN: Succeded in LoadableXmlAsset: Build

GAGARIN: Succeded in LoadableXmlAsset: AssaultColony

GAGARIN: Succeded in LoadableXmlAsset: Sapper

GAGARIN: Succeded in LoadableXmlAsset: Escort

GAGARIN: Succeded in LoadableXmlAsset: HuntEnemiesIndividual

GAGARIN: Succeded in LoadableXmlAsset: Kidnap

GAGARIN: Succeded in LoadableXmlAsset: TakeWoundedGuest

GAGARIN: Succeded in LoadableXmlAsset: Steal

GAGARIN: Succeded in LoadableXmlAsset: PrisonerEscape

GAGARIN: Succeded in LoadableXmlAsset: PrisonerEscapeSapper

GAGARIN: Succeded in LoadableXmlAsset: PrisonerAssaultColony

GAGARIN: Succeded in LoadableXmlAsset: DefendAndExpandHive

GAGARIN: Succeded in LoadableXmlAsset: DefendHiveAggressively

GAGARIN: Succeded in LoadableXmlAsset: NestAssault

GAGARIN: Succeded in LoadableXmlAsset: ExitMapRandom

GAGARIN: Succeded in LoadableXmlAsset: ExitMapBest

GAGARIN: Succeded in LoadableXmlAsset: ExitMapBestAndDefendSelf

GAGARIN: Succeded in LoadableXmlAsset: ExitMapNearDutyTarget

GAGARIN: Succeded in LoadableXmlAsset: LoadAndEnterTransporters

GAGARIN: Succeded in LoadableXmlAsset: EnterTransporter

GAGARIN: Succeded in LoadableXmlAsset: EnterTransporterAndDefendSelf

GAGARIN: Succeded in LoadableXmlAsset: LoadAndEnterPortal

GAGARIN: Succeded in LoadableXmlAsset: ManClosestTurret

GAGARIN: Succeded in LoadableXmlAsset: SleepForever

GAGARIN: Succeded in LoadableXmlAsset: Breaching

GAGARIN: Succeded in LoadableXmlAsset: AssaultThing

GAGARIN: Succeded in LoadableXmlAsset: WanderClose

GAGARIN: Succeded in LoadableXmlAsset: WanderClose_NoNeeds

GAGARIN: Succeded in LoadableXmlAsset: LayDownAwake

GAGARIN: Succeded in LoadableXmlAsset: HuntDownColonists

GAGARIN: Succeded in LoadableXmlAsset: DefendBase

GAGARIN: Succeded in LoadableXmlAsset: ArriveToCell

GAGARIN: Succeded in LoadableXmlAsset: GoToBed

GAGARIN: Succeded in LoadableXmlAsset: DeliverPawnToCell

GAGARIN: Succeded in LoadableXmlAsset: ConstructMetal

GAGARIN: Succeded in LoadableXmlAsset: Mote_SparkThrown

GAGARIN: Succeded in LoadableXmlAsset: ConstructWood

GAGARIN: Succeded in LoadableXmlAsset: ConstructDirt

GAGARIN: Succeded in LoadableXmlAsset: RoofWork

GAGARIN: Succeded in LoadableXmlAsset: Deflect_Metal

GAGARIN: Succeded in LoadableXmlAsset: Mote_SparkThrownFast

GAGARIN: Succeded in LoadableXmlAsset: Mote_SparkThrownFastBlue

GAGARIN: Succeded in LoadableXmlAsset: Deflect_Metal_Bullet

GAGARIN: Succeded in LoadableXmlAsset: Deflect_General

GAGARIN: Succeded in LoadableXmlAsset: Deflect_General_Bullet

GAGARIN: Succeded in LoadableXmlAsset: Damage_HitFlesh

GAGARIN: Succeded in LoadableXmlAsset: Damage_HitInsect

GAGARIN: Succeded in LoadableXmlAsset: Damage_HitMechanoid

GAGARIN: Succeded in LoadableXmlAsset: DamageDiminished_Metal

GAGARIN: Succeded in LoadableXmlAsset: DamageDiminished_General

GAGARIN: Succeded in LoadableXmlAsset: Mote_LongSparkThrown

GAGARIN: Succeded in LoadableXmlAsset: Bridge_Collapse

GAGARIN: Succeded in LoadableXmlAsset: Bridge_CollapseWater

GAGARIN: Succeded in LoadableXmlAsset: Interceptor_BlockedProjectile

GAGARIN: Succeded in LoadableXmlAsset: Mote_Splash

GAGARIN: Succeded in LoadableXmlAsset: Mote_ToxicDamage

GAGARIN: Succeded in LoadableXmlAsset: Impact_Toxic

GAGARIN: Succeded in LoadableXmlAsset: EatVegetarian

GAGARIN: Succeded in LoadableXmlAsset: EatMeat

GAGARIN: Succeded in LoadableXmlAsset: Smoke_Joint

GAGARIN: Succeded in LoadableXmlAsset: Mote_SmokeJoint

GAGARIN: Succeded in LoadableXmlAsset: Smoke_Flake

GAGARIN: Succeded in LoadableXmlAsset: Mote_SmokeFlake

GAGARIN: Succeded in LoadableXmlAsset: Vomit

GAGARIN: Succeded in LoadableXmlAsset: ExtinguisherExplosion

GAGARIN: Succeded in LoadableXmlAsset: ExtinguisherPuffSmall

GAGARIN: Succeded in LoadableXmlAsset: Mote_ExtinguisherPuff

GAGARIN: Succeded in LoadableXmlAsset: PlayPoker

GAGARIN: Succeded in LoadableXmlAsset: GiantExplosion

GAGARIN: Succeded in LoadableXmlAsset: DisabledByEMP

GAGARIN: Succeded in LoadableXmlAsset: DisabledByEMPLarge

GAGARIN: Succeded in LoadableXmlAsset: WatchingTelevision

GAGARIN: Succeded in LoadableXmlAsset: RaisedRock_Collapse

GAGARIN: Succeded in LoadableXmlAsset: BulletShieldGenerator_Reactivate

GAGARIN: Succeded in LoadableXmlAsset: AcidSpray_Directional

GAGARIN: Succeded in LoadableXmlAsset: FoamSpray_Directional

GAGARIN: Succeded in LoadableXmlAsset: Vaporize_Heatwave

GAGARIN: Succeded in LoadableXmlAsset: Shield_Break

GAGARIN: Succeded in LoadableXmlAsset: Power_Cell_Burning

GAGARIN: Succeded in LoadableXmlAsset: Power_Cell_Sparks

GAGARIN: Succeded in LoadableXmlAsset: Skip_EntryNoDelay

GAGARIN: Succeded in LoadableXmlAsset: ToxGasReleasing

GAGARIN: Succeded in LoadableXmlAsset: ForcedVisible

GAGARIN: Succeded in LoadableXmlAsset: Skip_Entry

GAGARIN: Succeded in LoadableXmlAsset: Skip_Exit

GAGARIN: Succeded in LoadableXmlAsset: Skip_ExitNoDelay

GAGARIN: Succeded in LoadableXmlAsset: EmergencePointSustained8X8

GAGARIN: Succeded in LoadableXmlAsset: EmergencePointComplete8X8

GAGARIN: Succeded in LoadableXmlAsset: EmergencePointSustained3X3

GAGARIN: Succeded in LoadableXmlAsset: EmergencePointComplete3X3

GAGARIN: Succeded in LoadableXmlAsset: EmergencePointSustained2X2

GAGARIN: Succeded in LoadableXmlAsset: EmergencePointComplete2X2

GAGARIN: Succeded in LoadableXmlAsset: PawnEmergeFromWater

GAGARIN: Succeded in LoadableXmlAsset: PawnEmergeFromWaterLarge

GAGARIN: Succeded in LoadableXmlAsset: WaterMist

GAGARIN: Succeded in LoadableXmlAsset: ImpactSmallDustCloud

GAGARIN: Succeded in LoadableXmlAsset: FillingInCrater

GAGARIN: Succeded in LoadableXmlAsset: HermeticCrateOpened

GAGARIN: Succeded in LoadableXmlAsset: HackingTerminal

GAGARIN: Succeded in LoadableXmlAsset: CocoonDestroyed

GAGARIN: Succeded in LoadableXmlAsset: CocoonWakingUp

GAGARIN: Succeded in LoadableXmlAsset: UndercaveMapExitLightshafts

GAGARIN: Succeded in LoadableXmlAsset: MortarShieldGenerator_Reactivate

GAGARIN: Succeded in LoadableXmlAsset: Drunk

GAGARIN: Succeded in LoadableXmlAsset: Berserk

GAGARIN: Succeded in LoadableXmlAsset: ButcherFlesh

GAGARIN: Succeded in LoadableXmlAsset: ButcherMechanoid

GAGARIN: Succeded in LoadableXmlAsset: Surgery

GAGARIN: Succeded in LoadableXmlAsset: CutStone

GAGARIN: Succeded in LoadableXmlAsset: Tailor

GAGARIN: Succeded in LoadableXmlAsset: Smith

GAGARIN: Succeded in LoadableXmlAsset: Sculpt

GAGARIN: Succeded in LoadableXmlAsset: MakeWoodPlanks_Hand

GAGARIN: Succeded in LoadableXmlAsset: MakeWoodPlanks_Electric

GAGARIN: Succeded in LoadableXmlAsset: Smelt

GAGARIN: Succeded in LoadableXmlAsset: Cook

GAGARIN: Succeded in LoadableXmlAsset: Cremate

GAGARIN: Succeded in LoadableXmlAsset: BurnDrug

GAGARIN: Succeded in LoadableXmlAsset: ProgressBar

GAGARIN: Succeded in LoadableXmlAsset: ProgressBarAlwaysVisible

GAGARIN: Succeded in LoadableXmlAsset: Research

GAGARIN: Succeded in LoadableXmlAsset: Repair

GAGARIN: Succeded in LoadableXmlAsset: Mine

GAGARIN: Succeded in LoadableXmlAsset: Drill

GAGARIN: Succeded in LoadableXmlAsset: Interact_Drill

GAGARIN: Succeded in LoadableXmlAsset: Interact_Paint

GAGARIN: Succeded in LoadableXmlAsset: Interact_RemovePaint

GAGARIN: Succeded in LoadableXmlAsset: Harvest_Plant

GAGARIN: Succeded in LoadableXmlAsset: Harvest_Tree

GAGARIN: Succeded in LoadableXmlAsset: Sow

GAGARIN: Succeded in LoadableXmlAsset: Harvest_MetaOnly

GAGARIN: Succeded in LoadableXmlAsset: Clean

GAGARIN: Succeded in LoadableXmlAsset: Paint

GAGARIN: Succeded in LoadableXmlAsset: ClearSnow

GAGARIN: Succeded in LoadableXmlAsset: BuryPawn

GAGARIN: Succeded in LoadableXmlAsset: Hacking

GAGARIN: Succeded in LoadableXmlAsset: FeedbackGoto

GAGARIN: Succeded in LoadableXmlAsset: FeedbackShoot

GAGARIN: Succeded in LoadableXmlAsset: FeedbackMelee

GAGARIN: Succeded in LoadableXmlAsset: FeedbackEquip

GAGARIN: Succeded in LoadableXmlAsset: FeedbackExtinguish

GAGARIN: Succeded in LoadableXmlAsset: Meditating

GAGARIN: Succeded in LoadableXmlAsset: Heart

GAGARIN: Succeded in LoadableXmlAsset: HealingCross

GAGARIN: Succeded in LoadableXmlAsset: SleepZ

GAGARIN: Succeded in LoadableXmlAsset: SleepZ_Small

GAGARIN: Succeded in LoadableXmlAsset: SleepZ_Tiny

GAGARIN: Succeded in LoadableXmlAsset: IncapIcon

GAGARIN: Succeded in LoadableXmlAsset: Footprint

GAGARIN: Succeded in LoadableXmlAsset: Horseshoe

GAGARIN: Succeded in LoadableXmlAsset: Stone

GAGARIN: Succeded in LoadableXmlAsset: SpeechLines

GAGARIN: Succeded in LoadableXmlAsset: ExplosionFlash

GAGARIN: Succeded in LoadableXmlAsset: AirPuff

GAGARIN: Succeded in LoadableXmlAsset: DustPuff

GAGARIN: Succeded in LoadableXmlAsset: DustPuffThick

GAGARIN: Succeded in LoadableXmlAsset: DustPuffLong

GAGARIN: Succeded in LoadableXmlAsset: MetaPuff

GAGARIN: Succeded in LoadableXmlAsset: TornadoDustPuff

GAGARIN: Succeded in LoadableXmlAsset: Smoke

GAGARIN: Succeded in LoadableXmlAsset: SmokeGrowing

GAGARIN: Succeded in LoadableXmlAsset: DustSlow

GAGARIN: Succeded in LoadableXmlAsset: FireGlow

GAGARIN: Succeded in LoadableXmlAsset: MicroSparks

GAGARIN: Succeded in LoadableXmlAsset: MicroSparksFast

GAGARIN: Succeded in LoadableXmlAsset: HeatGlow

GAGARIN: Succeded in LoadableXmlAsset: HeatGlow_Intense

GAGARIN: Succeded in LoadableXmlAsset: LightningGlow

GAGARIN: Succeded in LoadableXmlAsset: ShotFlash

GAGARIN: Succeded in LoadableXmlAsset: SparkFlash

GAGARIN: Succeded in LoadableXmlAsset: YellowSparkFlash

GAGARIN: Succeded in LoadableXmlAsset: BloodSplash

GAGARIN: Succeded in LoadableXmlAsset: BloodSplashLong

GAGARIN: Succeded in LoadableXmlAsset: BodyImpact

GAGARIN: Succeded in LoadableXmlAsset: GrowingFlash

GAGARIN: Succeded in LoadableXmlAsset: GrowingFlashSmall

GAGARIN: Succeded in LoadableXmlAsset: PlainFlash

GAGARIN: Succeded in LoadableXmlAsset: ActivatorCountdownFlash

GAGARIN: Succeded in LoadableXmlAsset: PsycastAreaEffect

GAGARIN: Succeded in LoadableXmlAsset: PsycastPsychicLine

GAGARIN: Succeded in LoadableXmlAsset: PsycastPsychicEffect

GAGARIN: Succeded in LoadableXmlAsset: PsycastSkipFlashEntry

GAGARIN: Succeded in LoadableXmlAsset: PsycastSkipInnerEntry

GAGARIN: Succeded in LoadableXmlAsset: PsycastSkipInnerExit

GAGARIN: Succeded in LoadableXmlAsset: PsycastSkipOuterRingEntry

GAGARIN: Succeded in LoadableXmlAsset: PsycastSkipOuterRingExit

GAGARIN: Succeded in LoadableXmlAsset: ShotHit_Dirt

GAGARIN: Succeded in LoadableXmlAsset: SandInEyes

GAGARIN: Succeded in LoadableXmlAsset: WoodBit

GAGARIN: Succeded in LoadableXmlAsset: Music

GAGARIN: Succeded in LoadableXmlAsset: HarvestWood

GAGARIN: Succeded in LoadableXmlAsset: DirtBits

GAGARIN: Succeded in LoadableXmlAsset: DirtBitsArching

GAGARIN: Succeded in LoadableXmlAsset: SnowBits

GAGARIN: Succeded in LoadableXmlAsset: ResearchPage

GAGARIN: Succeded in LoadableXmlAsset: BlastDry

GAGARIN: Succeded in LoadableXmlAsset: BlastEMP

GAGARIN: Succeded in LoadableXmlAsset: LineEMP

GAGARIN: Succeded in LoadableXmlAsset: ArcLargeEMP_A

GAGARIN: Succeded in LoadableXmlAsset: ArcLargeEMP_B

GAGARIN: Succeded in LoadableXmlAsset: BlastFlame

GAGARIN: Succeded in LoadableXmlAsset: ElectricalSpark

GAGARIN: Succeded in LoadableXmlAsset: BlastExtinguisher

GAGARIN: Succeded in LoadableXmlAsset: AcidSpray

GAGARIN: Succeded in LoadableXmlAsset: FoamSpray

GAGARIN: Succeded in LoadableXmlAsset: FlashRed

GAGARIN: Succeded in LoadableXmlAsset: JumpWarmupSmoke

GAGARIN: Succeded in LoadableXmlAsset: JumpSmoke

GAGARIN: Succeded in LoadableXmlAsset: Fleck_HeatDiffusion

GAGARIN: Succeded in LoadableXmlAsset: Fleck_HeatWaveDistortion

GAGARIN: Succeded in LoadableXmlAsset: Fleck_RadialSparks

GAGARIN: Succeded in LoadableXmlAsset: Fleck_Vaporize

GAGARIN: Succeded in LoadableXmlAsset: Fleck_VaporizeGlow

GAGARIN: Succeded in LoadableXmlAsset: Fleck_VaporizeRays_A

GAGARIN: Succeded in LoadableXmlAsset: Fleck_VaporizeRays_B

GAGARIN: Succeded in LoadableXmlAsset: Fleck_VaporizeCenterFlash

GAGARIN: Succeded in LoadableXmlAsset: FlashPowerCell

GAGARIN: Succeded in LoadableXmlAsset: FlashPowerCellIntense

GAGARIN: Succeded in LoadableXmlAsset: Fleck_ToxGasSmall

GAGARIN: Succeded in LoadableXmlAsset: Fleck_BeamSpark

GAGARIN: Succeded in LoadableXmlAsset: PsycastSkipFlashExit

GAGARIN: Succeded in LoadableXmlAsset: GroundCrack

GAGARIN: Succeded in LoadableXmlAsset: ThrownDebris

GAGARIN: Succeded in LoadableXmlAsset: ShockwaveFast

GAGARIN: Succeded in LoadableXmlAsset: GroundWaterSplash

GAGARIN: Succeded in LoadableXmlAsset: WaterChurnNoise

GAGARIN: Succeded in LoadableXmlAsset: CraterFilledInDust

GAGARIN: Succeded in LoadableXmlAsset: CraterFilledInDustThick

GAGARIN: Succeded in LoadableXmlAsset: CraterFilledInDustVeryFine

GAGARIN: Succeded in LoadableXmlAsset: Flash

GAGARIN: Succeded in LoadableXmlAsset: TerminalScreenLensFlare

GAGARIN: Succeded in LoadableXmlAsset: CocoonDestroyedSlime

GAGARIN: Succeded in LoadableXmlAsset: CocoonPulse

GAGARIN: Succeded in LoadableXmlAsset: Lightshaft

GAGARIN: Succeded in LoadableXmlAsset: WaterSplash

GAGARIN: Succeded in LoadableXmlAsset: WaterRipple

GAGARIN: Succeded in LoadableXmlAsset: Mote_Clean

GAGARIN: Succeded in LoadableXmlAsset: Mote_Paint

GAGARIN: Succeded in LoadableXmlAsset: Mote_Sow

GAGARIN: Succeded in LoadableXmlAsset: Mote_Harvest

GAGARIN: Succeded in LoadableXmlAsset: Mote_ClearSnow

GAGARIN: Succeded in LoadableXmlAsset: Mote_Cards

GAGARIN: Succeded in LoadableXmlAsset: Mote_Stun

GAGARIN: Succeded in LoadableXmlAsset: Mote_ColonistFleeing

GAGARIN: Succeded in LoadableXmlAsset: Mote_ColonistAttacking

GAGARIN: Succeded in LoadableXmlAsset: Mote_DrunkBubble

GAGARIN: Succeded in LoadableXmlAsset: Mote_BerserkBit

GAGARIN: Succeded in LoadableXmlAsset: Mote_Speech

GAGARIN: Succeded in LoadableXmlAsset: Mote_Thought

GAGARIN: Succeded in LoadableXmlAsset: Mote_ThoughtGood

GAGARIN: Succeded in LoadableXmlAsset: Mote_ThoughtBad

GAGARIN: Succeded in LoadableXmlAsset: Mote_Text

GAGARIN: Succeded in LoadableXmlAsset: Mote_ProgressBar

GAGARIN: Succeded in LoadableXmlAsset: Mote_ProgressBarAlwaysVisible

GAGARIN: Succeded in LoadableXmlAsset: Mote_TempRoof

GAGARIN: Succeded in LoadableXmlAsset: Mote_Danger

GAGARIN: Succeded in LoadableXmlAsset: Mote_ActivatorCountdownGlow

GAGARIN: Succeded in LoadableXmlAsset: Mote_ActivatorProximityGlow

GAGARIN: Succeded in LoadableXmlAsset: Mote_Leaf

GAGARIN: Succeded in LoadableXmlAsset: Mote_FoodBitVegetarian

GAGARIN: Succeded in LoadableXmlAsset: Mote_FoodBitMeat

GAGARIN: Succeded in LoadableXmlAsset: Mote_StoneBit

GAGARIN: Succeded in LoadableXmlAsset: Mote_CookBit

GAGARIN: Succeded in LoadableXmlAsset: Mote_VomitBit

GAGARIN: Succeded in LoadableXmlAsset: Mote_Bombardment

GAGARIN: Succeded in LoadableXmlAsset: Mote_PowerBeam

GAGARIN: Succeded in LoadableXmlAsset: Mote_GiantExplosion

GAGARIN: Succeded in LoadableXmlAsset: Mote_GiantExplosionInner

GAGARIN: Succeded in LoadableXmlAsset: Mote_PsychicConditionCauserEffect

GAGARIN: Succeded in LoadableXmlAsset: Mote_PsychicEmanatorEffect

GAGARIN: Succeded in LoadableXmlAsset: Mote_ForceJob

GAGARIN: Succeded in LoadableXmlAsset: Mote_ForceJobMaintained

GAGARIN: Succeded in LoadableXmlAsset: FlashShieldBreak

GAGARIN: Succeded in LoadableXmlAsset: CracksShieldBreak

GAGARIN: Succeded in LoadableXmlAsset: Mote_SparkThrownFastBright

GAGARIN: Succeded in LoadableXmlAsset: Mote_ResurrectAbility

GAGARIN: Succeded in LoadableXmlAsset: Mote_ResurrectFlash

GAGARIN: Succeded in LoadableXmlAsset: Mote_PowerCellBurning

GAGARIN: Succeded in LoadableXmlAsset: Mote_ForcedVisible

GAGARIN: Succeded in LoadableXmlAsset: GroundCrackHuge

GAGARIN: Succeded in LoadableXmlAsset: Mote_Hacking

GAGARIN: Succeded in LoadableXmlAsset: Mote_CocoonBreaking

GAGARIN: Succeded in LoadableXmlAsset: Mote_CocoonDestroyedMist

GAGARIN: Succeded in LoadableXmlAsset: Mote_CocoonDestroyedFlyingSlime

GAGARIN: Succeded in LoadableXmlAsset: Mote_CocoonDestroyedFlyingPiece

GAGARIN: Succeded in LoadableXmlAsset: Mote_AnimalWarcallDistortion

GAGARIN: Succeded in LoadableXmlAsset: Mote_AnimalWarcallFlash

GAGARIN: Succeded in LoadableXmlAsset: Mote_TerrorHalo

GAGARIN: Succeded in LoadableXmlAsset: Ancients

GAGARIN: Succeded in LoadableXmlAsset: AncientsHostile

GAGARIN: Succeded in LoadableXmlAsset: Mechanoid

GAGARIN: Succeded in LoadableXmlAsset: Insect

GAGARIN: Succeded in LoadableXmlAsset: MechanoidRaidLootMaker

GAGARIN: Succeded in LoadableXmlAsset: OutlanderRaidLootMaker

GAGARIN: Succeded in LoadableXmlAsset: OutlanderCivil

GAGARIN: Succeded in LoadableXmlAsset: OutlanderRough

GAGARIN: Succeded in LoadableXmlAsset: TribeRaidLootMaker

GAGARIN: Succeded in LoadableXmlAsset: TribeCivil

GAGARIN: Succeded in LoadableXmlAsset: TribeRough

GAGARIN: Succeded in LoadableXmlAsset: TribeSavage

GAGARIN: Succeded in LoadableXmlAsset: Pirate

GAGARIN: Succeded in LoadableXmlAsset: PirateRaidLootMaker

GAGARIN: Succeded in LoadableXmlAsset: PlayerColony

GAGARIN: Succeded in LoadableXmlAsset: PlayerTribe

GAGARIN: Succeded in LoadableXmlAsset: SolarFlare

GAGARIN: Succeded in LoadableXmlAsset: Eclipse

GAGARIN: Succeded in LoadableXmlAsset: PsychicDrone

GAGARIN: Succeded in LoadableXmlAsset: PsychicSoothe

GAGARIN: Succeded in LoadableXmlAsset: ToxicFallout

GAGARIN: Succeded in LoadableXmlAsset: VolcanicWinter

GAGARIN: Succeded in LoadableXmlAsset: HeatWave

GAGARIN: Succeded in LoadableXmlAsset: ColdSnap

GAGARIN: Succeded in LoadableXmlAsset: Flashstorm

GAGARIN: Succeded in LoadableXmlAsset: ClimateCycle

GAGARIN: Succeded in LoadableXmlAsset: Planetkiller

GAGARIN: Succeded in LoadableXmlAsset: Aurora

GAGARIN: Succeded in LoadableXmlAsset: Party

GAGARIN: Succeded in LoadableXmlAsset: MarriageCeremony

GAGARIN: Succeded in LoadableXmlAsset: Cosmetic

GAGARIN: Succeded in LoadableXmlAsset: Cosmetic_Skin

GAGARIN: Succeded in LoadableXmlAsset: Cosmetic_Hair

GAGARIN: Succeded in LoadableXmlAsset: Miscellaneous

GAGARIN: Succeded in LoadableXmlAsset: Hair_SnowWhite

GAGARIN: Succeded in LoadableXmlAsset: Hair_InkBlack

GAGARIN: Succeded in LoadableXmlAsset: Hair_Gray

GAGARIN: Succeded in LoadableXmlAsset: Hair_DarkBlack

GAGARIN: Succeded in LoadableXmlAsset: Hair_MidBlack

GAGARIN: Succeded in LoadableXmlAsset: Hair_DarkReddish

GAGARIN: Succeded in LoadableXmlAsset: Hair_DarkSaturatedReddish

GAGARIN: Succeded in LoadableXmlAsset: Hair_DarkBrown

GAGARIN: Succeded in LoadableXmlAsset: Hair_ReddishBrown

GAGARIN: Succeded in LoadableXmlAsset: Hair_SandyBlonde

GAGARIN: Succeded in LoadableXmlAsset: Hair_Blonde

GAGARIN: Succeded in LoadableXmlAsset: Hair_Pink

GAGARIN: Succeded in LoadableXmlAsset: Hair_LightPurple

GAGARIN: Succeded in LoadableXmlAsset: Hair_LightBlue

GAGARIN: Succeded in LoadableXmlAsset: Hair_LightTeal

GAGARIN: Succeded in LoadableXmlAsset: Hair_LightGreen

GAGARIN: Succeded in LoadableXmlAsset: Hair_LightOrange

GAGARIN: Succeded in LoadableXmlAsset: Hair_BrightRed

GAGARIN: Succeded in LoadableXmlAsset: Skin_Melanin1

GAGARIN: Succeded in LoadableXmlAsset: Skin_Melanin2

GAGARIN: Succeded in LoadableXmlAsset: Skin_Melanin3

GAGARIN: Succeded in LoadableXmlAsset: Skin_Melanin4

GAGARIN: Succeded in LoadableXmlAsset: Skin_Melanin5

GAGARIN: Succeded in LoadableXmlAsset: Skin_Melanin6

GAGARIN: Succeded in LoadableXmlAsset: Skin_Melanin7

GAGARIN: Succeded in LoadableXmlAsset: Skin_Melanin8

GAGARIN: Succeded in LoadableXmlAsset: Skin_Melanin9

GAGARIN: Succeded in LoadableXmlAsset: Stars

GAGARIN: Succeded in LoadableXmlAsset: Sun

GAGARIN: Succeded in LoadableXmlAsset: GaveGift

GAGARIN: Succeded in LoadableXmlAsset: Traded

GAGARIN: Succeded in LoadableXmlAsset: RequestedTrader

GAGARIN: Succeded in LoadableXmlAsset: RequestedOrbitalTrader

GAGARIN: Succeded in LoadableXmlAsset: RequestedMilitaryAid

GAGARIN: Succeded in LoadableXmlAsset: PeaceTalksDisaster

GAGARIN: Succeded in LoadableXmlAsset: PeaceTalksBackfire

GAGARIN: Succeded in LoadableXmlAsset: PeaceTalksSuccess

GAGARIN: Succeded in LoadableXmlAsset: PeaceTalksTriumph

GAGARIN: Succeded in LoadableXmlAsset: AttackedBuilding

GAGARIN: Succeded in LoadableXmlAsset: ShuttleDestroyed

GAGARIN: Succeded in LoadableXmlAsset: LaborersMissedShuttle

GAGARIN: Succeded in LoadableXmlAsset: UsedHarmfulAbility

GAGARIN: Succeded in LoadableXmlAsset: UsedForbiddenThing

GAGARIN: Succeded in LoadableXmlAsset: ReachNaturalGoodwill

GAGARIN: Succeded in LoadableXmlAsset: RitualDone

GAGARIN: Succeded in LoadableXmlAsset: DebugGoodwill

GAGARIN: Succeded in LoadableXmlAsset: UsedHarmfulItem

GAGARIN: Succeded in LoadableXmlAsset: AttackedMember

GAGARIN: Succeded in LoadableXmlAsset: MemberCrushed

GAGARIN: Succeded in LoadableXmlAsset: MemberNeutrallyDied

GAGARIN: Succeded in LoadableXmlAsset: MemberCaptured

GAGARIN: Succeded in LoadableXmlAsset: MemberKilled

GAGARIN: Succeded in LoadableXmlAsset: MemberSold

GAGARIN: Succeded in LoadableXmlAsset: MemberExitedMapHealthy

GAGARIN: Succeded in LoadableXmlAsset: FriendlyExitedMapTended

GAGARIN: Succeded in LoadableXmlAsset: PerformedHarmfulSurgery

GAGARIN: Succeded in LoadableXmlAsset: MemberStripped

GAGARIN: Succeded in LoadableXmlAsset: InnocentPrisonerDied

GAGARIN: Succeded in LoadableXmlAsset: GuiltyPrisonerDied

GAGARIN: Succeded in LoadableXmlAsset: PrisonerDied

GAGARIN: Succeded in LoadableXmlAsset: QuestGoodwillReward

GAGARIN: Succeded in LoadableXmlAsset: QuestPawnLost

GAGARIN: Succeded in LoadableXmlAsset: QuestPawnArrested

GAGARIN: Succeded in LoadableXmlAsset: ShuttleCommanderMissedShuttle

GAGARIN: Succeded in LoadableXmlAsset: ShuttleGuardsMissedShuttle

GAGARIN: Succeded in LoadableXmlAsset: MonumentConstructionExpired

GAGARIN: Succeded in LoadableXmlAsset: MonumentConstructionMapRemoved

GAGARIN: Succeded in LoadableXmlAsset: FailedToKeepLodgersHappy

GAGARIN: Succeded in LoadableXmlAsset: QuestPrisonerRecruited

GAGARIN: Succeded in LoadableXmlAsset: QuestPrisonerEnslaved

GAGARIN: Succeded in LoadableXmlAsset: MemberMissedShuttle

GAGARIN: Succeded in LoadableXmlAsset: MonumentDestroyed

GAGARIN: Succeded in LoadableXmlAsset: AcceptedDeserter

GAGARIN: Succeded in LoadableXmlAsset: SettlementProximity

GAGARIN: Succeded in LoadableXmlAsset: DestroyedEnemyBase

GAGARIN: Succeded in LoadableXmlAsset: AttackedSettlement

GAGARIN: Succeded in LoadableXmlAsset: AttackedCaravan

GAGARIN: Succeded in LoadableXmlAsset: PermanentEnemy

GAGARIN: Succeded in LoadableXmlAsset: NaturalEnemy

GAGARIN: Succeded in LoadableXmlAsset: AttackingSettlement

GAGARIN: Succeded in LoadableXmlAsset: XenogermAbsorbed

GAGARIN: Succeded in LoadableXmlAsset: Swimming

GAGARIN: Succeded in LoadableXmlAsset: Stationary

GAGARIN: Succeded in LoadableXmlAsset: Skull

GAGARIN: Succeded in LoadableXmlAsset: Stump

GAGARIN: Succeded in LoadableXmlAsset: Male_AverageNormal

GAGARIN: Succeded in LoadableXmlAsset: Male_AveragePointy

GAGARIN: Succeded in LoadableXmlAsset: Male_AverageWide

GAGARIN: Succeded in LoadableXmlAsset: Male_NarrowNormal

GAGARIN: Succeded in LoadableXmlAsset: Male_NarrowPointy

GAGARIN: Succeded in LoadableXmlAsset: Male_NarrowWide

GAGARIN: Succeded in LoadableXmlAsset: Female_AverageNormal

GAGARIN: Succeded in LoadableXmlAsset: Female_AveragePointy

GAGARIN: Succeded in LoadableXmlAsset: Female_AverageWide

GAGARIN: Succeded in LoadableXmlAsset: Female_NarrowNormal

GAGARIN: Succeded in LoadableXmlAsset: Female_NarrowPointy

GAGARIN: Succeded in LoadableXmlAsset: Female_NarrowWide

GAGARIN: Succeded in LoadableXmlAsset: DEV_Unburnable

GAGARIN: Succeded in LoadableXmlAsset: BloodLoss

GAGARIN: Succeded in LoadableXmlAsset: Anesthetic

GAGARIN: Succeded in LoadableXmlAsset: CatatonicBreakdown

GAGARIN: Succeded in LoadableXmlAsset: PsychicShock

GAGARIN: Succeded in LoadableXmlAsset: PsychicComa

GAGARIN: Succeded in LoadableXmlAsset: PsychicHangover

GAGARIN: Succeded in LoadableXmlAsset: BrainShock

GAGARIN: Succeded in LoadableXmlAsset: CryptosleepSickness

GAGARIN: Succeded in LoadableXmlAsset: FoodPoisoning

GAGARIN: Succeded in LoadableXmlAsset: ToxicBuildup

GAGARIN: Succeded in LoadableXmlAsset: Pregnant

GAGARIN: Succeded in LoadableXmlAsset: HeartAttack

GAGARIN: Succeded in LoadableXmlAsset: DrugOverdose

GAGARIN: Succeded in LoadableXmlAsset: ResurrectionSickness

GAGARIN: Succeded in LoadableXmlAsset: CoveredInFirefoam

GAGARIN: Succeded in LoadableXmlAsset: PsychicInvisibility

GAGARIN: Succeded in LoadableXmlAsset: Malnutrition

GAGARIN: Succeded in LoadableXmlAsset: Heatstroke

GAGARIN: Succeded in LoadableXmlAsset: Hypothermia

GAGARIN: Succeded in LoadableXmlAsset: HypothermicSlowdown

GAGARIN: Succeded in LoadableXmlAsset: BadBack

GAGARIN: Succeded in LoadableXmlAsset: Frail

GAGARIN: Succeded in LoadableXmlAsset: Cataract

GAGARIN: Succeded in LoadableXmlAsset: Blindness

GAGARIN: Succeded in LoadableXmlAsset: HearingLoss

GAGARIN: Succeded in LoadableXmlAsset: Dementia

GAGARIN: Succeded in LoadableXmlAsset: Alzheimers

GAGARIN: Succeded in LoadableXmlAsset: Asthma

GAGARIN: Succeded in LoadableXmlAsset: HeartArteryBlockage

GAGARIN: Succeded in LoadableXmlAsset: Carcinoma

GAGARIN: Succeded in LoadableXmlAsset: ExciseCarcinoma

GAGARIN: Succeded in LoadableXmlAsset: OrganDecay

GAGARIN: Succeded in LoadableXmlAsset: GutWorms

GAGARIN: Succeded in LoadableXmlAsset: MuscleParasites

GAGARIN: Succeded in LoadableXmlAsset: FibrousMechanites

GAGARIN: Succeded in LoadableXmlAsset: SensoryMechanites

GAGARIN: Succeded in LoadableXmlAsset: WoundInfection

GAGARIN: Succeded in LoadableXmlAsset: Flu

GAGARIN: Succeded in LoadableXmlAsset: Animal_Flu

GAGARIN: Succeded in LoadableXmlAsset: Plague

GAGARIN: Succeded in LoadableXmlAsset: Animal_Plague

GAGARIN: Succeded in LoadableXmlAsset: Malaria

GAGARIN: Succeded in LoadableXmlAsset: SleepingSickness

GAGARIN: Succeded in LoadableXmlAsset: LungRotExposure

GAGARIN: Succeded in LoadableXmlAsset: LungRot

GAGARIN: Succeded in LoadableXmlAsset: ScariaInfection

GAGARIN: Succeded in LoadableXmlAsset: MissingBodyPart

GAGARIN: Succeded in LoadableXmlAsset: Misc

GAGARIN: Succeded in LoadableXmlAsset: Burn

GAGARIN: Succeded in LoadableXmlAsset: ElectricalBurn

GAGARIN: Succeded in LoadableXmlAsset: ChemicalBurn

GAGARIN: Succeded in LoadableXmlAsset: Crush

GAGARIN: Succeded in LoadableXmlAsset: Crack

GAGARIN: Succeded in LoadableXmlAsset: Cut

GAGARIN: Succeded in LoadableXmlAsset: SurgicalCut

GAGARIN: Succeded in LoadableXmlAsset: ExecutionCut

GAGARIN: Succeded in LoadableXmlAsset: Scratch

GAGARIN: Succeded in LoadableXmlAsset: Bite

GAGARIN: Succeded in LoadableXmlAsset: Stab

GAGARIN: Succeded in LoadableXmlAsset: Gunshot

GAGARIN: Succeded in LoadableXmlAsset: Shredded

GAGARIN: Succeded in LoadableXmlAsset: Bruise

GAGARIN: Succeded in LoadableXmlAsset: Frostbite

GAGARIN: Succeded in LoadableXmlAsset: AcidBurn

GAGARIN: Succeded in LoadableXmlAsset: Decayed

GAGARIN: Succeded in LoadableXmlAsset: BeamWound

GAGARIN: Succeded in LoadableXmlAsset: TraumaSavant

GAGARIN: Succeded in LoadableXmlAsset: ChemicalDamageModerate

GAGARIN: Succeded in LoadableXmlAsset: ChemicalDamageSevere

GAGARIN: Succeded in LoadableXmlAsset: Cirrhosis

GAGARIN: Succeded in LoadableXmlAsset: ResurrectionPsychosis

GAGARIN: Succeded in LoadableXmlAsset: Scaria

GAGARIN: Succeded in LoadableXmlAsset: CureScaria

GAGARIN: Succeded in LoadableXmlAsset: Sterilized

GAGARIN: Succeded in LoadableXmlAsset: Sterilize

GAGARIN: Succeded in LoadableXmlAsset: SandInEyes

GAGARIN: Succeded in LoadableXmlAsset: DirtInEyes

GAGARIN: Succeded in LoadableXmlAsset: MudInEyes

GAGARIN: Succeded in LoadableXmlAsset: GravelInEyes

GAGARIN: Succeded in LoadableXmlAsset: WaterInEyes

GAGARIN: Succeded in LoadableXmlAsset: PsychicAmplifier

GAGARIN: Succeded in LoadableXmlAsset: PsychicAmplifier

GAGARIN: Succeded in LoadableXmlAsset: PsyAmpInstalled

GAGARIN: Succeded in LoadableXmlAsset: OrganicStandard

GAGARIN: Succeded in LoadableXmlAsset: Human

GAGARIN: Succeded in LoadableXmlAsset: BuildSpecificDef

GAGARIN: Succeded in LoadableXmlAsset: CutTree

GAGARIN: Succeded in LoadableXmlAsset: MinifiedTreeDied

GAGARIN: Succeded in LoadableXmlAsset: Mined

GAGARIN: Succeded in LoadableXmlAsset: DestroyedMineable

GAGARIN: Succeded in LoadableXmlAsset: SowedPlant

GAGARIN: Succeded in LoadableXmlAsset: SowedHumanFoodPlant

GAGARIN: Succeded in LoadableXmlAsset: InstalledProsthetic

GAGARIN: Succeded in LoadableXmlAsset: Researching

GAGARIN: Succeded in LoadableXmlAsset: AteHumanMeat

GAGARIN: Succeded in LoadableXmlAsset: IngestedDrug

GAGARIN: Succeded in LoadableXmlAsset: IngestedRecreationalDrug

GAGARIN: Succeded in LoadableXmlAsset: IngestedHardDrug

GAGARIN: Succeded in LoadableXmlAsset: AdministeredDrug

GAGARIN: Succeded in LoadableXmlAsset: AdministeredRecreationalDrug

GAGARIN: Succeded in LoadableXmlAsset: AdministeredHardDrug

GAGARIN: Succeded in LoadableXmlAsset: CharityRefused_ThreatReward_Joiner

GAGARIN: Succeded in LoadableXmlAsset: PrearrivalGeneric

GAGARIN: Succeded in LoadableXmlAsset: Frenzy_Work

GAGARIN: Succeded in LoadableXmlAsset: Frenzy_Go

GAGARIN: Succeded in LoadableXmlAsset: Frenzy_Shoot

GAGARIN: Succeded in LoadableXmlAsset: Inspired_Trade

GAGARIN: Succeded in LoadableXmlAsset: Inspired_Recruitment

GAGARIN: Succeded in LoadableXmlAsset: Inspired_Taming

GAGARIN: Succeded in LoadableXmlAsset: Inspired_Surgery

GAGARIN: Succeded in LoadableXmlAsset: Inspired_Creativity

GAGARIN: Succeded in LoadableXmlAsset: AnimalChat

GAGARIN: Succeded in LoadableXmlAsset: TameAttempt

GAGARIN: Succeded in LoadableXmlAsset: TrainAttempt

GAGARIN: Succeded in LoadableXmlAsset: Nuzzle

GAGARIN: Succeded in LoadableXmlAsset: ReleaseToWild

GAGARIN: Succeded in LoadableXmlAsset: BuildRapport

GAGARIN: Succeded in LoadableXmlAsset: RecruitAttempt

GAGARIN: Succeded in LoadableXmlAsset: Sentence_RecruitAttemptAccepted

GAGARIN: Succeded in LoadableXmlAsset: Sentence_RecruitAttemptRejected

GAGARIN: Succeded in LoadableXmlAsset: SparkJailbreak

GAGARIN: Succeded in LoadableXmlAsset: RomanceAttempt

GAGARIN: Succeded in LoadableXmlAsset: Sentence_RomanceAttemptAccepted

GAGARIN: Succeded in LoadableXmlAsset: Sentence_RomanceAttemptRejected

GAGARIN: Succeded in LoadableXmlAsset: MarriageProposal

GAGARIN: Succeded in LoadableXmlAsset: Sentence_MarriageProposalAccepted

GAGARIN: Succeded in LoadableXmlAsset: Sentence_MarriageProposalRejected

GAGARIN: Succeded in LoadableXmlAsset: Sentence_MarriageProposalRejectedBrokeUp

GAGARIN: Succeded in LoadableXmlAsset: Breakup

GAGARIN: Succeded in LoadableXmlAsset: Chitchat

GAGARIN: Succeded in LoadableXmlAsset: DeepTalk

GAGARIN: Succeded in LoadableXmlAsset: Slight

GAGARIN: Succeded in LoadableXmlAsset: Insult

GAGARIN: Succeded in LoadableXmlAsset: Sentence_SocialFightStarted

GAGARIN: Succeded in LoadableXmlAsset: KindWords

GAGARIN: Succeded in LoadableXmlAsset: Nuzzle

GAGARIN: Succeded in LoadableXmlAsset: Mate

GAGARIN: Succeded in LoadableXmlAsset: LayEgg

GAGARIN: Succeded in LoadableXmlAsset: PredatorHunt

GAGARIN: Succeded in LoadableXmlAsset: Maintain

GAGARIN: Succeded in LoadableXmlAsset: ExitMapFlying

GAGARIN: Succeded in LoadableXmlAsset: PrepareCaravan_GatherItems

GAGARIN: Succeded in LoadableXmlAsset: PrepareCaravan_GatherAnimals

GAGARIN: Succeded in LoadableXmlAsset: PrepareCaravan_CollectAnimals

GAGARIN: Succeded in LoadableXmlAsset: PrepareCaravan_GatherDownedPawns

GAGARIN: Succeded in LoadableXmlAsset: ReturnedCaravan_PenAnimals

GAGARIN: Succeded in LoadableXmlAsset: MarryAdjacentPawn

GAGARIN: Succeded in LoadableXmlAsset: SpectateCeremony

GAGARIN: Succeded in LoadableXmlAsset: StandAndBeSociallyActive

GAGARIN: Succeded in LoadableXmlAsset: GiveSpeech

GAGARIN: Succeded in LoadableXmlAsset: Skygaze

GAGARIN: Succeded in LoadableXmlAsset: Meditate

GAGARIN: Succeded in LoadableXmlAsset: Pray

GAGARIN: Succeded in LoadableXmlAsset: GoForWalk

GAGARIN: Succeded in LoadableXmlAsset: BuildSnowman

GAGARIN: Succeded in LoadableXmlAsset: VisitGrave

GAGARIN: Succeded in LoadableXmlAsset: ViewArt

GAGARIN: Succeded in LoadableXmlAsset: SocialRelax

GAGARIN: Succeded in LoadableXmlAsset: VisitSickPawn

GAGARIN: Succeded in LoadableXmlAsset: Play_Horseshoes

GAGARIN: Succeded in LoadableXmlAsset: Play_Hoopstone

GAGARIN: Succeded in LoadableXmlAsset: Play_GameOfUr

GAGARIN: Succeded in LoadableXmlAsset: Play_Chess

GAGARIN: Succeded in LoadableXmlAsset: Play_Billiards

GAGARIN: Succeded in LoadableXmlAsset: Play_Poker

GAGARIN: Succeded in LoadableXmlAsset: WatchTelevision

GAGARIN: Succeded in LoadableXmlAsset: UseTelescope

GAGARIN: Succeded in LoadableXmlAsset: Play_MusicalInstrument

GAGARIN: Succeded in LoadableXmlAsset: IdleWhileDespawned

GAGARIN: Succeded in LoadableXmlAsset: Goto

GAGARIN: Succeded in LoadableXmlAsset: PickupToHold

GAGARIN: Succeded in LoadableXmlAsset: Follow

GAGARIN: Succeded in LoadableXmlAsset: FollowClose

GAGARIN: Succeded in LoadableXmlAsset: FollowRoper

GAGARIN: Succeded in LoadableXmlAsset: GotoSafeTemperature

GAGARIN: Succeded in LoadableXmlAsset: GotoWander

GAGARIN: Succeded in LoadableXmlAsset: Wait

GAGARIN: Succeded in LoadableXmlAsset: StandAndStare

GAGARIN: Succeded in LoadableXmlAsset: Wait_MaintainPosture

GAGARIN: Succeded in LoadableXmlAsset: Wait_Asleep

GAGARIN: Succeded in LoadableXmlAsset: Wait_AsleepDormancy

GAGARIN: Succeded in LoadableXmlAsset: Wait_Downed

GAGARIN: Succeded in LoadableXmlAsset: Wait_SafeTemperature

GAGARIN: Succeded in LoadableXmlAsset: Wait_Wander

GAGARIN: Succeded in LoadableXmlAsset: Wait_Combat

GAGARIN: Succeded in LoadableXmlAsset: AttackStatic

GAGARIN: Succeded in LoadableXmlAsset: AttackMelee

GAGARIN: Succeded in LoadableXmlAsset: SocialFight

GAGARIN: Succeded in LoadableXmlAsset: UseVerbOnThing

GAGARIN: Succeded in LoadableXmlAsset: UseVerbOnThingStatic

GAGARIN: Succeded in LoadableXmlAsset: UseVerbOnThingStaticReserve

GAGARIN: Succeded in LoadableXmlAsset: CastJump

GAGARIN: Succeded in LoadableXmlAsset: CastAbilityOnThing

GAGARIN: Succeded in LoadableXmlAsset: CastAbilityTouch

GAGARIN: Succeded in LoadableXmlAsset: CastAbilityOnThingUninterruptible

GAGARIN: Succeded in LoadableXmlAsset: CastAbilityOnThingMelee

GAGARIN: Succeded in LoadableXmlAsset: CastAbilityOnWorldTile

GAGARIN: Succeded in LoadableXmlAsset: Equip

GAGARIN: Succeded in LoadableXmlAsset: TakeInventory

GAGARIN: Succeded in LoadableXmlAsset: GiveToPackAnimal

GAGARIN: Succeded in LoadableXmlAsset: Wear

GAGARIN: Succeded in LoadableXmlAsset: ForceTargetWear

GAGARIN: Succeded in LoadableXmlAsset: RemoveApparel

GAGARIN: Succeded in LoadableXmlAsset: DropEquipment

GAGARIN: Succeded in LoadableXmlAsset: Strip

GAGARIN: Succeded in LoadableXmlAsset: Open

GAGARIN: Succeded in LoadableXmlAsset: EjectFuel

GAGARIN: Succeded in LoadableXmlAsset: RearmTurret

GAGARIN: Succeded in LoadableXmlAsset: RearmTurretAtomic

GAGARIN: Succeded in LoadableXmlAsset: Refuel

GAGARIN: Succeded in LoadableXmlAsset: RefuelAtomic

GAGARIN: Succeded in LoadableXmlAsset: Reload

GAGARIN: Succeded in LoadableXmlAsset: FillFermentingBarrel

GAGARIN: Succeded in LoadableXmlAsset: TakeBeerOutOfFermentingBarrel

GAGARIN: Succeded in LoadableXmlAsset: ApplyTechprint

GAGARIN: Succeded in LoadableXmlAsset: UnloadInventory

GAGARIN: Succeded in LoadableXmlAsset: UnloadYourInventory

GAGARIN: Succeded in LoadableXmlAsset: HaulToTransporter

GAGARIN: Succeded in LoadableXmlAsset: HaulToPortal

GAGARIN: Succeded in LoadableXmlAsset: ManTurret

GAGARIN: Succeded in LoadableXmlAsset: EnterCryptosleepCasket

GAGARIN: Succeded in LoadableXmlAsset: UseNeurotrainer

GAGARIN: Succeded in LoadableXmlAsset: UseArtifact

GAGARIN: Succeded in LoadableXmlAsset: UseItem

GAGARIN: Succeded in LoadableXmlAsset: TriggerObject

GAGARIN: Succeded in LoadableXmlAsset: ClearSnow

GAGARIN: Succeded in LoadableXmlAsset: Vomit

GAGARIN: Succeded in LoadableXmlAsset: Flick

GAGARIN: Succeded in LoadableXmlAsset: TradeWithPawn

GAGARIN: Succeded in LoadableXmlAsset: DismissTrader

GAGARIN: Succeded in LoadableXmlAsset: Flee

GAGARIN: Succeded in LoadableXmlAsset: FleeAndCower

GAGARIN: Succeded in LoadableXmlAsset: EnterTransporter

GAGARIN: Succeded in LoadableXmlAsset: Resurrect

GAGARIN: Succeded in LoadableXmlAsset: InstallImplant

GAGARIN: Succeded in LoadableXmlAsset: Insult

GAGARIN: Succeded in LoadableXmlAsset: HaulCorpseToPublicPlace

GAGARIN: Succeded in LoadableXmlAsset: InducePrisonerToEscape

GAGARIN: Succeded in LoadableXmlAsset: OfferHelp

GAGARIN: Succeded in LoadableXmlAsset: EmptyThingContainer

GAGARIN: Succeded in LoadableXmlAsset: InteractThing

GAGARIN: Succeded in LoadableXmlAsset: DeliverToCell

GAGARIN: Succeded in LoadableXmlAsset: DeliverToBed

GAGARIN: Succeded in LoadableXmlAsset: TakeCountToInventory

GAGARIN: Succeded in LoadableXmlAsset: TakeFromOtherInventory

GAGARIN: Succeded in LoadableXmlAsset: Carried

GAGARIN: Succeded in LoadableXmlAsset: Reading

GAGARIN: Succeded in LoadableXmlAsset: EnterPortal

GAGARIN: Succeded in LoadableXmlAsset: Ignite

GAGARIN: Succeded in LoadableXmlAsset: BeatFire

GAGARIN: Succeded in LoadableXmlAsset: ExtinguishSelf

GAGARIN: Succeded in LoadableXmlAsset: ExtinguishFiresNearby

GAGARIN: Succeded in LoadableXmlAsset: Ingest

GAGARIN: Succeded in LoadableXmlAsset: LayDown

GAGARIN: Succeded in LoadableXmlAsset: LayDownAwake

GAGARIN: Succeded in LoadableXmlAsset: LayDownResting

GAGARIN: Succeded in LoadableXmlAsset: Lovin

GAGARIN: Succeded in LoadableXmlAsset: GotoMindControlled

GAGARIN: Succeded in LoadableXmlAsset: HaulToCell

GAGARIN: Succeded in LoadableXmlAsset: HaulToContainer

GAGARIN: Succeded in LoadableXmlAsset: Steal

GAGARIN: Succeded in LoadableXmlAsset: Kidnap

GAGARIN: Succeded in LoadableXmlAsset: CarryDownedPawnToExit

GAGARIN: Succeded in LoadableXmlAsset: CarryDownedPawnToPortal

GAGARIN: Succeded in LoadableXmlAsset: Rescue

GAGARIN: Succeded in LoadableXmlAsset: CarryToCryptosleepCasket

GAGARIN: Succeded in LoadableXmlAsset: Capture

GAGARIN: Succeded in LoadableXmlAsset: Arrest

GAGARIN: Succeded in LoadableXmlAsset: ReleasePrisoner

GAGARIN: Succeded in LoadableXmlAsset: EscortPrisonerToBed

GAGARIN: Succeded in LoadableXmlAsset: TakeWoundedPrisonerToBed

GAGARIN: Succeded in LoadableXmlAsset: TakeToBedToOperate

GAGARIN: Succeded in LoadableXmlAsset: TakeDownedPawnToBedDrafted

GAGARIN: Succeded in LoadableXmlAsset: CarryDownedPawnDrafted

GAGARIN: Succeded in LoadableXmlAsset: CarryToCryptosleepCasketDrafted

GAGARIN: Succeded in LoadableXmlAsset: CarryToPrisonerBedDrafted

GAGARIN: Succeded in LoadableXmlAsset: Slaughter

GAGARIN: Succeded in LoadableXmlAsset: Milk

GAGARIN: Succeded in LoadableXmlAsset: Shear

GAGARIN: Succeded in LoadableXmlAsset: Tame

GAGARIN: Succeded in LoadableXmlAsset: Train

GAGARIN: Succeded in LoadableXmlAsset: RopeToPen

GAGARIN: Succeded in LoadableXmlAsset: RopeRoamerToUnenclosedPen

GAGARIN: Succeded in LoadableXmlAsset: RopeRoamerToHitchingPost

GAGARIN: Succeded in LoadableXmlAsset: Unrope

GAGARIN: Succeded in LoadableXmlAsset: ReleaseAnimalToWild

GAGARIN: Succeded in LoadableXmlAsset: PlaceNoCostFrame

GAGARIN: Succeded in LoadableXmlAsset: Replant

GAGARIN: Succeded in LoadableXmlAsset: FinishFrame

GAGARIN: Succeded in LoadableXmlAsset: DeconstructForBlueprint

GAGARIN: Succeded in LoadableXmlAsset: Deconstruct

GAGARIN: Succeded in LoadableXmlAsset: Uninstall

GAGARIN: Succeded in LoadableXmlAsset: ExtractTree

GAGARIN: Succeded in LoadableXmlAsset: FillIn

GAGARIN: Succeded in LoadableXmlAsset: Repair

GAGARIN: Succeded in LoadableXmlAsset: FixBrokenDownBuilding

GAGARIN: Succeded in LoadableXmlAsset: BuildRoof

GAGARIN: Succeded in LoadableXmlAsset: RemoveRoof

GAGARIN: Succeded in LoadableXmlAsset: PaintBuilding

GAGARIN: Succeded in LoadableXmlAsset: PaintFloor

GAGARIN: Succeded in LoadableXmlAsset: RemovePaintBuilding

GAGARIN: Succeded in LoadableXmlAsset: RemovePaintFloor

GAGARIN: Succeded in LoadableXmlAsset: FeedPatient

GAGARIN: Succeded in LoadableXmlAsset: TendPatient

GAGARIN: Succeded in LoadableXmlAsset: DeliverFood

GAGARIN: Succeded in LoadableXmlAsset: DoBill

GAGARIN: Succeded in LoadableXmlAsset: OperateDeepDrill

GAGARIN: Succeded in LoadableXmlAsset: OperateScanner

GAGARIN: Succeded in LoadableXmlAsset: Clean

GAGARIN: Succeded in LoadableXmlAsset: Research

GAGARIN: Succeded in LoadableXmlAsset: Hunt

GAGARIN: Succeded in LoadableXmlAsset: UseCommsConsole

GAGARIN: Succeded in LoadableXmlAsset: Mine

GAGARIN: Succeded in LoadableXmlAsset: SmoothFloor

GAGARIN: Succeded in LoadableXmlAsset: RemoveFloor

GAGARIN: Succeded in LoadableXmlAsset: RemoveFoundation

GAGARIN: Succeded in LoadableXmlAsset: SmoothWall

GAGARIN: Succeded in LoadableXmlAsset: Sow

GAGARIN: Succeded in LoadableXmlAsset: Harvest

GAGARIN: Succeded in LoadableXmlAsset: HarvestDesignated

GAGARIN: Succeded in LoadableXmlAsset: CutPlant

GAGARIN: Succeded in LoadableXmlAsset: CutPlantDesignated

GAGARIN: Succeded in LoadableXmlAsset: PrisonerAttemptRecruit

GAGARIN: Succeded in LoadableXmlAsset: PrisonerExecution

GAGARIN: Succeded in LoadableXmlAsset: GuiltyColonistExecution

GAGARIN: Succeded in LoadableXmlAsset: PlantSeed

GAGARIN: Succeded in LoadableXmlAsset: StudyItem

GAGARIN: Succeded in LoadableXmlAsset: ExtractSkull

GAGARIN: Succeded in LoadableXmlAsset: StudyInteract

GAGARIN: Succeded in LoadableXmlAsset: AnalyzeItem

GAGARIN: Succeded in LoadableXmlAsset: Hack

GAGARIN: Succeded in LoadableXmlAsset: Meditate

GAGARIN: Succeded in LoadableXmlAsset: Pray

GAGARIN: Succeded in LoadableXmlAsset: Skygaze

GAGARIN: Succeded in LoadableXmlAsset: GoForWalk

GAGARIN: Succeded in LoadableXmlAsset: VisitGrave

GAGARIN: Succeded in LoadableXmlAsset: ViewArt

GAGARIN: Succeded in LoadableXmlAsset: BuildSnowman

GAGARIN: Succeded in LoadableXmlAsset: SocialRelax

GAGARIN: Succeded in LoadableXmlAsset: VisitSickPawn

GAGARIN: Succeded in LoadableXmlAsset: Play_Horseshoes

GAGARIN: Succeded in LoadableXmlAsset: Play_Hoopstone

GAGARIN: Succeded in LoadableXmlAsset: Play_Billiards

GAGARIN: Succeded in LoadableXmlAsset: Play_GameOfUr

GAGARIN: Succeded in LoadableXmlAsset: Play_Chess

GAGARIN: Succeded in LoadableXmlAsset: Play_Poker

GAGARIN: Succeded in LoadableXmlAsset: WatchTelevision

GAGARIN: Succeded in LoadableXmlAsset: UseTelescope

GAGARIN: Succeded in LoadableXmlAsset: TakeDrug

GAGARIN: Succeded in LoadableXmlAsset: EatChocolate

GAGARIN: Succeded in LoadableXmlAsset: Reading

GAGARIN: Succeded in LoadableXmlAsset: Meditative

GAGARIN: Succeded in LoadableXmlAsset: Social

GAGARIN: Succeded in LoadableXmlAsset: Gaming_Dexterity

GAGARIN: Succeded in LoadableXmlAsset: Gaming_Cerebral

GAGARIN: Succeded in LoadableXmlAsset: Television

GAGARIN: Succeded in LoadableXmlAsset: Telescope

GAGARIN: Succeded in LoadableXmlAsset: HighCulture

GAGARIN: Succeded in LoadableXmlAsset: Chemical

GAGARIN: Succeded in LoadableXmlAsset: Gluttonous

GAGARIN: Succeded in LoadableXmlAsset: Reading

GAGARIN: Succeded in LoadableXmlAsset: ComplexCorridor

GAGARIN: Succeded in LoadableXmlAsset: Slash

GAGARIN: Succeded in LoadableXmlAsset: Stab

GAGARIN: Succeded in LoadableXmlAsset: Smash

GAGARIN: Succeded in LoadableXmlAsset: Demolish

GAGARIN: Succeded in LoadableXmlAsset: Scratch

GAGARIN: Succeded in LoadableXmlAsset: ScratchToxic

GAGARIN: Succeded in LoadableXmlAsset: Poke

GAGARIN: Succeded in LoadableXmlAsset: Bite

GAGARIN: Succeded in LoadableXmlAsset: ToxicBite

GAGARIN: Succeded in LoadableXmlAsset: KickMaterialInEyes

GAGARIN: Succeded in LoadableXmlAsset: Base_Faction

GAGARIN: Succeded in LoadableXmlAsset: Settlement

GAGARIN: Succeded in LoadableXmlAsset: SettlementPower

GAGARIN: Succeded in LoadableXmlAsset: Base_Player

GAGARIN: Succeded in LoadableXmlAsset: ScatterShrines

GAGARIN: Succeded in LoadableXmlAsset: CaveHives

GAGARIN: Succeded in LoadableXmlAsset: ElevationFertility

GAGARIN: Succeded in LoadableXmlAsset: MutatorPostElevationFertility

GAGARIN: Succeded in LoadableXmlAsset: RocksFromGrid

GAGARIN: Succeded in LoadableXmlAsset: RocksFromGrid_NoMinerals

GAGARIN: Succeded in LoadableXmlAsset: Terrain

GAGARIN: Succeded in LoadableXmlAsset: MutatorPostTerrain

GAGARIN: Succeded in LoadableXmlAsset: RemoveTinyIslands

GAGARIN: Succeded in LoadableXmlAsset: Roads

GAGARIN: Succeded in LoadableXmlAsset: RockChunks

GAGARIN: Succeded in LoadableXmlAsset: MutatorCriticalStructures

GAGARIN: Succeded in LoadableXmlAsset: MutatorNonCriticalStructures

GAGARIN: Succeded in LoadableXmlAsset: ScatterRuinsSimple

GAGARIN: Succeded in LoadableXmlAsset: SteamGeysers

GAGARIN: Succeded in LoadableXmlAsset: FindPlayerStartSpot

GAGARIN: Succeded in LoadableXmlAsset: ScenParts

GAGARIN: Succeded in LoadableXmlAsset: Plants

GAGARIN: Succeded in LoadableXmlAsset: Snow

GAGARIN: Succeded in LoadableXmlAsset: Animals

GAGARIN: Succeded in LoadableXmlAsset: Fog

GAGARIN: Succeded in LoadableXmlAsset: MutatorFinal

GAGARIN: Succeded in LoadableXmlAsset: Underground_RocksFromGrid

GAGARIN: Succeded in LoadableXmlAsset: PlaceCaveExit

GAGARIN: Succeded in LoadableXmlAsset: Underground_ScatterRuinsSimple

GAGARIN: Succeded in LoadableXmlAsset: Encounter

GAGARIN: Succeded in LoadableXmlAsset: EscapeShip

GAGARIN: Succeded in LoadableXmlAsset: EscapeShip

GAGARIN: Succeded in LoadableXmlAsset: Mountain

GAGARIN: Succeded in LoadableXmlAsset: Caves

GAGARIN: Succeded in LoadableXmlAsset: Coast

GAGARIN: Succeded in LoadableXmlAsset: River

GAGARIN: Succeded in LoadableXmlAsset: UndergroundCave

GAGARIN: Succeded in LoadableXmlAsset: None

GAGARIN: Succeded in LoadableXmlAsset: Things

GAGARIN: Succeded in LoadableXmlAsset: FogOfWar

GAGARIN: Succeded in LoadableXmlAsset: Buildings

GAGARIN: Succeded in LoadableXmlAsset: GroundGlow

GAGARIN: Succeded in LoadableXmlAsset: Terrain

GAGARIN: Succeded in LoadableXmlAsset: Roofs

GAGARIN: Succeded in LoadableXmlAsset: Snow

GAGARIN: Succeded in LoadableXmlAsset: Zone

GAGARIN: Succeded in LoadableXmlAsset: Plan

GAGARIN: Succeded in LoadableXmlAsset: PowerGrid

GAGARIN: Succeded in LoadableXmlAsset: BuildingsDamage

GAGARIN: Succeded in LoadableXmlAsset: Gas

GAGARIN: Succeded in LoadableXmlAsset: None

GAGARIN: Succeded in LoadableXmlAsset: Head

GAGARIN: Succeded in LoadableXmlAsset: Hair

GAGARIN: Succeded in LoadableXmlAsset: Beard

GAGARIN: Succeded in LoadableXmlAsset: Eyes

GAGARIN: Succeded in LoadableXmlAsset: Body

GAGARIN: Succeded in LoadableXmlAsset: Light

GAGARIN: Succeded in LoadableXmlAsset: Medium

GAGARIN: Succeded in LoadableXmlAsset: Heavy

GAGARIN: Succeded in LoadableXmlAsset: UltraHeavy

GAGARIN: Succeded in LoadableXmlAsset: Dignified

GAGARIN: Succeded in LoadableXmlAsset: Natural

GAGARIN: Succeded in LoadableXmlAsset: Artistic

GAGARIN: Succeded in LoadableXmlAsset: Morbid

GAGARIN: Succeded in LoadableXmlAsset: Minimal

GAGARIN: Succeded in LoadableXmlAsset: Flame

GAGARIN: Succeded in LoadableXmlAsset: Berserk

GAGARIN: Succeded in LoadableXmlAsset: Berserk

GAGARIN: Succeded in LoadableXmlAsset: BerserkPermanent

GAGARIN: Succeded in LoadableXmlAsset: FireStartingSpree

GAGARIN: Succeded in LoadableXmlAsset: FireStartingSpree

GAGARIN: Succeded in LoadableXmlAsset: Binging_DrugExtreme

GAGARIN: Succeded in LoadableXmlAsset: Binging_DrugExtreme

GAGARIN: Succeded in LoadableXmlAsset: Catatonic

GAGARIN: Succeded in LoadableXmlAsset: Jailbreaker

GAGARIN: Succeded in LoadableXmlAsset: Jailbreaker

GAGARIN: Succeded in LoadableXmlAsset: Slaughterer

GAGARIN: Succeded in LoadableXmlAsset: Slaughterer

GAGARIN: Succeded in LoadableXmlAsset: MurderousRage

GAGARIN: Succeded in LoadableXmlAsset: MurderousRage

GAGARIN: Succeded in LoadableXmlAsset: RunWild

GAGARIN: Succeded in LoadableXmlAsset: GiveUpExit

GAGARIN: Succeded in LoadableXmlAsset: GiveUpExit

GAGARIN: Succeded in LoadableXmlAsset: Binging_DrugMajor

GAGARIN: Succeded in LoadableXmlAsset: Binging_DrugMajor

GAGARIN: Succeded in LoadableXmlAsset: Wander_Psychotic

GAGARIN: Succeded in LoadableXmlAsset: Wander_Psychotic

GAGARIN: Succeded in LoadableXmlAsset: Wander_Psychotic_Short

GAGARIN: Succeded in LoadableXmlAsset: Tantrum

GAGARIN: Succeded in LoadableXmlAsset: Tantrum

GAGARIN: Succeded in LoadableXmlAsset: TargetedTantrum

GAGARIN: Succeded in LoadableXmlAsset: TargetedTantrum

GAGARIN: Succeded in LoadableXmlAsset: BedroomTantrum

GAGARIN: Succeded in LoadableXmlAsset: BedroomTantrum

GAGARIN: Succeded in LoadableXmlAsset: SadisticRage

GAGARIN: Succeded in LoadableXmlAsset: SadisticRage

GAGARIN: Succeded in LoadableXmlAsset: CorpseObsession

GAGARIN: Succeded in LoadableXmlAsset: CorpseObsession

GAGARIN: Succeded in LoadableXmlAsset: Binging_Food

GAGARIN: Succeded in LoadableXmlAsset: Binging_Food

GAGARIN: Succeded in LoadableXmlAsset: Wander_Sad

GAGARIN: Succeded in LoadableXmlAsset: Wander_Sad

GAGARIN: Succeded in LoadableXmlAsset: Wander_OwnRoom

GAGARIN: Succeded in LoadableXmlAsset: Wander_OwnRoom

GAGARIN: Succeded in LoadableXmlAsset: InsultingSpree

GAGARIN: Succeded in LoadableXmlAsset: InsultingSpree

GAGARIN: Succeded in LoadableXmlAsset: TargetedInsultingSpree

GAGARIN: Succeded in LoadableXmlAsset: TargetedInsultingSpree

GAGARIN: Succeded in LoadableXmlAsset: WanderConfused

GAGARIN: Succeded in LoadableXmlAsset: PanicFlee

GAGARIN: Succeded in LoadableXmlAsset: Manhunter

GAGARIN: Succeded in LoadableXmlAsset: ManhunterPermanent

GAGARIN: Succeded in LoadableXmlAsset: SocialFighting

GAGARIN: Succeded in LoadableXmlAsset: Roaming

GAGARIN: Succeded in LoadableXmlAsset: BerserkMechanoid

GAGARIN: Succeded in LoadableXmlAsset: CocoonDisturbed

GAGARIN: Succeded in LoadableXmlAsset: Mood

GAGARIN: Succeded in LoadableXmlAsset: Food

GAGARIN: Succeded in LoadableXmlAsset: Rest

GAGARIN: Succeded in LoadableXmlAsset: Joy

GAGARIN: Succeded in LoadableXmlAsset: Beauty

GAGARIN: Succeded in LoadableXmlAsset: Comfort

GAGARIN: Succeded in LoadableXmlAsset: Outdoors

GAGARIN: Succeded in LoadableXmlAsset: Indoors

GAGARIN: Succeded in LoadableXmlAsset: DrugDesire

GAGARIN: Succeded in LoadableXmlAsset: RoomSize

GAGARIN: Succeded in LoadableXmlAsset: Normal

GAGARIN: Succeded in LoadableXmlAsset: FenceBlocked

GAGARIN: Succeded in LoadableXmlAsset: Flying

GAGARIN: Succeded in LoadableXmlAsset: Consciousness

GAGARIN: Succeded in LoadableXmlAsset: Moving

GAGARIN: Succeded in LoadableXmlAsset: Manipulation

GAGARIN: Succeded in LoadableXmlAsset: Talking

GAGARIN: Succeded in LoadableXmlAsset: Eating

GAGARIN: Succeded in LoadableXmlAsset: Sight

GAGARIN: Succeded in LoadableXmlAsset: Hearing

GAGARIN: Succeded in LoadableXmlAsset: Breathing

GAGARIN: Succeded in LoadableXmlAsset: BloodFiltration

GAGARIN: Succeded in LoadableXmlAsset: BloodPumping

GAGARIN: Succeded in LoadableXmlAsset: Metabolism

GAGARIN: Succeded in LoadableXmlAsset: Grenadier_Destructive

GAGARIN: Succeded in LoadableXmlAsset: Grenadier_EMP

GAGARIN: Succeded in LoadableXmlAsset: Grenadier_Smoke

GAGARIN: Succeded in LoadableXmlAsset: Mercenary_Gunner

GAGARIN: Succeded in LoadableXmlAsset: Mercenary_Gunner_Acidifier

GAGARIN: Succeded in LoadableXmlAsset: Mercenary_Sniper

GAGARIN: Succeded in LoadableXmlAsset: Mercenary_Sniper_Acidifier

GAGARIN: Succeded in LoadableXmlAsset: Mercenary_Slasher

GAGARIN: Succeded in LoadableXmlAsset: Mercenary_Slasher_Acidifier

GAGARIN: Succeded in LoadableXmlAsset: Mercenary_Heavy

GAGARIN: Succeded in LoadableXmlAsset: PirateBoss

GAGARIN: Succeded in LoadableXmlAsset: Mercenary_Elite

GAGARIN: Succeded in LoadableXmlAsset: Mercenary_Elite_Acidifier

GAGARIN: Succeded in LoadableXmlAsset: Villager

GAGARIN: Succeded in LoadableXmlAsset: Town_Guard

GAGARIN: Succeded in LoadableXmlAsset: Town_Trader

GAGARIN: Succeded in LoadableXmlAsset: Town_Councilman

GAGARIN: Succeded in LoadableXmlAsset: Drifter

GAGARIN: Succeded in LoadableXmlAsset: Scavenger

GAGARIN: Succeded in LoadableXmlAsset: Thrasher

GAGARIN: Succeded in LoadableXmlAsset: Pirate

GAGARIN: Succeded in LoadableXmlAsset: Colonist

GAGARIN: Succeded in LoadableXmlAsset: Tribesperson

GAGARIN: Succeded in LoadableXmlAsset: SpaceRefugee

GAGARIN: Succeded in LoadableXmlAsset: SpaceRefugee_Clothed

GAGARIN: Succeded in LoadableXmlAsset: AncientSoldier

GAGARIN: Succeded in LoadableXmlAsset: Slave

GAGARIN: Succeded in LoadableXmlAsset: WildMan

GAGARIN: Succeded in LoadableXmlAsset: StrangerInBlack

GAGARIN: Succeded in LoadableXmlAsset: Tribal_Penitent

GAGARIN: Succeded in LoadableXmlAsset: Tribal_Archer

GAGARIN: Succeded in LoadableXmlAsset: Tribal_Warrior

GAGARIN: Succeded in LoadableXmlAsset: Tribal_Hunter

GAGARIN: Succeded in LoadableXmlAsset: Tribal_Trader

GAGARIN: Succeded in LoadableXmlAsset: Tribal_Berserker

GAGARIN: Succeded in LoadableXmlAsset: Tribal_HeavyArcher

GAGARIN: Succeded in LoadableXmlAsset: Tribal_ChiefMelee

GAGARIN: Succeded in LoadableXmlAsset: Tribal_ChiefRanged

GAGARIN: Succeded in LoadableXmlAsset: Tribal_Breacher

GAGARIN: Succeded in LoadableXmlAsset: Mech_Termite_Breach

GAGARIN: Succeded in LoadableXmlAsset: Parent

GAGARIN: Succeded in LoadableXmlAsset: Child

GAGARIN: Succeded in LoadableXmlAsset: Sibling

GAGARIN: Succeded in LoadableXmlAsset: HalfSibling

GAGARIN: Succeded in LoadableXmlAsset: Grandparent

GAGARIN: Succeded in LoadableXmlAsset: Grandchild

GAGARIN: Succeded in LoadableXmlAsset: NephewOrNiece

GAGARIN: Succeded in LoadableXmlAsset: UncleOrAunt

GAGARIN: Succeded in LoadableXmlAsset: Cousin

GAGARIN: Succeded in LoadableXmlAsset: GreatGrandparent

GAGARIN: Succeded in LoadableXmlAsset: GreatGrandchild

GAGARIN: Succeded in LoadableXmlAsset: GranduncleOrGrandaunt

GAGARIN: Succeded in LoadableXmlAsset: GrandnephewOrGrandniece

GAGARIN: Succeded in LoadableXmlAsset: CousinOnceRemoved

GAGARIN: Succeded in LoadableXmlAsset: SecondCousin

GAGARIN: Succeded in LoadableXmlAsset: Kin

GAGARIN: Succeded in LoadableXmlAsset: Spouse

GAGARIN: Succeded in LoadableXmlAsset: Fiance

GAGARIN: Succeded in LoadableXmlAsset: Lover

GAGARIN: Succeded in LoadableXmlAsset: Stepparent

GAGARIN: Succeded in LoadableXmlAsset: Stepchild

GAGARIN: Succeded in LoadableXmlAsset: ParentInLaw

GAGARIN: Succeded in LoadableXmlAsset: ChildInLaw

GAGARIN: Succeded in LoadableXmlAsset: ExSpouse

GAGARIN: Succeded in LoadableXmlAsset: ExLover

GAGARIN: Succeded in LoadableXmlAsset: Bonded

GAGARIN: Succeded in LoadableXmlAsset: Bond

GAGARIN: Succeded in LoadableXmlAsset: Root

GAGARIN: Succeded in LoadableXmlAsset: Head

GAGARIN: Succeded in LoadableXmlAsset: ApparelHead

GAGARIN: Succeded in LoadableXmlAsset: Body

GAGARIN: Succeded in LoadableXmlAsset: ApparelBody

GAGARIN: Succeded in LoadableXmlAsset: Humanlike

GAGARIN: Succeded in LoadableXmlAsset: Animal

GAGARIN: Succeded in LoadableXmlAsset: Misc

GAGARIN: Succeded in LoadableXmlAsset: Surface

GAGARIN: Succeded in LoadableXmlAsset: AteNutrientPaste

GAGARIN: Succeded in LoadableXmlAsset: NutrientPasteEating

GAGARIN: Succeded in LoadableXmlAsset: NutrientPasteEating_Disgusting

GAGARIN: Succeded in LoadableXmlAsset: AteNutrientPasteMeal

GAGARIN: Succeded in LoadableXmlAsset: Cannibalism

GAGARIN: Succeded in LoadableXmlAsset: AteHumanMeatDirect

GAGARIN: Succeded in LoadableXmlAsset: AteHumanMeatAsIngredient

GAGARIN: Succeded in LoadableXmlAsset: ButcheredHuman

GAGARIN: Succeded in LoadableXmlAsset: Cannibalism_Classic

GAGARIN: Succeded in LoadableXmlAsset: ObservedLayingCorpse

GAGARIN: Succeded in LoadableXmlAsset: ObservedLayingRottingCorpse

GAGARIN: Succeded in LoadableXmlAsset: Corpses

GAGARIN: Succeded in LoadableXmlAsset: Corpses_Ugly

GAGARIN: Succeded in LoadableXmlAsset: InsectMeat

GAGARIN: Succeded in LoadableXmlAsset: AteInsectMeatDirect

GAGARIN: Succeded in LoadableXmlAsset: AteInsectMeatAsIngredient

GAGARIN: Succeded in LoadableXmlAsset: InsectMeatEating_Despised_Classic

GAGARIN: Succeded in LoadableXmlAsset: Lovin

GAGARIN: Succeded in LoadableXmlAsset: InitiatedLovin

GAGARIN: Succeded in LoadableXmlAsset: GotLovin

GAGARIN: Succeded in LoadableXmlAsset: GotLovin_Spouse

GAGARIN: Succeded in LoadableXmlAsset: GotLovin_NonSpouse

GAGARIN: Succeded in LoadableXmlAsset: SharedBed

GAGARIN: Succeded in LoadableXmlAsset: SharedBed_Spouse

GAGARIN: Succeded in LoadableXmlAsset: SharedBed_NonSpouse

GAGARIN: Succeded in LoadableXmlAsset: Lovin_Free

GAGARIN: Succeded in LoadableXmlAsset: MarriageName

GAGARIN: Succeded in LoadableXmlAsset: GotMarried_TookWomansName

GAGARIN: Succeded in LoadableXmlAsset: GotMarried_TookMansName

GAGARIN: Succeded in LoadableXmlAsset: GotMarried_KeptName

GAGARIN: Succeded in LoadableXmlAsset: MarriageName_UsuallyMans

GAGARIN: Succeded in LoadableXmlAsset: OrganUse

GAGARIN: Succeded in LoadableXmlAsset: HarvestedOrganFromColonist

GAGARIN: Succeded in LoadableXmlAsset: HarvestedOrganFromGuest

GAGARIN: Succeded in LoadableXmlAsset: OrganUse_Classic

GAGARIN: Succeded in LoadableXmlAsset: Execution

GAGARIN: Succeded in LoadableXmlAsset: ExecutedPrisoner

GAGARIN: Succeded in LoadableXmlAsset: ExecutedPrisonerGuilty

GAGARIN: Succeded in LoadableXmlAsset: ExecutedPrisonerInnocent

GAGARIN: Succeded in LoadableXmlAsset: ExecutedColonist

GAGARIN: Succeded in LoadableXmlAsset: ExecutedGuest

GAGARIN: Succeded in LoadableXmlAsset: Execution_Classic

GAGARIN: Succeded in LoadableXmlAsset: Ritual

GAGARIN: Succeded in LoadableXmlAsset: SlaveTrading

GAGARIN: Succeded in LoadableXmlAsset: SoldSlave

GAGARIN: Succeded in LoadableXmlAsset: Slavery_Classic

GAGARIN: Succeded in LoadableXmlAsset: SpouseCount_Male

GAGARIN: Succeded in LoadableXmlAsset: SpouseCount_Female

GAGARIN: Succeded in LoadableXmlAsset: GotMarried_SpouseCount_OneOrFewer

GAGARIN: Succeded in LoadableXmlAsset: GotMarried_SpouseCount_Two

GAGARIN: Succeded in LoadableXmlAsset: SpouseCount_Male_MaxOne

GAGARIN: Succeded in LoadableXmlAsset: SpouseCount_Female_MaxOne

GAGARIN: Succeded in LoadableXmlAsset: AncientSystemRacks_Rows

GAGARIN: Succeded in LoadableXmlAsset: AncientSystemRack

GAGARIN: Succeded in LoadableXmlAsset: AncientDisplayBank_Edge

GAGARIN: Succeded in LoadableXmlAsset: AncientMachine_Rows

GAGARIN: Succeded in LoadableXmlAsset: AncientEquipmentBlocks_Rows

GAGARIN: Succeded in LoadableXmlAsset: AncientStorageCylinder_Edge

GAGARIN: Succeded in LoadableXmlAsset: AncientGenerator_SmallCluster

GAGARIN: Succeded in LoadableXmlAsset: AncientBarrel_Cluster

GAGARIN: Succeded in LoadableXmlAsset: OperatingTables

GAGARIN: Succeded in LoadableXmlAsset: AncientLockerBank_Row

GAGARIN: Succeded in LoadableXmlAsset: Shelves_Rows

GAGARIN: Succeded in LoadableXmlAsset: AncientLamp_Single

GAGARIN: Succeded in LoadableXmlAsset: Util_JoinerThreat_Joiner

GAGARIN: Succeded in LoadableXmlAsset: ThreatReward_Raid_Joiner

GAGARIN: Succeded in LoadableXmlAsset: Util_GetDefaultRewardValueFromPoints

GAGARIN: Succeded in LoadableXmlAsset: Util_JoinerWalkIn

GAGARIN: Succeded in LoadableXmlAsset: Util_JoinerDropIn

GAGARIN: Succeded in LoadableXmlAsset: Util_SendItemPods

GAGARIN: Succeded in LoadableXmlAsset: Util_RandomizePointsChallengeRating

GAGARIN: Succeded in LoadableXmlAsset: Util_AdjustPointsForDistantFight

GAGARIN: Succeded in LoadableXmlAsset: Util_Raid

GAGARIN: Succeded in LoadableXmlAsset: Util_MechCluster

GAGARIN: Succeded in LoadableXmlAsset: Util_RaidDelayRepeatable

GAGARIN: Succeded in LoadableXmlAsset: Util_GenerateSite

GAGARIN: Succeded in LoadableXmlAsset: OpportunitySite_BanditCamp

GAGARIN: Succeded in LoadableXmlAsset: DelayedRewardDropPods

GAGARIN: Succeded in LoadableXmlAsset: OpportunitySite_DownedRefugee

GAGARIN: Succeded in LoadableXmlAsset: EndGame_ShipEscape

GAGARIN: Succeded in LoadableXmlAsset: OpportunitySite_ItemStash

GAGARIN: Succeded in LoadableXmlAsset: LongRangeMineralScannerLump

GAGARIN: Succeded in LoadableXmlAsset: OpportunitySite_PeaceTalks

GAGARIN: Succeded in LoadableXmlAsset: OpportunitySite_PrisonerWillingToJoin

GAGARIN: Succeded in LoadableXmlAsset: TradeRequest

GAGARIN: Succeded in LoadableXmlAsset: RefugeePodCrash

GAGARIN: Succeded in LoadableXmlAsset: WandererJoins

GAGARIN: Succeded in LoadableXmlAsset: ButcherCorpseFlesh

GAGARIN: Succeded in LoadableXmlAsset: ButcherCorpseMechanoid

GAGARIN: Succeded in LoadableXmlAsset: SmashCorpseMechanoid

GAGARIN: Succeded in LoadableXmlAsset: CremateCorpse

GAGARIN: Succeded in LoadableXmlAsset: BurnApparel

GAGARIN: Succeded in LoadableXmlAsset: BurnWeapon

GAGARIN: Succeded in LoadableXmlAsset: BurnDrugs

GAGARIN: Succeded in LoadableXmlAsset: Make_Kibble

GAGARIN: Succeded in LoadableXmlAsset: Make_Pemmican

GAGARIN: Succeded in LoadableXmlAsset: Make_PemmicanBulk

GAGARIN: Succeded in LoadableXmlAsset: CookMealSimple

GAGARIN: Succeded in LoadableXmlAsset: CookMealSimpleBulk

GAGARIN: Succeded in LoadableXmlAsset: CookMealFine

GAGARIN: Succeded in LoadableXmlAsset: CookMealFine_Veg

GAGARIN: Succeded in LoadableXmlAsset: CookMealFine_Meat

GAGARIN: Succeded in LoadableXmlAsset: CookMealFineBulk

GAGARIN: Succeded in LoadableXmlAsset: CookMealFineBulk_Meat

GAGARIN: Succeded in LoadableXmlAsset: CookMealFineBulk_Veg

GAGARIN: Succeded in LoadableXmlAsset: CookMealLavish

GAGARIN: Succeded in LoadableXmlAsset: CookMealLavish_Meat

GAGARIN: Succeded in LoadableXmlAsset: CookMealLavish_Veg

GAGARIN: Succeded in LoadableXmlAsset: CookMealLavishBulk

GAGARIN: Succeded in LoadableXmlAsset: CookMealLavishBulk_Veg

GAGARIN: Succeded in LoadableXmlAsset: CookMealLavishBulk_Meat

GAGARIN: Succeded in LoadableXmlAsset: CookMealSurvival

GAGARIN: Succeded in LoadableXmlAsset: CookMealSurvivalBulk

GAGARIN: Succeded in LoadableXmlAsset: Make_StoneBlocksAny

GAGARIN: Succeded in LoadableXmlAsset: ExtractMetalFromSlag

GAGARIN: Succeded in LoadableXmlAsset: SmeltWeapon

GAGARIN: Succeded in LoadableXmlAsset: SmeltApparel

GAGARIN: Succeded in LoadableXmlAsset: DestroyWeapon

GAGARIN: Succeded in LoadableXmlAsset: DestroyApparel

GAGARIN: Succeded in LoadableXmlAsset: SmeltOrDestroyThing

GAGARIN: Succeded in LoadableXmlAsset: Make_ChemfuelFromWood

GAGARIN: Succeded in LoadableXmlAsset: Make_ChemfuelFromOrganics

GAGARIN: Succeded in LoadableXmlAsset: Make_ComponentIndustrial

GAGARIN: Succeded in LoadableXmlAsset: Make_ComponentSpacer

GAGARIN: Succeded in LoadableXmlAsset: Make_Patchleather

GAGARIN: Succeded in LoadableXmlAsset: Anesthetize

GAGARIN: Succeded in LoadableXmlAsset: Euthanize

GAGARIN: Succeded in LoadableXmlAsset: RemoveBodyPart

GAGARIN: Succeded in LoadableXmlAsset: SurgeryOutcomeBase

GAGARIN: Succeded in LoadableXmlAsset: SurgeryOutcomeMinorFailure

GAGARIN: Succeded in LoadableXmlAsset: PsychoidBrewing

GAGARIN: Succeded in LoadableXmlAsset: TreeSowing

GAGARIN: Succeded in LoadableXmlAsset: Brewing

GAGARIN: Succeded in LoadableXmlAsset: ComplexFurniture

GAGARIN: Succeded in LoadableXmlAsset: PassiveCooler

GAGARIN: Succeded in LoadableXmlAsset: Stonecutting

GAGARIN: Succeded in LoadableXmlAsset: ComplexClothing

GAGARIN: Succeded in LoadableXmlAsset: DrugProduction

GAGARIN: Succeded in LoadableXmlAsset: Cocoa

GAGARIN: Succeded in LoadableXmlAsset: Devilstrand

GAGARIN: Succeded in LoadableXmlAsset: CarpetMaking

GAGARIN: Succeded in LoadableXmlAsset: Pemmican

GAGARIN: Succeded in LoadableXmlAsset: Smithing

GAGARIN: Succeded in LoadableXmlAsset: RecurveBow

GAGARIN: Succeded in LoadableXmlAsset: PsychiteRefining

GAGARIN: Succeded in LoadableXmlAsset: WakeUpProduction

GAGARIN: Succeded in LoadableXmlAsset: GoJuiceProduction

GAGARIN: Succeded in LoadableXmlAsset: PenoxycylineProduction

GAGARIN: Succeded in LoadableXmlAsset: LongBlades

GAGARIN: Succeded in LoadableXmlAsset: PlateArmor

GAGARIN: Succeded in LoadableXmlAsset: Greatbow

GAGARIN: Succeded in LoadableXmlAsset: Electricity

GAGARIN: Succeded in LoadableXmlAsset: Batteries

GAGARIN: Succeded in LoadableXmlAsset: BiofuelRefining

GAGARIN: Succeded in LoadableXmlAsset: WatermillGenerator

GAGARIN: Succeded in LoadableXmlAsset: NutrientPaste

GAGARIN: Succeded in LoadableXmlAsset: SolarPanels

GAGARIN: Succeded in LoadableXmlAsset: AirConditioning

GAGARIN: Succeded in LoadableXmlAsset: Autodoors

GAGARIN: Succeded in LoadableXmlAsset: Hydroponics

GAGARIN: Succeded in LoadableXmlAsset: TubeTelevision

GAGARIN: Succeded in LoadableXmlAsset: PackagedSurvivalMeal

GAGARIN: Succeded in LoadableXmlAsset: Firefoam

GAGARIN: Succeded in LoadableXmlAsset: IEDs

GAGARIN: Succeded in LoadableXmlAsset: GeothermalPower

GAGARIN: Succeded in LoadableXmlAsset: SterileMaterials

GAGARIN: Succeded in LoadableXmlAsset: ColoredLights

GAGARIN: Succeded in LoadableXmlAsset: Machining

GAGARIN: Succeded in LoadableXmlAsset: SmokepopBelt

GAGARIN: Succeded in LoadableXmlAsset: Prosthetics

GAGARIN: Succeded in LoadableXmlAsset: Gunsmithing

GAGARIN: Succeded in LoadableXmlAsset: FlakArmor

GAGARIN: Succeded in LoadableXmlAsset: Mortars

GAGARIN: Succeded in LoadableXmlAsset: BlowbackOperation

GAGARIN: Succeded in LoadableXmlAsset: GasOperation

GAGARIN: Succeded in LoadableXmlAsset: GunTurrets

GAGARIN: Succeded in LoadableXmlAsset: FoamTurret

GAGARIN: Succeded in LoadableXmlAsset: MicroelectronicsBasics

GAGARIN: Succeded in LoadableXmlAsset: FlatscreenTelevision

GAGARIN: Succeded in LoadableXmlAsset: MoisturePump

GAGARIN: Succeded in LoadableXmlAsset: HospitalBed

GAGARIN: Succeded in LoadableXmlAsset: DeepDrilling

GAGARIN: Succeded in LoadableXmlAsset: GroundPenetratingScanner

GAGARIN: Succeded in LoadableXmlAsset: TransportPod

GAGARIN: Succeded in LoadableXmlAsset: MedicineProduction

GAGARIN: Succeded in LoadableXmlAsset: LongRangeMineralScanner

GAGARIN: Succeded in LoadableXmlAsset: ShieldBelt

GAGARIN: Succeded in LoadableXmlAsset: PrecisionRifling

GAGARIN: Succeded in LoadableXmlAsset: HeavyTurrets

GAGARIN: Succeded in LoadableXmlAsset: MultibarrelWeapons

GAGARIN: Succeded in LoadableXmlAsset: MultiAnalyzer

GAGARIN: Succeded in LoadableXmlAsset: VitalsMonitor

GAGARIN: Succeded in LoadableXmlAsset: Fabrication

GAGARIN: Succeded in LoadableXmlAsset: AdvancedFabrication

GAGARIN: Succeded in LoadableXmlAsset: Cryptosleep

GAGARIN: Succeded in LoadableXmlAsset: ReconArmor

GAGARIN: Succeded in LoadableXmlAsset: PoweredArmor

GAGARIN: Succeded in LoadableXmlAsset: ChargedShot

GAGARIN: Succeded in LoadableXmlAsset: Bionics

GAGARIN: Succeded in LoadableXmlAsset: SniperTurret

GAGARIN: Succeded in LoadableXmlAsset: RocketswarmLauncher

GAGARIN: Succeded in LoadableXmlAsset: ShipBasics

GAGARIN: Succeded in LoadableXmlAsset: ShipCryptosleep

GAGARIN: Succeded in LoadableXmlAsset: ShipReactor

GAGARIN: Succeded in LoadableXmlAsset: ShipEngine

GAGARIN: Succeded in LoadableXmlAsset: ShipComputerCore

GAGARIN: Succeded in LoadableXmlAsset: ShipSensorCluster

GAGARIN: Succeded in LoadableXmlAsset: Main

GAGARIN: Succeded in LoadableXmlAsset: Speech

GAGARIN: Succeded in LoadableXmlAsset: AttendedSpeech

GAGARIN: Succeded in LoadableXmlAsset: HugeRiver

GAGARIN: Succeded in LoadableXmlAsset: LargeRiver

GAGARIN: Succeded in LoadableXmlAsset: River

GAGARIN: Succeded in LoadableXmlAsset: Creek

GAGARIN: Succeded in LoadableXmlAsset: DirtPath

GAGARIN: Succeded in LoadableXmlAsset: DirtRoad

GAGARIN: Succeded in LoadableXmlAsset: StoneRoad

GAGARIN: Succeded in LoadableXmlAsset: AncientAsphaltRoad

GAGARIN: Succeded in LoadableXmlAsset: AncientAsphaltHighway

GAGARIN: Succeded in LoadableXmlAsset: Avoid

GAGARIN: Succeded in LoadableXmlAsset: Bulldoze

GAGARIN: Succeded in LoadableXmlAsset: Outline

GAGARIN: Succeded in LoadableXmlAsset: Dirt

GAGARIN: Succeded in LoadableXmlAsset: Stone

GAGARIN: Succeded in LoadableXmlAsset: Gravel

GAGARIN: Succeded in LoadableXmlAsset: Asphalt

GAGARIN: Succeded in LoadableXmlAsset: None

GAGARIN: Succeded in LoadableXmlAsset: Room

GAGARIN: Succeded in LoadableXmlAsset: Bedroom

GAGARIN: Succeded in LoadableXmlAsset: PrisonCell

GAGARIN: Succeded in LoadableXmlAsset: DiningRoom

GAGARIN: Succeded in LoadableXmlAsset: RecRoom

GAGARIN: Succeded in LoadableXmlAsset: Hospital

GAGARIN: Succeded in LoadableXmlAsset: Laboratory

GAGARIN: Succeded in LoadableXmlAsset: Workshop

GAGARIN: Succeded in LoadableXmlAsset: Storeroom

GAGARIN: Succeded in LoadableXmlAsset: Barracks

GAGARIN: Succeded in LoadableXmlAsset: PrisonBarracks

GAGARIN: Succeded in LoadableXmlAsset: Kitchen

GAGARIN: Succeded in LoadableXmlAsset: Tomb

GAGARIN: Succeded in LoadableXmlAsset: Barn

GAGARIN: Succeded in LoadableXmlAsset: Impressiveness

GAGARIN: Succeded in LoadableXmlAsset: Wealth

GAGARIN: Succeded in LoadableXmlAsset: Space

GAGARIN: Succeded in LoadableXmlAsset: Beauty

GAGARIN: Succeded in LoadableXmlAsset: Cleanliness

GAGARIN: Succeded in LoadableXmlAsset: ReadingBonus

GAGARIN: Succeded in LoadableXmlAsset: InfectionChanceFactor

GAGARIN: Succeded in LoadableXmlAsset: SurgerySuccessChanceCleanlinessFactor

GAGARIN: Succeded in LoadableXmlAsset: ResearchSpeedFactor

GAGARIN: Succeded in LoadableXmlAsset: GraveVisitingJoyGainFactor

GAGARIN: Succeded in LoadableXmlAsset: FoodPoisonChance

GAGARIN: Succeded in LoadableXmlAsset: OutdoorsPath

GAGARIN: Succeded in LoadableXmlAsset: AncientComplexSketch

GAGARIN: Succeded in LoadableXmlAsset: BasePart

GAGARIN: Succeded in LoadableXmlAsset: BasePart_Indoors_Division

GAGARIN: Succeded in LoadableXmlAsset: BasePart_Indoors_Leaf

GAGARIN: Succeded in LoadableXmlAsset: BasePart_Outdoors

GAGARIN: Succeded in LoadableXmlAsset: BasePart_Outdoors_Division

GAGARIN: Succeded in LoadableXmlAsset: BasePart_Outdoors_LeafPossiblyDecorated

GAGARIN: Succeded in LoadableXmlAsset: BasePart_Outdoors_LeafDecorated

GAGARIN: Succeded in LoadableXmlAsset: BasePart_Outdoors_Leaf

GAGARIN: Succeded in LoadableXmlAsset: Clear

GAGARIN: Succeded in LoadableXmlAsset: SingleThing

GAGARIN: Succeded in LoadableXmlAsset: SinglePawn

GAGARIN: Succeded in LoadableXmlAsset: Filth

GAGARIN: Succeded in LoadableXmlAsset: FloorFill

GAGARIN: Succeded in LoadableXmlAsset: RemoveDangerousTerrain

GAGARIN: Succeded in LoadableXmlAsset: Roof

GAGARIN: Succeded in LoadableXmlAsset: EnsureCanReachMapEdge

GAGARIN: Succeded in LoadableXmlAsset: EnsureCanHoldRoof

GAGARIN: Succeded in LoadableXmlAsset: OutdoorsCampfire

GAGARIN: Succeded in LoadableXmlAsset: FirefoamPopper

GAGARIN: Succeded in LoadableXmlAsset: PawnGroup

GAGARIN: Succeded in LoadableXmlAsset: ThingSet

GAGARIN: Succeded in LoadableXmlAsset: LootScatter

GAGARIN: Succeded in LoadableXmlAsset: EmptyRoom

GAGARIN: Succeded in LoadableXmlAsset: Doors

GAGARIN: Succeded in LoadableXmlAsset: ExtraDoor

GAGARIN: Succeded in LoadableXmlAsset: EdgeSandbags

GAGARIN: Succeded in LoadableXmlAsset: EdgeWalls

GAGARIN: Succeded in LoadableXmlAsset: EdgeFloor

GAGARIN: Succeded in LoadableXmlAsset: AncientCryptosleepCasket

GAGARIN: Succeded in LoadableXmlAsset: EdgeThing

GAGARIN: Succeded in LoadableXmlAsset: CultivatedPlants

GAGARIN: Succeded in LoadableXmlAsset: Bed

GAGARIN: Succeded in LoadableXmlAsset: PrisonerBed

GAGARIN: Succeded in LoadableXmlAsset: RectTrigger

GAGARIN: Succeded in LoadableXmlAsset: EmptyRoomRounded

GAGARIN: Succeded in LoadableXmlAsset: SoundOneShotAction

GAGARIN: Succeded in LoadableXmlAsset: UnfoggedTrigger

GAGARIN: Succeded in LoadableXmlAsset: ContainerEmptiedTrigger

GAGARIN: Succeded in LoadableXmlAsset: OpenDoorAction

GAGARIN: Succeded in LoadableXmlAsset: Settlement

GAGARIN: Succeded in LoadableXmlAsset: EdgeDefense

GAGARIN: Succeded in LoadableXmlAsset: AncientShrinesGroup

GAGARIN: Succeded in LoadableXmlAsset: AncientShrine

GAGARIN: Succeded in LoadableXmlAsset: AncientRuins

GAGARIN: Succeded in LoadableXmlAsset: RandomMechanoidGroup

GAGARIN: Succeded in LoadableXmlAsset: Hives

GAGARIN: Succeded in LoadableXmlAsset: FillWithBeds

GAGARIN: Succeded in LoadableXmlAsset: Stockpile

GAGARIN: Succeded in LoadableXmlAsset: MannedMortar

GAGARIN: Succeded in LoadableXmlAsset: EdgeMannedMortar

GAGARIN: Succeded in LoadableXmlAsset: Farm

GAGARIN: Succeded in LoadableXmlAsset: FillWithThings

GAGARIN: Succeded in LoadableXmlAsset: Refuel

GAGARIN: Succeded in LoadableXmlAsset: ChargeBatteries

GAGARIN: Succeded in LoadableXmlAsset: PlaceChairsNearTables

GAGARIN: Succeded in LoadableXmlAsset: RandomlyPlaceMealsOnTables

GAGARIN: Succeded in LoadableXmlAsset: AddWortToFermentingBarrels

GAGARIN: Succeded in LoadableXmlAsset: Street

GAGARIN: Succeded in LoadableXmlAsset: EdgeStreet

GAGARIN: Succeded in LoadableXmlAsset: IndoorLighting

GAGARIN: Succeded in LoadableXmlAsset: OutdoorLighting

GAGARIN: Succeded in LoadableXmlAsset: InnerStockpile

GAGARIN: Succeded in LoadableXmlAsset: Brewery

GAGARIN: Succeded in LoadableXmlAsset: WorshippedTerminal

GAGARIN: Succeded in LoadableXmlAsset: DiningRoom

GAGARIN: Succeded in LoadableXmlAsset: BatteryRoom

GAGARIN: Succeded in LoadableXmlAsset: Storage

GAGARIN: Succeded in LoadableXmlAsset: Barracks

GAGARIN: Succeded in LoadableXmlAsset: PrisonCell

GAGARIN: Succeded in LoadableXmlAsset: AncientTemple

GAGARIN: Succeded in LoadableXmlAsset: TerrorBuildings

GAGARIN: Succeded in LoadableXmlAsset: Message

GAGARIN: Succeded in LoadableXmlAsset: SleepingMechanoids

GAGARIN: Succeded in LoadableXmlAsset: Interior_Storage

GAGARIN: Succeded in LoadableXmlAsset: Interior_Barracks

GAGARIN: Succeded in LoadableXmlAsset: Interior_AncientTemple

GAGARIN: Succeded in LoadableXmlAsset: Interior_Brewery

GAGARIN: Succeded in LoadableXmlAsset: Interior_WorshippedTerminal

GAGARIN: Succeded in LoadableXmlAsset: Interior_BatteryRoom

GAGARIN: Succeded in LoadableXmlAsset: Interior_DiningRoom

GAGARIN: Succeded in LoadableXmlAsset: Interior_PrisonCell

GAGARIN: Succeded in LoadableXmlAsset: Ship_Core

GAGARIN: Succeded in LoadableXmlAsset: Ship_Pregen

GAGARIN: Succeded in LoadableXmlAsset: Ship_Spine

GAGARIN: Succeded in LoadableXmlAsset: Ship_Populate

GAGARIN: Succeded in LoadableXmlAsset: ArtDescriptionRoot_HasTale

GAGARIN: Succeded in LoadableXmlAsset: ArtDescriptionRoot_Taleless

GAGARIN: Succeded in LoadableXmlAsset: ArtDescriptionUtility_Global

GAGARIN: Succeded in LoadableXmlAsset: ArtDescription_Sculpture

GAGARIN: Succeded in LoadableXmlAsset: ArtDescription_WeaponMelee

GAGARIN: Succeded in LoadableXmlAsset: ArtDescription_WeaponGun

GAGARIN: Succeded in LoadableXmlAsset: ArtDescription_Furniture

GAGARIN: Succeded in LoadableXmlAsset: ArtDescription_SarcophagusPlate

GAGARIN: Succeded in LoadableXmlAsset: TalelessImages

GAGARIN: Succeded in LoadableXmlAsset: Battle_Solo

GAGARIN: Succeded in LoadableXmlAsset: Battle_Duel

GAGARIN: Succeded in LoadableXmlAsset: Battle_Internal

GAGARIN: Succeded in LoadableXmlAsset: Battle_War

GAGARIN: Succeded in LoadableXmlAsset: Battle_Brawl

GAGARIN: Succeded in LoadableXmlAsset: Combat_MeleeIncludes

GAGARIN: Succeded in LoadableXmlAsset: Combat_MeleeDamageIncludes

GAGARIN: Succeded in LoadableXmlAsset: Combat_WoundIncludes

GAGARIN: Succeded in LoadableXmlAsset: Combat_SkillIncludes

GAGARIN: Succeded in LoadableXmlAsset: Combat_FailIncludes

GAGARIN: Succeded in LoadableXmlAsset: Combat_DeflectIncludes

GAGARIN: Succeded in LoadableXmlAsset: Combat_Hit

GAGARIN: Succeded in LoadableXmlAsset: Combat_Deflect

GAGARIN: Succeded in LoadableXmlAsset: Combat_Miss

GAGARIN: Succeded in LoadableXmlAsset: Combat_Dodge

GAGARIN: Succeded in LoadableXmlAsset: Combat_RangedBase

GAGARIN: Succeded in LoadableXmlAsset: Combat_RangedFire

GAGARIN: Succeded in LoadableXmlAsset: Combat_RangedFire_Thrown

GAGARIN: Succeded in LoadableXmlAsset: Combat_RangedDamage

GAGARIN: Succeded in LoadableXmlAsset: Combat_RangedDeflect

GAGARIN: Succeded in LoadableXmlAsset: Combat_RangedMiss

GAGARIN: Succeded in LoadableXmlAsset: Combat_ExplosionImpact

GAGARIN: Succeded in LoadableXmlAsset: TribalWordUtility

GAGARIN: Succeded in LoadableXmlAsset: OutlanderPlaceNameUtility

GAGARIN: Succeded in LoadableXmlAsset: Damage_Bomb

GAGARIN: Succeded in LoadableXmlAsset: Damage_Flame

GAGARIN: Succeded in LoadableXmlAsset: Damage_Extinguish

GAGARIN: Succeded in LoadableXmlAsset: Damage_Stun

GAGARIN: Succeded in LoadableXmlAsset: Damage_EMP

GAGARIN: Succeded in LoadableXmlAsset: Damage_Smoke

GAGARIN: Succeded in LoadableXmlAsset: DamageEvent_Include

GAGARIN: Succeded in LoadableXmlAsset: DamageEvent_Ceiling

GAGARIN: Succeded in LoadableXmlAsset: DamageEvent_Fire

GAGARIN: Succeded in LoadableXmlAsset: DamageEvent_TrapSpike

GAGARIN: Succeded in LoadableXmlAsset: DamageEvent_PowerBeam

GAGARIN: Succeded in LoadableXmlAsset: DamageEvent_Tornado

GAGARIN: Succeded in LoadableXmlAsset: Event_Stun

GAGARIN: Succeded in LoadableXmlAsset: Event_AbilityUsed

GAGARIN: Succeded in LoadableXmlAsset: Event_ItemUsed

GAGARIN: Succeded in LoadableXmlAsset: GameplayTips

GAGARIN: Succeded in LoadableXmlAsset: GlobalUtility

GAGARIN: Succeded in LoadableXmlAsset: TalkTopicsUtility

GAGARIN: Succeded in LoadableXmlAsset: Maneuver_Slash

GAGARIN: Succeded in LoadableXmlAsset: Maneuver_Slash_MeleeHit

GAGARIN: Succeded in LoadableXmlAsset: Maneuver_Slash_MeleeDeflect

GAGARIN: Succeded in LoadableXmlAsset: Maneuver_Slash_MeleeMiss

GAGARIN: Succeded in LoadableXmlAsset: Maneuver_Slash_MeleeDodge

GAGARIN: Succeded in LoadableXmlAsset: Maneuver_Stab

GAGARIN: Succeded in LoadableXmlAsset: Maneuver_Stab_MeleeHit

GAGARIN: Succeded in LoadableXmlAsset: Maneuver_Stab_MeleeDeflect

GAGARIN: Succeded in LoadableXmlAsset: Maneuver_Stab_MeleeMiss

GAGARIN: Succeded in LoadableXmlAsset: Maneuver_Stab_MeleeDodge

GAGARIN: Succeded in LoadableXmlAsset: Maneuver_Smash_Damage

GAGARIN: Succeded in LoadableXmlAsset: Maneuver_Smash

GAGARIN: Succeded in LoadableXmlAsset: Maneuver_Smash_MeleeHit

GAGARIN: Succeded in LoadableXmlAsset: Maneuver_Smash_MeleeDeflect

GAGARIN: Succeded in LoadableXmlAsset: Maneuver_Smash_MeleeMiss

GAGARIN: Succeded in LoadableXmlAsset: Maneuver_Smash_MeleeDodge

GAGARIN: Succeded in LoadableXmlAsset: Maneuver_Scratch_Damage

GAGARIN: Succeded in LoadableXmlAsset: Maneuver_Scratch

GAGARIN: Succeded in LoadableXmlAsset: Maneuver_Scratch_MeleeHit

GAGARIN: Succeded in LoadableXmlAsset: Maneuver_Scratch_MeleeDeflect

GAGARIN: Succeded in LoadableXmlAsset: Maneuver_Scratch_MeleeMiss

GAGARIN: Succeded in LoadableXmlAsset: Maneuver_Scratch_MeleeDodge

GAGARIN: Succeded in LoadableXmlAsset: Maneuver_Poke

GAGARIN: Succeded in LoadableXmlAsset: Maneuver_Poke_MeleeHit

GAGARIN: Succeded in LoadableXmlAsset: Maneuver_Poke_MeleeDeflect

GAGARIN: Succeded in LoadableXmlAsset: Maneuver_Poke_MeleeMiss

GAGARIN: Succeded in LoadableXmlAsset: Maneuver_Poke_MeleeDodge

GAGARIN: Succeded in LoadableXmlAsset: Maneuver_Bite

GAGARIN: Succeded in LoadableXmlAsset: Maneuver_Bite_MeleeHit

GAGARIN: Succeded in LoadableXmlAsset: Maneuver_Bite_MeleeDeflect

GAGARIN: Succeded in LoadableXmlAsset: Maneuver_Bite_MeleeMiss

GAGARIN: Succeded in LoadableXmlAsset: Maneuver_Bite_MeleeDodge

GAGARIN: Succeded in LoadableXmlAsset: Maneuver_KickMaterialInEyes_MeleeHit

GAGARIN: Succeded in LoadableXmlAsset: Maneuver_KickMaterialInEyes_MeleeDeflect

GAGARIN: Succeded in LoadableXmlAsset: Maneuver_KickMaterialInEyes_MeleeMiss

GAGARIN: Succeded in LoadableXmlAsset: Maneuver_KickMaterialInEyes_MeleeDodge

GAGARIN: Succeded in LoadableXmlAsset: NamerAnimalUtility

GAGARIN: Succeded in LoadableXmlAsset: NamerAnimalGenericMale

GAGARIN: Succeded in LoadableXmlAsset: NamerAnimalGenericFemale

GAGARIN: Succeded in LoadableXmlAsset: ArtNameUtility

GAGARIN: Succeded in LoadableXmlAsset: NamerArtCommon

GAGARIN: Succeded in LoadableXmlAsset: NamerArtSculpture

GAGARIN: Succeded in LoadableXmlAsset: NamerArtFurniture

GAGARIN: Succeded in LoadableXmlAsset: NamerArtSarcophagusPlate

GAGARIN: Succeded in LoadableXmlAsset: NamerArtWeapon

GAGARIN: Succeded in LoadableXmlAsset: NamerArtWeaponMelee

GAGARIN: Succeded in LoadableXmlAsset: NamerArtWeaponGun

GAGARIN: Succeded in LoadableXmlAsset: NamerInitialSettlementColony

GAGARIN: Succeded in LoadableXmlAsset: NamerInitialSettlementTribe

GAGARIN: Succeded in LoadableXmlAsset: NamerFactionOutlander

GAGARIN: Succeded in LoadableXmlAsset: NamerSettlementOutlander

GAGARIN: Succeded in LoadableXmlAsset: NamerFactionTribal

GAGARIN: Succeded in LoadableXmlAsset: NamerSettlementTribal

GAGARIN: Succeded in LoadableXmlAsset: NamerFactionPirate

GAGARIN: Succeded in LoadableXmlAsset: NamerSettlementPirate

GAGARIN: Succeded in LoadableXmlAsset: NamerFactionMechanoid

GAGARIN: Succeded in LoadableXmlAsset: NamerPersonCorunan

GAGARIN: Succeded in LoadableXmlAsset: EmpireNameUtility

GAGARIN: Succeded in LoadableXmlAsset: NamerQuestDefault

GAGARIN: Succeded in LoadableXmlAsset: NamerScenario

GAGARIN: Succeded in LoadableXmlAsset: NamerTraderGeneral

GAGARIN: Succeded in LoadableXmlAsset: WorldFeatureNamerCommon

GAGARIN: Succeded in LoadableXmlAsset: NamerMountainRange

GAGARIN: Succeded in LoadableXmlAsset: NamerArchipelago

GAGARIN: Succeded in LoadableXmlAsset: NamerIsland

GAGARIN: Succeded in LoadableXmlAsset: NamerPeninsula

GAGARIN: Succeded in LoadableXmlAsset: NamerBay

GAGARIN: Succeded in LoadableXmlAsset: NamerLake

GAGARIN: Succeded in LoadableXmlAsset: NamerSea

GAGARIN: Succeded in LoadableXmlAsset: NamerOcean

GAGARIN: Succeded in LoadableXmlAsset: NamerDesert

GAGARIN: Succeded in LoadableXmlAsset: NamerSwamp

GAGARIN: Succeded in LoadableXmlAsset: NamerTropicalRainforest

GAGARIN: Succeded in LoadableXmlAsset: NamerForest

GAGARIN: Succeded in LoadableXmlAsset: NamerBorealForest

GAGARIN: Succeded in LoadableXmlAsset: NamerAridShrubland

GAGARIN: Succeded in LoadableXmlAsset: NamerIceSheet

GAGARIN: Succeded in LoadableXmlAsset: NamerTundra

GAGARIN: Succeded in LoadableXmlAsset: NamerWorld

GAGARIN: Succeded in LoadableXmlAsset: SeedGenerator

GAGARIN: Succeded in LoadableXmlAsset: Transition_Include

GAGARIN: Succeded in LoadableXmlAsset: Transition_Downed

GAGARIN: Succeded in LoadableXmlAsset: Transition_DiedInclude

GAGARIN: Succeded in LoadableXmlAsset: Transition_Died

GAGARIN: Succeded in LoadableXmlAsset: Transition_DiedExplosive

GAGARIN: Succeded in LoadableXmlAsset: DynamicWrapper

GAGARIN: Succeded in LoadableXmlAsset: Crashlanded

GAGARIN: Succeded in LoadableXmlAsset: Tutorial

GAGARIN: Succeded in LoadableXmlAsset: LostTribe

GAGARIN: Succeded in LoadableXmlAsset: TheRichExplorer

GAGARIN: Succeded in LoadableXmlAsset: NakedBrutality

GAGARIN: Succeded in LoadableXmlAsset: PlayerFaction

GAGARIN: Succeded in LoadableXmlAsset: ConfigPage_ConfigureStartingPawns

GAGARIN: Succeded in LoadableXmlAsset: PlayerPawnsArriveMethod

GAGARIN: Succeded in LoadableXmlAsset: ForcedMap

GAGARIN: Succeded in LoadableXmlAsset: SurfaceLayerFixed

GAGARIN: Succeded in LoadableXmlAsset: PlanetLayerFixed

GAGARIN: Succeded in LoadableXmlAsset: GameStartDialog

GAGARIN: Succeded in LoadableXmlAsset: PawnFilter_Age

GAGARIN: Succeded in LoadableXmlAsset: OnPawnDeathExplode

GAGARIN: Succeded in LoadableXmlAsset: ForcedTrait

GAGARIN: Succeded in LoadableXmlAsset: ForcedHediff

GAGARIN: Succeded in LoadableXmlAsset: Naked

GAGARIN: Succeded in LoadableXmlAsset: SetNeedLevel

GAGARIN: Succeded in LoadableXmlAsset: StartingResearch

GAGARIN: Succeded in LoadableXmlAsset: GameCondition_Planetkiller

GAGARIN: Succeded in LoadableXmlAsset: Rule_DisallowDesignator_ZoneAdd_Growing

GAGARIN: Succeded in LoadableXmlAsset: Rule_DisallowDesignator_Mine

GAGARIN: Succeded in LoadableXmlAsset: Rule_DisallowDesignator_Hunt

GAGARIN: Succeded in LoadableXmlAsset: Rule_DisallowDesignator_Tame

GAGARIN: Succeded in LoadableXmlAsset: StatFactor

GAGARIN: Succeded in LoadableXmlAsset: NoPossessions

GAGARIN: Succeded in LoadableXmlAsset: DisableIncident

GAGARIN: Succeded in LoadableXmlAsset: CreateIncident

GAGARIN: Succeded in LoadableXmlAsset: DisableQuest

GAGARIN: Succeded in LoadableXmlAsset: CreateQuest

GAGARIN: Succeded in LoadableXmlAsset: Rule_DisallowBuilding

GAGARIN: Succeded in LoadableXmlAsset: PermanentGameCondition

GAGARIN: Succeded in LoadableXmlAsset: StartingAnimal

GAGARIN: Succeded in LoadableXmlAsset: StartingThing_Defined

GAGARIN: Succeded in LoadableXmlAsset: ScatterThingsNearPlayerStart

GAGARIN: Succeded in LoadableXmlAsset: ScatterThingsAnywhere

GAGARIN: Succeded in LoadableXmlAsset: PlanetLayer

GAGARIN: Succeded in LoadableXmlAsset: Unload

GAGARIN: Succeded in LoadableXmlAsset: WaitTime

GAGARIN: Succeded in LoadableXmlAsset: Arrive

GAGARIN: Succeded in LoadableXmlAsset: FlyAway

GAGARIN: Succeded in LoadableXmlAsset: Unload_Destination

GAGARIN: Succeded in LoadableXmlAsset: WaitForever

GAGARIN: Succeded in LoadableXmlAsset: WaitSendable

GAGARIN: Succeded in LoadableXmlAsset: Monument

GAGARIN: Succeded in LoadableXmlAsset: Symmetry

GAGARIN: Succeded in LoadableXmlAsset: AssignRandomStuff

GAGARIN: Succeded in LoadableXmlAsset: FloorFill

GAGARIN: Succeded in LoadableXmlAsset: AddColumns

GAGARIN: Succeded in LoadableXmlAsset: AddCornerThings

GAGARIN: Succeded in LoadableXmlAsset: AddThingsCentral

GAGARIN: Succeded in LoadableXmlAsset: AddWallEdgeThings

GAGARIN: Succeded in LoadableXmlAsset: AddInnerMonuments

GAGARIN: Succeded in LoadableXmlAsset: DamageBuildingsLight

GAGARIN: Succeded in LoadableXmlAsset: DamageBuildings

GAGARIN: Succeded in LoadableXmlAsset: MonumentRuin

GAGARIN: Succeded in LoadableXmlAsset: Shooting

GAGARIN: Succeded in LoadableXmlAsset: Melee

GAGARIN: Succeded in LoadableXmlAsset: Construction

GAGARIN: Succeded in LoadableXmlAsset: Mining

GAGARIN: Succeded in LoadableXmlAsset: Cooking

GAGARIN: Succeded in LoadableXmlAsset: Plants

GAGARIN: Succeded in LoadableXmlAsset: Animals

GAGARIN: Succeded in LoadableXmlAsset: Crafting

GAGARIN: Succeded in LoadableXmlAsset: Artistic

GAGARIN: Succeded in LoadableXmlAsset: Medicine

GAGARIN: Succeded in LoadableXmlAsset: Social

GAGARIN: Succeded in LoadableXmlAsset: Intellectual

GAGARIN: Succeded in LoadableXmlAsset: EmpDisabled

GAGARIN: Succeded in LoadableXmlAsset: BulletShield_Ambience

GAGARIN: Succeded in LoadableXmlAsset: MortarShield_Ambience

GAGARIN: Succeded in LoadableXmlAsset: CryptosleepCasket_Eject

GAGARIN: Succeded in LoadableXmlAsset: CryptosleepCasket_Accept

GAGARIN: Succeded in LoadableXmlAsset: Hive_Spawn

GAGARIN: Succeded in LoadableXmlAsset: MechanoidsWakeUp

GAGARIN: Succeded in LoadableXmlAsset: ShipReactor_Startup

GAGARIN: Succeded in LoadableXmlAsset: BuildingDestroyed_Wood_Big

GAGARIN: Succeded in LoadableXmlAsset: BuildingDestroyed_Wood_Medium

GAGARIN: Succeded in LoadableXmlAsset: BuildingDestroyed_Wood_Small

GAGARIN: Succeded in LoadableXmlAsset: BuildingDestroyed_Metal_Big

GAGARIN: Succeded in LoadableXmlAsset: BuildingDestroyed_Metal_Medium

GAGARIN: Succeded in LoadableXmlAsset: BuildingDestroyed_Metal_Small

GAGARIN: Succeded in LoadableXmlAsset: BuildingDestroyed_Stone_Big

GAGARIN: Succeded in LoadableXmlAsset: BuildingDestroyed_Stone_Medium

GAGARIN: Succeded in LoadableXmlAsset: BuildingDestroyed_Stone_Small

GAGARIN: Succeded in LoadableXmlAsset: BuildingDestroyed_Soft_Medium

GAGARIN: Succeded in LoadableXmlAsset: BuildingDestroyed_Soft_Small

GAGARIN: Succeded in LoadableXmlAsset: BulletShieldGenerator_Reactivate

GAGARIN: Succeded in LoadableXmlAsset: Shuttle_PawnLoaded

GAGARIN: Succeded in LoadableXmlAsset: Shuttle_PawnExit

GAGARIN: Succeded in LoadableXmlAsset: ShuttleIdle_Ambience

GAGARIN: Succeded in LoadableXmlAsset: BurningPowerCell_Start

GAGARIN: Succeded in LoadableXmlAsset: BurningPowerCell_End

GAGARIN: Succeded in LoadableXmlAsset: BurningPowerCell_Loop

GAGARIN: Succeded in LoadableXmlAsset: Designate_ExtractSkull

GAGARIN: Succeded in LoadableXmlAsset: CrateOpeningStarted

GAGARIN: Succeded in LoadableXmlAsset: AncientHermeticCrate_Opened

GAGARIN: Succeded in LoadableXmlAsset: MortarShieldGenerator_Reactivate

GAGARIN: Succeded in LoadableXmlAsset: GestatorGlassShattered

GAGARIN: Succeded in LoadableXmlAsset: GeyserSpray

GAGARIN: Succeded in LoadableXmlAsset: CocoonDestroyed

GAGARIN: Succeded in LoadableXmlAsset: Crater_FilledIn

GAGARIN: Succeded in LoadableXmlAsset: CrashedShipPart_Ambience

GAGARIN: Succeded in LoadableXmlAsset: GeothermalPlant_Ambience_Start

GAGARIN: Succeded in LoadableXmlAsset: GeothermalPlant_Ambience_Stop

GAGARIN: Succeded in LoadableXmlAsset: GeothermalPlant_Ambience

GAGARIN: Succeded in LoadableXmlAsset: WaterMill_Ambience

GAGARIN: Succeded in LoadableXmlAsset: MoisturePump_Ambience

GAGARIN: Succeded in LoadableXmlAsset: Television_Ambience

GAGARIN: Succeded in LoadableXmlAsset: ShipReactor_Ambience

GAGARIN: Succeded in LoadableXmlAsset: ScannerGroundPenetrating_Start

GAGARIN: Succeded in LoadableXmlAsset: ScannerGroundPenetrating_Stop

GAGARIN: Succeded in LoadableXmlAsset: ScannerGroundPenetrating_Ambience

GAGARIN: Succeded in LoadableXmlAsset: ScannerLongRangeMineral_Start

GAGARIN: Succeded in LoadableXmlAsset: ScannerLongRangeMineral_Stop

GAGARIN: Succeded in LoadableXmlAsset: ScannerLongRangeMineral_Ambience

GAGARIN: Succeded in LoadableXmlAsset: WoodFiredGenerator_Ambience

GAGARIN: Succeded in LoadableXmlAsset: ChemfuelFiredGenerator_Ambience

GAGARIN: Succeded in LoadableXmlAsset: WindTurbine_Ambience

GAGARIN: Succeded in LoadableXmlAsset: CocoonWakingUp

GAGARIN: Succeded in LoadableXmlAsset: PsychicPulseGlobal

GAGARIN: Succeded in LoadableXmlAsset: PsychicSootheGlobal

GAGARIN: Succeded in LoadableXmlAsset: PsychicInsanityLanceCast

GAGARIN: Succeded in LoadableXmlAsset: PsychicShockLanceCast

GAGARIN: Succeded in LoadableXmlAsset: PsychicAnimalPulserCast

GAGARIN: Succeded in LoadableXmlAsset: PsychicSoothePulserCast

GAGARIN: Succeded in LoadableXmlAsset: ShipTakeoff

GAGARIN: Succeded in LoadableXmlAsset: MechSerumUsed

GAGARIN: Succeded in LoadableXmlAsset: MechTurretSmall_Call

GAGARIN: Succeded in LoadableXmlAsset: MechTurretBig_Call

GAGARIN: Succeded in LoadableXmlAsset: RawVegetable_Eat

GAGARIN: Succeded in LoadableXmlAsset: RawMeat_Eat

GAGARIN: Succeded in LoadableXmlAsset: Meal_Eat

GAGARIN: Succeded in LoadableXmlAsset: Ingest_Beer

GAGARIN: Succeded in LoadableXmlAsset: Ingest_Beer_Start

GAGARIN: Succeded in LoadableXmlAsset: Ingest_Drink

GAGARIN: Succeded in LoadableXmlAsset: Ingest_Smoke

GAGARIN: Succeded in LoadableXmlAsset: Ingest_Snort

GAGARIN: Succeded in LoadableXmlAsset: Ingest_Pill

GAGARIN: Succeded in LoadableXmlAsset: Ingest_Inject

GAGARIN: Succeded in LoadableXmlAsset: Bird_Eat

GAGARIN: Succeded in LoadableXmlAsset: Herbivore_Eat

GAGARIN: Succeded in LoadableXmlAsset: Insectoid_Eat

GAGARIN: Succeded in LoadableXmlAsset: PredatorLarge_Eat

GAGARIN: Succeded in LoadableXmlAsset: PredatorSmall_Eat

GAGARIN: Succeded in LoadableXmlAsset: Reptile_Eat

GAGARIN: Succeded in LoadableXmlAsset: Rodent_Eat

GAGARIN: Succeded in LoadableXmlAsset: Pawn_Melee_Punch_HitPawn

GAGARIN: Succeded in LoadableXmlAsset: Pawn_Melee_Punch_HitBuilding_Metal

GAGARIN: Succeded in LoadableXmlAsset: Pawn_Melee_Punch_HitBuilding_Stone

GAGARIN: Succeded in LoadableXmlAsset: Pawn_Melee_Punch_HitBuilding_Wood

GAGARIN: Succeded in LoadableXmlAsset: Pawn_Melee_Punch_Miss

GAGARIN: Succeded in LoadableXmlAsset: Pawn_Melee_SmallScratch_HitPawn

GAGARIN: Succeded in LoadableXmlAsset: Pawn_Melee_SmallScratch_HitBuilding

GAGARIN: Succeded in LoadableXmlAsset: Pawn_Melee_SmallScratch_Miss

GAGARIN: Succeded in LoadableXmlAsset: Pawn_Melee_BigBash_HitPawn

GAGARIN: Succeded in LoadableXmlAsset: Pawn_Melee_BigBash_HitBuilding

GAGARIN: Succeded in LoadableXmlAsset: Pawn_Melee_BigBash_Miss

GAGARIN: Succeded in LoadableXmlAsset: Pawn_Melee_MechanoidBash_HitPawn

GAGARIN: Succeded in LoadableXmlAsset: Pawn_Melee_MechanoidBash_HitBuilding

GAGARIN: Succeded in LoadableXmlAsset: Pawn_Melee_MechanoidBash_Miss

GAGARIN: Succeded in LoadableXmlAsset: Pawn_Melee_MechanoidSlash_HitPawn

GAGARIN: Succeded in LoadableXmlAsset: Pawn_Melee_MechanoidSlash_HitBuilding

GAGARIN: Succeded in LoadableXmlAsset: Pawn_Melee_MechanoidSlash_Miss

GAGARIN: Succeded in LoadableXmlAsset: MeleeHit_Metal_Sharp

GAGARIN: Succeded in LoadableXmlAsset: MeleeHit_Metal_Blunt

GAGARIN: Succeded in LoadableXmlAsset: MeleeHit_Stone

GAGARIN: Succeded in LoadableXmlAsset: MeleeHit_Wood

GAGARIN: Succeded in LoadableXmlAsset: MeleeHit_Unarmed

GAGARIN: Succeded in LoadableXmlAsset: Pawn_MeleeDodge

GAGARIN: Succeded in LoadableXmlAsset: Pawn_Melee_HumanBite_Hit

GAGARIN: Succeded in LoadableXmlAsset: Pawn_Melee_HumanBite_Miss

GAGARIN: Succeded in LoadableXmlAsset: MeleeHit_BionicPunch

GAGARIN: Succeded in LoadableXmlAsset: MeleeMiss_BionicPunch

GAGARIN: Succeded in LoadableXmlAsset: Pawn_Melee_PowerClaw_Hit

GAGARIN: Succeded in LoadableXmlAsset: Pawn_Melee_PowerClaw_Miss

GAGARIN: Succeded in LoadableXmlAsset: ToxicBuildupGained

GAGARIN: Succeded in LoadableXmlAsset: Pawn_Melee_Punch_HitBuilding_Generic

GAGARIN: Succeded in LoadableXmlAsset: Building_Complete

GAGARIN: Succeded in LoadableXmlAsset: Building_Deconstructed

GAGARIN: Succeded in LoadableXmlAsset: ThingUninstalled

GAGARIN: Succeded in LoadableXmlAsset: PickHit

GAGARIN: Succeded in LoadableXmlAsset: FlickSwitch

GAGARIN: Succeded in LoadableXmlAsset: HorseshoeImpact

GAGARIN: Succeded in LoadableXmlAsset: StoneImpact

GAGARIN: Succeded in LoadableXmlAsset: PlayBilliards

GAGARIN: Succeded in LoadableXmlAsset: PokerChips

GAGARIN: Succeded in LoadableXmlAsset: TechMedicineUsed

GAGARIN: Succeded in LoadableXmlAsset: Roof_Start

GAGARIN: Succeded in LoadableXmlAsset: Roof_Finish

GAGARIN: Succeded in LoadableXmlAsset: Execute_Cut

GAGARIN: Succeded in LoadableXmlAsset: Replant_Complete

GAGARIN: Succeded in LoadableXmlAsset: GasPack_Deploy

GAGARIN: Succeded in LoadableXmlAsset: FireSpew_Warmup

GAGARIN: Succeded in LoadableXmlAsset: FireSpew_Resolve

GAGARIN: Succeded in LoadableXmlAsset: Hacking_Started

GAGARIN: Succeded in LoadableXmlAsset: Hacking_Completed

GAGARIN: Succeded in LoadableXmlAsset: Hacking_Suspended

GAGARIN: Succeded in LoadableXmlAsset: Standard_Pickup

GAGARIN: Succeded in LoadableXmlAsset: Standard_Drop

GAGARIN: Succeded in LoadableXmlAsset: Grain_Drop

GAGARIN: Succeded in LoadableXmlAsset: Metal_Drop

GAGARIN: Succeded in LoadableXmlAsset: Corpse_Drop

GAGARIN: Succeded in LoadableXmlAsset: Wood_Drop

GAGARIN: Succeded in LoadableXmlAsset: Silver_Drop

GAGARIN: Succeded in LoadableXmlAsset: Stone_Drop

GAGARIN: Succeded in LoadableXmlAsset: ChunkRock_Drop

GAGARIN: Succeded in LoadableXmlAsset: ChunkSlag_Drop

GAGARIN: Succeded in LoadableXmlAsset: Interact_BeatFire

GAGARIN: Succeded in LoadableXmlAsset: Interact_Ignite

GAGARIN: Succeded in LoadableXmlAsset: GasReleasing

GAGARIN: Succeded in LoadableXmlAsset: Interact_ConstructMetal

GAGARIN: Succeded in LoadableXmlAsset: Interact_ConstructDirt

GAGARIN: Succeded in LoadableXmlAsset: Interact_GraveDig

GAGARIN: Succeded in LoadableXmlAsset: Harvest_Standard

GAGARIN: Succeded in LoadableXmlAsset: Harvest_Standard_Finish

GAGARIN: Succeded in LoadableXmlAsset: Interact_Repair_Start

GAGARIN: Succeded in LoadableXmlAsset: Interact_Repair

GAGARIN: Succeded in LoadableXmlAsset: Interact_Sow

GAGARIN: Succeded in LoadableXmlAsset: Interact_Research

GAGARIN: Succeded in LoadableXmlAsset: Harvest_Tree

GAGARIN: Succeded in LoadableXmlAsset: Harvest_Tree_Finish

GAGARIN: Succeded in LoadableXmlAsset: Recipe_MakeWoodPlanks_Hand

GAGARIN: Succeded in LoadableXmlAsset: Recipe_MakeWoodPlanks_Electric

GAGARIN: Succeded in LoadableXmlAsset: Recipe_CircularSaw_Off

GAGARIN: Succeded in LoadableXmlAsset: Interact_ConstructWood

GAGARIN: Succeded in LoadableXmlAsset: Finish_Wood

GAGARIN: Succeded in LoadableXmlAsset: Interact_CleanFilth

GAGARIN: Succeded in LoadableXmlAsset: Interact_CleanFilth_Scattered

GAGARIN: Succeded in LoadableXmlAsset: Interact_CleanFilth_Fluid

GAGARIN: Succeded in LoadableXmlAsset: Interact_CleanFilth_Dirt

GAGARIN: Succeded in LoadableXmlAsset: Recipe_MakeStoneBlocks

GAGARIN: Succeded in LoadableXmlAsset: Finish_StoneBlock

GAGARIN: Succeded in LoadableXmlAsset: Recipe_ButcherCorpseFlesh

GAGARIN: Succeded in LoadableXmlAsset: Recipe_ButcherCorpseMechanoid

GAGARIN: Succeded in LoadableXmlAsset: Recipe_SmashCorpseMechanoid

GAGARIN: Succeded in LoadableXmlAsset: Crematorium_Stop

GAGARIN: Succeded in LoadableXmlAsset: Recipe_Cremate

GAGARIN: Succeded in LoadableXmlAsset: Smelt_Start

GAGARIN: Succeded in LoadableXmlAsset: Smelt_Stop

GAGARIN: Succeded in LoadableXmlAsset: Recipe_Smelt

GAGARIN: Succeded in LoadableXmlAsset: Recipe_CookMeal

GAGARIN: Succeded in LoadableXmlAsset: Recipe_Sculpt

GAGARIN: Succeded in LoadableXmlAsset: Sculpt_Start

GAGARIN: Succeded in LoadableXmlAsset: Sculpt_Stop

GAGARIN: Succeded in LoadableXmlAsset: Recipe_Surgery

GAGARIN: Succeded in LoadableXmlAsset: Recipe_Smith

GAGARIN: Succeded in LoadableXmlAsset: Tailor_Start

GAGARIN: Succeded in LoadableXmlAsset: Recipe_Tailor

GAGARIN: Succeded in LoadableXmlAsset: Tend_Start

GAGARIN: Succeded in LoadableXmlAsset: Interact_Tend

GAGARIN: Succeded in LoadableXmlAsset: Recipe_Machining

GAGARIN: Succeded in LoadableXmlAsset: Machining_Stop

GAGARIN: Succeded in LoadableXmlAsset: Recipe_Brewing

GAGARIN: Succeded in LoadableXmlAsset: Brewing_Start

GAGARIN: Succeded in LoadableXmlAsset: Brewing_Stop

GAGARIN: Succeded in LoadableXmlAsset: Recipe_Drug

GAGARIN: Succeded in LoadableXmlAsset: Recipe_Drug_Start

GAGARIN: Succeded in LoadableXmlAsset: Recipe_Drug_Stop

GAGARIN: Succeded in LoadableXmlAsset: Recipe_MakeBow

GAGARIN: Succeded in LoadableXmlAsset: Speech_Throne_Male

GAGARIN: Succeded in LoadableXmlAsset: Speech_Throne_Female

GAGARIN: Succeded in LoadableXmlAsset: Wear_PowerArmor

GAGARIN: Succeded in LoadableXmlAsset: Remove_PowerArmor

GAGARIN: Succeded in LoadableXmlAsset: Pawn_Chick_Call

GAGARIN: Succeded in LoadableXmlAsset: Pawn_Chicken_Call

GAGARIN: Succeded in LoadableXmlAsset: Pawn_Chicken_Angry

GAGARIN: Succeded in LoadableXmlAsset: Pawn_Chicken_Wounded

GAGARIN: Succeded in LoadableXmlAsset: Pawn_Chicken_Death

GAGARIN: Succeded in LoadableXmlAsset: Pawn_DogSmall_Call

GAGARIN: Succeded in LoadableXmlAsset: Pawn_DogSmall_Angry

GAGARIN: Succeded in LoadableXmlAsset: Pawn_DogSmall_Injured

GAGARIN: Succeded in LoadableXmlAsset: Pawn_DogSmall_Dead

GAGARIN: Succeded in LoadableXmlAsset: Pawn_Dog_Call

GAGARIN: Succeded in LoadableXmlAsset: Pawn_Dog_Angry

GAGARIN: Succeded in LoadableXmlAsset: Pawn_Dog_Injured

GAGARIN: Succeded in LoadableXmlAsset: Pawn_Dog_Death

GAGARIN: Succeded in LoadableXmlAsset: Pawn_Cat_Call

GAGARIN: Succeded in LoadableXmlAsset: Pawn_Cat_Angry

GAGARIN: Succeded in LoadableXmlAsset: Pawn_Cat_Injured

GAGARIN: Succeded in LoadableXmlAsset: Pawn_Cat_Death

GAGARIN: Succeded in LoadableXmlAsset: Pawn_Megascarab_Call

GAGARIN: Succeded in LoadableXmlAsset: Pawn_Megascarab_Angry

GAGARIN: Succeded in LoadableXmlAsset: Pawn_Megascarab_Death

GAGARIN: Succeded in LoadableXmlAsset: Pawn_Megascarab_Wounded

GAGARIN: Succeded in LoadableXmlAsset: Pawn_BigInsect_Call

GAGARIN: Succeded in LoadableXmlAsset: Pawn_BigInsect_Angry

GAGARIN: Succeded in LoadableXmlAsset: Pawn_BigInsect_Death

GAGARIN: Succeded in LoadableXmlAsset: Pawn_BigInsect_Pain

GAGARIN: Succeded in LoadableXmlAsset: Pawn_Spelopede_Call

GAGARIN: Succeded in LoadableXmlAsset: Pawn_Spelopede_Angry

GAGARIN: Succeded in LoadableXmlAsset: Pawn_Spelopede_Death

GAGARIN: Succeded in LoadableXmlAsset: Pawn_Spelopede_Pain

GAGARIN: Succeded in LoadableXmlAsset: Pawn_Muffalo_Call

GAGARIN: Succeded in LoadableXmlAsset: Pawn_Muffalo_Angry

GAGARIN: Succeded in LoadableXmlAsset: Pawn_Muffalo_Wounded

GAGARIN: Succeded in LoadableXmlAsset: Pawn_Muffalo_Death

GAGARIN: Succeded in LoadableXmlAsset: Pawn_Boomrat_Angry

GAGARIN: Succeded in LoadableXmlAsset: Pawn_Boomrat_Call

GAGARIN: Succeded in LoadableXmlAsset: Pawn_Boomrat_Wounded

GAGARIN: Succeded in LoadableXmlAsset: Pawn_Boomrat_Death

GAGARIN: Succeded in LoadableXmlAsset: Pawn_Rodent_Angry

GAGARIN: Succeded in LoadableXmlAsset: Pawn_Rodent_Call

GAGARIN: Succeded in LoadableXmlAsset: Pawn_Rodent_Wounded

GAGARIN: Succeded in LoadableXmlAsset: Pawn_Rodent_Death

GAGARIN: Succeded in LoadableXmlAsset: Pawn_Alphabeaver_Call

GAGARIN: Succeded in LoadableXmlAsset: Pawn_Alphabeaver_Angry

GAGARIN: Succeded in LoadableXmlAsset: Pawn_Alphabeaver_Death

GAGARIN: Succeded in LoadableXmlAsset: Pawn_Alphabeaver_Wounded

GAGARIN: Succeded in LoadableXmlAsset: Pawn_Deer_Call

GAGARIN: Succeded in LoadableXmlAsset: Pawn_Deer_Angry

GAGARIN: Succeded in LoadableXmlAsset: Pawn_Deer_Death

GAGARIN: Succeded in LoadableXmlAsset: Pawn_Deer_Wounded

GAGARIN: Succeded in LoadableXmlAsset: Pawn_Dromedary_Call

GAGARIN: Succeded in LoadableXmlAsset: Pawn_Dromedary_Angry

GAGARIN: Succeded in LoadableXmlAsset: Pawn_Dromedary_Death

GAGARIN: Succeded in LoadableXmlAsset: Pawn_Dromedary_Wounded

GAGARIN: Succeded in LoadableXmlAsset: Pawn_Elk_Call

GAGARIN: Succeded in LoadableXmlAsset: Pawn_Elk_Angry

GAGARIN: Succeded in LoadableXmlAsset: Pawn_Elk_Death

GAGARIN: Succeded in LoadableXmlAsset: Pawn_Elk_Wounded

GAGARIN: Succeded in LoadableXmlAsset: Pawn_Monkey_Call

GAGARIN: Succeded in LoadableXmlAsset: Pawn_Monkey_Angry

GAGARIN: Succeded in LoadableXmlAsset: Pawn_Monkey_Death

GAGARIN: Succeded in LoadableXmlAsset: Pawn_Monkey_Wounded

GAGARIN: Succeded in LoadableXmlAsset: Pawn_Tortoise_Call

GAGARIN: Succeded in LoadableXmlAsset: Pawn_Tortoise_Angry

GAGARIN: Succeded in LoadableXmlAsset: Pawn_Tortoise_Death

GAGARIN: Succeded in LoadableXmlAsset: Pawn_Tortoise_Wounded

GAGARIN: Succeded in LoadableXmlAsset: Pawn_Wildboar_Call

GAGARIN: Succeded in LoadableXmlAsset: Pawn_Wildboar_Angry

GAGARIN: Succeded in LoadableXmlAsset: Pawn_Wildboar_Death

GAGARIN: Succeded in LoadableXmlAsset: Pawn_Wildboar_Wounded

GAGARIN: Succeded in LoadableXmlAsset: Pawn_Hare_Call

GAGARIN: Succeded in LoadableXmlAsset: Pawn_Hare_Angry

GAGARIN: Succeded in LoadableXmlAsset: Pawn_Hare_Death

GAGARIN: Succeded in LoadableXmlAsset: Pawn_Hare_Wounded

GAGARIN: Succeded in LoadableXmlAsset: Pawn_Cobra_Call

GAGARIN: Succeded in LoadableXmlAsset: Pawn_Cobra_Angry

GAGARIN: Succeded in LoadableXmlAsset: Pawn_Cobra_Death

GAGARIN: Succeded in LoadableXmlAsset: Pawn_Cobra_Wounded

GAGARIN: Succeded in LoadableXmlAsset: Pawn_Iguana_Call

GAGARIN: Succeded in LoadableXmlAsset: Pawn_Iguana_Angry

GAGARIN: Succeded in LoadableXmlAsset: Pawn_Iguana_Death

GAGARIN: Succeded in LoadableXmlAsset: Pawn_Iguana_Wounded

GAGARIN: Succeded in LoadableXmlAsset: Pawn_Rhinoceros_Call

GAGARIN: Succeded in LoadableXmlAsset: Pawn_Rhinoceros_Angry

GAGARIN: Succeded in LoadableXmlAsset: Pawn_Rhinoceros_Death

GAGARIN: Succeded in LoadableXmlAsset: Pawn_Rhinoceros_Wounded

GAGARIN: Succeded in LoadableXmlAsset: Pawn_Warg_Call

GAGARIN: Succeded in LoadableXmlAsset: Pawn_Warg_Angry

GAGARIN: Succeded in LoadableXmlAsset: Pawn_Warg_Wounded

GAGARIN: Succeded in LoadableXmlAsset: Pawn_Warg_Death

GAGARIN: Succeded in LoadableXmlAsset: Pawn_Elephant_Call

GAGARIN: Succeded in LoadableXmlAsset: Pawn_Elephant_Angry

GAGARIN: Succeded in LoadableXmlAsset: Pawn_Elephant_Injured

GAGARIN: Succeded in LoadableXmlAsset: Pawn_Elephant_Dead

GAGARIN: Succeded in LoadableXmlAsset: Pawn_Thrumbo_Call

GAGARIN: Succeded in LoadableXmlAsset: Pawn_Thrumbo_Angry

GAGARIN: Succeded in LoadableXmlAsset: Pawn_Thrumbo_Pain

GAGARIN: Succeded in LoadableXmlAsset: Pawn_Thrumbo_Death

GAGARIN: Succeded in LoadableXmlAsset: Pawn_Bear_Call

GAGARIN: Succeded in LoadableXmlAsset: Pawn_Bear_Angry

GAGARIN: Succeded in LoadableXmlAsset: Pawn_Bear_Injured

GAGARIN: Succeded in LoadableXmlAsset: Pawn_Bear_Death

GAGARIN: Succeded in LoadableXmlAsset: Pawn_Cougar_Angry

GAGARIN: Succeded in LoadableXmlAsset: Pawn_Cougar_Injured

GAGARIN: Succeded in LoadableXmlAsset: Pawn_Cougar_Death

GAGARIN: Succeded in LoadableXmlAsset: Pawn_Donkey_Call

GAGARIN: Succeded in LoadableXmlAsset: Pawn_Donkey_Angry

GAGARIN: Succeded in LoadableXmlAsset: Pawn_Donkey_Death

GAGARIN: Succeded in LoadableXmlAsset: Pawn_Donkey_Wounded

GAGARIN: Succeded in LoadableXmlAsset: Pawn_Bison_Call

GAGARIN: Succeded in LoadableXmlAsset: Pawn_Bison_Angry

GAGARIN: Succeded in LoadableXmlAsset: Pawn_Bison_Death

GAGARIN: Succeded in LoadableXmlAsset: Pawn_Bison_Wounded

GAGARIN: Succeded in LoadableXmlAsset: Pawn_Duck_Call

GAGARIN: Succeded in LoadableXmlAsset: Pawn_Duck_Angry

GAGARIN: Succeded in LoadableXmlAsset: Pawn_Duck_Death

GAGARIN: Succeded in LoadableXmlAsset: Pawn_Duck_Wounded

GAGARIN: Succeded in LoadableXmlAsset: Pawn_Goat_Call

GAGARIN: Succeded in LoadableXmlAsset: Pawn_Goat_Angry

GAGARIN: Succeded in LoadableXmlAsset: Pawn_Goat_Death

GAGARIN: Succeded in LoadableXmlAsset: Pawn_Goat_Wounded

GAGARIN: Succeded in LoadableXmlAsset: Pawn_Goose_Call

GAGARIN: Succeded in LoadableXmlAsset: Pawn_Goose_Angry

GAGARIN: Succeded in LoadableXmlAsset: Pawn_Goose_Death

GAGARIN: Succeded in LoadableXmlAsset: Pawn_Goose_Wounded

GAGARIN: Succeded in LoadableXmlAsset: Pawn_GuineaPig_Call

GAGARIN: Succeded in LoadableXmlAsset: Pawn_GuineaPig_Angry

GAGARIN: Succeded in LoadableXmlAsset: Pawn_GuineaPig_Death

GAGARIN: Succeded in LoadableXmlAsset: Pawn_GuineaPig_Wounded

GAGARIN: Succeded in LoadableXmlAsset: Pawn_Horse_Call

GAGARIN: Succeded in LoadableXmlAsset: Pawn_Horse_Angry

GAGARIN: Succeded in LoadableXmlAsset: Pawn_Horse_Death

GAGARIN: Succeded in LoadableXmlAsset: Pawn_Horse_Wounded

GAGARIN: Succeded in LoadableXmlAsset: Pawn_Sheep_Call

GAGARIN: Succeded in LoadableXmlAsset: Pawn_Sheep_Angry

GAGARIN: Succeded in LoadableXmlAsset: Pawn_Sheep_Death

GAGARIN: Succeded in LoadableXmlAsset: Pawn_Sheep_Wounded

GAGARIN: Succeded in LoadableXmlAsset: Pawn_Mech_Centipede_Wounded

GAGARIN: Succeded in LoadableXmlAsset: Pawn_Mech_Centipede_Death

GAGARIN: Succeded in LoadableXmlAsset: Pawn_Mech_Centipede_Call

GAGARIN: Succeded in LoadableXmlAsset: Pawn_Mech_Scyther_Wounded

GAGARIN: Succeded in LoadableXmlAsset: Pawn_Mech_Scyther_Death

GAGARIN: Succeded in LoadableXmlAsset: Pawn_Mech_Scyther_Call

GAGARIN: Succeded in LoadableXmlAsset: Pawn_Mech_Pikeman_Wounded

GAGARIN: Succeded in LoadableXmlAsset: Pawn_Mech_Pikeman_Death

GAGARIN: Succeded in LoadableXmlAsset: Pawn_Mech_Pikeman_Call

GAGARIN: Succeded in LoadableXmlAsset: Pawn_Mech_Termite_Wounded

GAGARIN: Succeded in LoadableXmlAsset: Pawn_Mech_Termite_Death

GAGARIN: Succeded in LoadableXmlAsset: Pawn_Mech_Termite_Call

GAGARIN: Succeded in LoadableXmlAsset: Standard_Reload

GAGARIN: Succeded in LoadableXmlAsset: RitualConclusion_Positive

GAGARIN: Succeded in LoadableXmlAsset: RitualConclusion_Negative

GAGARIN: Succeded in LoadableXmlAsset: Clock_Stop

GAGARIN: Succeded in LoadableXmlAsset: Clock_Normal

GAGARIN: Succeded in LoadableXmlAsset: Clock_Fast

GAGARIN: Succeded in LoadableXmlAsset: Clock_Superfast

GAGARIN: Succeded in LoadableXmlAsset: Designate_DragStandard_Changed

GAGARIN: Succeded in LoadableXmlAsset: Designate_DragStandard_Changed_NoCam

GAGARIN: Succeded in LoadableXmlAsset: Designate_DragZone_Changed

GAGARIN: Succeded in LoadableXmlAsset: Designate_DragBuilding_Start

GAGARIN: Succeded in LoadableXmlAsset: Designate_DragAreaAdd_Start

GAGARIN: Succeded in LoadableXmlAsset: Designate_DragAreaDelete_Start

GAGARIN: Succeded in LoadableXmlAsset: Designate_PlaceBuilding

GAGARIN: Succeded in LoadableXmlAsset: Designate_Cancel

GAGARIN: Succeded in LoadableXmlAsset: Designate_Deconstruct

GAGARIN: Succeded in LoadableXmlAsset: Designate_Mine

GAGARIN: Succeded in LoadableXmlAsset: Designate_Failed

GAGARIN: Succeded in LoadableXmlAsset: Designate_ZoneAdd

GAGARIN: Succeded in LoadableXmlAsset: Designate_ZoneAdd_Stockpile

GAGARIN: Succeded in LoadableXmlAsset: Designate_ZoneAdd_Dumping

GAGARIN: Succeded in LoadableXmlAsset: Designate_ZoneAdd_Growing

GAGARIN: Succeded in LoadableXmlAsset: Designate_ZoneAdd_Roof

GAGARIN: Succeded in LoadableXmlAsset: Designate_ZoneAdd_AllowedArea

GAGARIN: Succeded in LoadableXmlAsset: Designate_ZoneAdd_RemoveSnow

GAGARIN: Succeded in LoadableXmlAsset: Designate_ZoneDelete

GAGARIN: Succeded in LoadableXmlAsset: Designate_Haul

GAGARIN: Succeded in LoadableXmlAsset: Designate_Hunt

GAGARIN: Succeded in LoadableXmlAsset: Designate_Slaughter

GAGARIN: Succeded in LoadableXmlAsset: Designate_ReleaseToWild

GAGARIN: Succeded in LoadableXmlAsset: Designate_CutPlants

GAGARIN: Succeded in LoadableXmlAsset: Designate_Harvest

GAGARIN: Succeded in LoadableXmlAsset: Designate_HarvestWood

GAGARIN: Succeded in LoadableXmlAsset: Designate_HarvestPlants

GAGARIN: Succeded in LoadableXmlAsset: Designate_SmoothSurface

GAGARIN: Succeded in LoadableXmlAsset: Designate_RemoveFloor

GAGARIN: Succeded in LoadableXmlAsset: Designate_RemoveBridge

GAGARIN: Succeded in LoadableXmlAsset: Designate_PlanAdd

GAGARIN: Succeded in LoadableXmlAsset: Designate_PlanRemove

GAGARIN: Succeded in LoadableXmlAsset: Designate_Claim

GAGARIN: Succeded in LoadableXmlAsset: Designate_Paint

GAGARIN: Succeded in LoadableXmlAsset: Designate_RemovePaint

GAGARIN: Succeded in LoadableXmlAsset: Designate_ExtractTree

GAGARIN: Succeded in LoadableXmlAsset: Designate_Tame

GAGARIN: Succeded in LoadableXmlAsset: GameStartSting

GAGARIN: Succeded in LoadableXmlAsset: TinyBell

GAGARIN: Succeded in LoadableXmlAsset: TabOpen

GAGARIN: Succeded in LoadableXmlAsset: TabClose

GAGARIN: Succeded in LoadableXmlAsset: PageChange

GAGARIN: Succeded in LoadableXmlAsset: Tick_Tiny

GAGARIN: Succeded in LoadableXmlAsset: DragElement

GAGARIN: Succeded in LoadableXmlAsset: DropElement

GAGARIN: Succeded in LoadableXmlAsset: CancelMode

GAGARIN: Succeded in LoadableXmlAsset: Tick_Low

GAGARIN: Succeded in LoadableXmlAsset: Tick_High

GAGARIN: Succeded in LoadableXmlAsset: Crunch

GAGARIN: Succeded in LoadableXmlAsset: Click

GAGARIN: Succeded in LoadableXmlAsset: ClickReject

GAGARIN: Succeded in LoadableXmlAsset: Mouseover_ButtonToggle

GAGARIN: Succeded in LoadableXmlAsset: TutorMessageAppear

GAGARIN: Succeded in LoadableXmlAsset: ArchitectCategorySelect

GAGARIN: Succeded in LoadableXmlAsset: ExecuteTrade

GAGARIN: Succeded in LoadableXmlAsset: Mouseover_Standard

GAGARIN: Succeded in LoadableXmlAsset: Mouseover_Thump

GAGARIN: Succeded in LoadableXmlAsset: Mouseover_Category

GAGARIN: Succeded in LoadableXmlAsset: Mouseover_Command

GAGARIN: Succeded in LoadableXmlAsset: FloatMenu_Open

GAGARIN: Succeded in LoadableXmlAsset: FloatMenu_Cancel

GAGARIN: Succeded in LoadableXmlAsset: LetterArrive

GAGARIN: Succeded in LoadableXmlAsset: LetterArrive_BadUrgent

GAGARIN: Succeded in LoadableXmlAsset: LetterArrive_BadUrgentBig

GAGARIN: Succeded in LoadableXmlAsset: LetterArrive_BadUrgentSmall

GAGARIN: Succeded in LoadableXmlAsset: LetterArrive_Good

GAGARIN: Succeded in LoadableXmlAsset: DraftOn

GAGARIN: Succeded in LoadableXmlAsset: DraftOff

GAGARIN: Succeded in LoadableXmlAsset: ResearchStart

GAGARIN: Succeded in LoadableXmlAsset: ThingSelected

GAGARIN: Succeded in LoadableXmlAsset: MapSelected

GAGARIN: Succeded in LoadableXmlAsset: ColonistSelected

GAGARIN: Succeded in LoadableXmlAsset: ColonistOrdered

GAGARIN: Succeded in LoadableXmlAsset: DragGoto

GAGARIN: Succeded in LoadableXmlAsset: Message_NeutralEvent

GAGARIN: Succeded in LoadableXmlAsset: Message_PositiveEvent

GAGARIN: Succeded in LoadableXmlAsset: Message_NegativeEvent

GAGARIN: Succeded in LoadableXmlAsset: Message_ThreatBig

GAGARIN: Succeded in LoadableXmlAsset: Message_ThreatSmall

GAGARIN: Succeded in LoadableXmlAsset: Message_PawnDeath

GAGARIN: Succeded in LoadableXmlAsset: Message_NegativeHealthEvent

GAGARIN: Succeded in LoadableXmlAsset: Message_TaskCompletion

GAGARIN: Succeded in LoadableXmlAsset: DialogBoxAppear

GAGARIN: Succeded in LoadableXmlAsset: CommsWindow_Open

GAGARIN: Succeded in LoadableXmlAsset: CommsWindow_Close

GAGARIN: Succeded in LoadableXmlAsset: InfoCard_Open

GAGARIN: Succeded in LoadableXmlAsset: InfoCard_Close

GAGARIN: Succeded in LoadableXmlAsset: DragSlider

GAGARIN: Succeded in LoadableXmlAsset: RowTabSelect

GAGARIN: Succeded in LoadableXmlAsset: Mouseover_Tab

GAGARIN: Succeded in LoadableXmlAsset: Checkbox_TurnedOn

GAGARIN: Succeded in LoadableXmlAsset: Checkbox_TurnedOff

GAGARIN: Succeded in LoadableXmlAsset: Lesson_Activated

GAGARIN: Succeded in LoadableXmlAsset: Lesson_Deactivated

GAGARIN: Succeded in LoadableXmlAsset: PlanetkillerImpact

GAGARIN: Succeded in LoadableXmlAsset: Quest_Accepted

GAGARIN: Succeded in LoadableXmlAsset: Quest_Succeded

GAGARIN: Succeded in LoadableXmlAsset: Quest_Concluded

GAGARIN: Succeded in LoadableXmlAsset: Quest_Failed

GAGARIN: Succeded in LoadableXmlAsset: Designate_DragStandard

GAGARIN: Succeded in LoadableXmlAsset: Designate_DragBuilding

GAGARIN: Succeded in LoadableXmlAsset: Designate_DragAreaAdd

GAGARIN: Succeded in LoadableXmlAsset: Designate_DragAreaDelete

GAGARIN: Succeded in LoadableXmlAsset: RadioComms_Ambience

GAGARIN: Succeded in LoadableXmlAsset: Door_OpenPowered

GAGARIN: Succeded in LoadableXmlAsset: Door_ClosePowered

GAGARIN: Succeded in LoadableXmlAsset: Door_OpenManual

GAGARIN: Succeded in LoadableXmlAsset: Door_CloseManual

GAGARIN: Succeded in LoadableXmlAsset: Door_FenceGateManual

GAGARIN: Succeded in LoadableXmlAsset: Explosion_Bomb

GAGARIN: Succeded in LoadableXmlAsset: Explosion_Stun

GAGARIN: Succeded in LoadableXmlAsset: Explosion_Flame

GAGARIN: Succeded in LoadableXmlAsset: Explosion_EMP

GAGARIN: Succeded in LoadableXmlAsset: Explosion_Smoke

GAGARIN: Succeded in LoadableXmlAsset: Explosion_FirefoamPopPack

GAGARIN: Succeded in LoadableXmlAsset: Explosion_FirefoamPopper

GAGARIN: Succeded in LoadableXmlAsset: Explosion_GiantBomb

GAGARIN: Succeded in LoadableXmlAsset: Explosion_Thump

GAGARIN: Succeded in LoadableXmlAsset: Explosion_Rocket

GAGARIN: Succeded in LoadableXmlAsset: Explosion_Vaporize

GAGARIN: Succeded in LoadableXmlAsset: TurretAcquireTarget

GAGARIN: Succeded in LoadableXmlAsset: FoamTurret_Activate

GAGARIN: Succeded in LoadableXmlAsset: Roof_Collapse

GAGARIN: Succeded in LoadableXmlAsset: Power_OnSmall

GAGARIN: Succeded in LoadableXmlAsset: Power_OffSmall

GAGARIN: Succeded in LoadableXmlAsset: DispensePaste

GAGARIN: Succeded in LoadableXmlAsset: DropPod_Impact

GAGARIN: Succeded in LoadableXmlAsset: DropPod_Impact_Mechanoid

GAGARIN: Succeded in LoadableXmlAsset: DropPod_Leaving

GAGARIN: Succeded in LoadableXmlAsset: DropPod_Open

GAGARIN: Succeded in LoadableXmlAsset: DropPod_Open_Mechanoid

GAGARIN: Succeded in LoadableXmlAsset: TrapArm

GAGARIN: Succeded in LoadableXmlAsset: TrapSpring

GAGARIN: Succeded in LoadableXmlAsset: Bridge_Collapse

GAGARIN: Succeded in LoadableXmlAsset: Bridge_CollapseWater

GAGARIN: Succeded in LoadableXmlAsset: Bombardment_PreImpact

GAGARIN: Succeded in LoadableXmlAsset: Shuttle_CrashLanding

GAGARIN: Succeded in LoadableXmlAsset: Shuttle_Impact

GAGARIN: Succeded in LoadableXmlAsset: Psycast_Skip_Entry

GAGARIN: Succeded in LoadableXmlAsset: EmergeFromWater

GAGARIN: Succeded in LoadableXmlAsset: Longjump_Jump

GAGARIN: Succeded in LoadableXmlAsset: Longjump_Land

GAGARIN: Succeded in LoadableXmlAsset: AcidSpray_Warmup

GAGARIN: Succeded in LoadableXmlAsset: AcidSpray_Resolve

GAGARIN: Succeded in LoadableXmlAsset: ToxicShellLanded

GAGARIN: Succeded in LoadableXmlAsset: Shuttle_Landing

GAGARIN: Succeded in LoadableXmlAsset: Shuttle_Leaving

GAGARIN: Succeded in LoadableXmlAsset: MortarRound_Ambient

GAGARIN: Succeded in LoadableXmlAsset: Mortar_LaunchA

GAGARIN: Succeded in LoadableXmlAsset: Artillery_HitThickRoof

GAGARIN: Succeded in LoadableXmlAsset: MortarRound_PreImpact

GAGARIN: Succeded in LoadableXmlAsset: Artillery_ShellLoaded

GAGARIN: Succeded in LoadableXmlAsset: MortarIncendiary_Explode

GAGARIN: Succeded in LoadableXmlAsset: MortarBomb_Explode

GAGARIN: Succeded in LoadableXmlAsset: MetalHitImportant

GAGARIN: Succeded in LoadableXmlAsset: BulletImpact_Ground

GAGARIN: Succeded in LoadableXmlAsset: BulletImpact_Wood

GAGARIN: Succeded in LoadableXmlAsset: BulletImpact_Metal

GAGARIN: Succeded in LoadableXmlAsset: BulletImpact_Flesh

GAGARIN: Succeded in LoadableXmlAsset: PunchThroughRoofMetal

GAGARIN: Succeded in LoadableXmlAsset: Interceptor_BlockProjectile

GAGARIN: Succeded in LoadableXmlAsset: EnergyShield_AbsorbDamage

GAGARIN: Succeded in LoadableXmlAsset: EnergyShield_Broken

GAGARIN: Succeded in LoadableXmlAsset: EnergyShield_Reset

GAGARIN: Succeded in LoadableXmlAsset: Deflect_Metal

GAGARIN: Succeded in LoadableXmlAsset: Deflect_General

GAGARIN: Succeded in LoadableXmlAsset: ThumpCannon_Impact

GAGARIN: Succeded in LoadableXmlAsset: Foam_Impact

GAGARIN: Succeded in LoadableXmlAsset: GunTail_Light

GAGARIN: Succeded in LoadableXmlAsset: GunTail_Medium

GAGARIN: Succeded in LoadableXmlAsset: GunTail_Heavy

GAGARIN: Succeded in LoadableXmlAsset: Interact_Grenade

GAGARIN: Succeded in LoadableXmlAsset: ThrowGrenade

GAGARIN: Succeded in LoadableXmlAsset: Interact_MolotovCocktail

GAGARIN: Succeded in LoadableXmlAsset: ThrowMolotovCocktail

GAGARIN: Succeded in LoadableXmlAsset: Interact_Revolver

GAGARIN: Succeded in LoadableXmlAsset: Interact_Autopistol

GAGARIN: Succeded in LoadableXmlAsset: GunShotA

GAGARIN: Succeded in LoadableXmlAsset: Interact_Shotgun

GAGARIN: Succeded in LoadableXmlAsset: Interact_Rifle

GAGARIN: Succeded in LoadableXmlAsset: Interact_AssaultRifle

GAGARIN: Succeded in LoadableXmlAsset: Interact_SMG

GAGARIN: Succeded in LoadableXmlAsset: Interact_ChargeRifle

GAGARIN: Succeded in LoadableXmlAsset: Interact_ChargeLance

GAGARIN: Succeded in LoadableXmlAsset: Bow_Small

GAGARIN: Succeded in LoadableXmlAsset: Bow_Recurve

GAGARIN: Succeded in LoadableXmlAsset: Bow_Large

GAGARIN: Succeded in LoadableXmlAsset: InfernoCannon_Fire

GAGARIN: Succeded in LoadableXmlAsset: Shot_ChargeRifle

GAGARIN: Succeded in LoadableXmlAsset: Shot_Revolver

GAGARIN: Succeded in LoadableXmlAsset: Shot_Autopistol

GAGARIN: Succeded in LoadableXmlAsset: Shot_MachinePistol

GAGARIN: Succeded in LoadableXmlAsset: Shot_HeavySMG

GAGARIN: Succeded in LoadableXmlAsset: Shot_AssaultRifle

GAGARIN: Succeded in LoadableXmlAsset: Shot_Autocannon

GAGARIN: Succeded in LoadableXmlAsset: Shot_TurretSniper

GAGARIN: Succeded in LoadableXmlAsset: Shot_Shotgun

GAGARIN: Succeded in LoadableXmlAsset: Shot_BoltActionRifle

GAGARIN: Succeded in LoadableXmlAsset: Shot_NeedleGun

GAGARIN: Succeded in LoadableXmlAsset: Shot_SniperRifle

GAGARIN: Succeded in LoadableXmlAsset: Shot_Minigun

GAGARIN: Succeded in LoadableXmlAsset: ChargeLance_Fire

GAGARIN: Succeded in LoadableXmlAsset: Shot_ChargeBlaster

GAGARIN: Succeded in LoadableXmlAsset: Shot_IncendiaryLauncher

GAGARIN: Succeded in LoadableXmlAsset: OrbitalTargeter_Fire

GAGARIN: Succeded in LoadableXmlAsset: ThumpCannon_Fire

GAGARIN: Succeded in LoadableXmlAsset: RocketswarmLauncher_Fire

GAGARIN: Succeded in LoadableXmlAsset: Shot_MiniSlug

GAGARIN: Succeded in LoadableXmlAsset: Ambient_NightInsects_Standard

GAGARIN: Succeded in LoadableXmlAsset: Ambient_NightInsects_Jungle

GAGARIN: Succeded in LoadableXmlAsset: Ambient_DayInsects_Jungle

GAGARIN: Succeded in LoadableXmlAsset: Ambient_Wind_Desolate

GAGARIN: Succeded in LoadableXmlAsset: Ambient_AltitudeWind

GAGARIN: Succeded in LoadableXmlAsset: Thunder_OffMap

GAGARIN: Succeded in LoadableXmlAsset: Thunder_OnMap

GAGARIN: Succeded in LoadableXmlAsset: Ambient_Wind_Clear

GAGARIN: Succeded in LoadableXmlAsset: Ambient_Wind_Fog

GAGARIN: Succeded in LoadableXmlAsset: Ambient_Rain

GAGARIN: Succeded in LoadableXmlAsset: Ambient_Wind_Storm

GAGARIN: Succeded in LoadableXmlAsset: Ambient_Space

GAGARIN: Succeded in LoadableXmlAsset: FireBurning

GAGARIN: Succeded in LoadableXmlAsset: Tornado

GAGARIN: Succeded in LoadableXmlAsset: Tunnel

GAGARIN: Succeded in LoadableXmlAsset: Tunnel_End

GAGARIN: Succeded in LoadableXmlAsset: HissSmall

GAGARIN: Succeded in LoadableXmlAsset: HissJet

GAGARIN: Succeded in LoadableXmlAsset: Vomit

GAGARIN: Succeded in LoadableXmlAsset: Roping

GAGARIN: Succeded in LoadableXmlAsset: OrbitalBeam

GAGARIN: Succeded in LoadableXmlAsset: OrbitalBeamSubtle

GAGARIN: Succeded in LoadableXmlAsset: FlashstormAmbience

GAGARIN: Succeded in LoadableXmlAsset: DropPod_Fall

GAGARIN: Succeded in LoadableXmlAsset: DropPod_Fall_Mechanoid

GAGARIN: Succeded in LoadableXmlAsset: PsychicArtifactWarmupSustained

GAGARIN: Succeded in LoadableXmlAsset: PsychicSoothePulserWarmupSustained

GAGARIN: Succeded in LoadableXmlAsset: Emergence_Quake

GAGARIN: Succeded in LoadableXmlAsset: OrbitalTargeter_Aiming

GAGARIN: Succeded in LoadableXmlAsset: Flamethrower_Firing

GAGARIN: Succeded in LoadableXmlAsset: Flamethrower_Firing_Resolve

GAGARIN: Succeded in LoadableXmlAsset: Flamethrower_Firing_Start

GAGARIN: Succeded in LoadableXmlAsset: Basics

GAGARIN: Succeded in LoadableXmlAsset: BasicsImportant

GAGARIN: Succeded in LoadableXmlAsset: BasicsPawnImportant

GAGARIN: Succeded in LoadableXmlAsset: BasicsNonPawnImportant

GAGARIN: Succeded in LoadableXmlAsset: BasicsPawn

GAGARIN: Succeded in LoadableXmlAsset: BasicsNonPawn

GAGARIN: Succeded in LoadableXmlAsset: Source

GAGARIN: Succeded in LoadableXmlAsset: Animals

GAGARIN: Succeded in LoadableXmlAsset: AnimalProductivity

GAGARIN: Succeded in LoadableXmlAsset: Apparel

GAGARIN: Succeded in LoadableXmlAsset: Implant

GAGARIN: Succeded in LoadableXmlAsset: Weapon

GAGARIN: Succeded in LoadableXmlAsset: Weapon_Ranged

GAGARIN: Succeded in LoadableXmlAsset: Weapon_Melee

GAGARIN: Succeded in LoadableXmlAsset: Building

GAGARIN: Succeded in LoadableXmlAsset: Ability

GAGARIN: Succeded in LoadableXmlAsset: Drug

GAGARIN: Succeded in LoadableXmlAsset: DrugAddiction

GAGARIN: Succeded in LoadableXmlAsset: Terrain

GAGARIN: Succeded in LoadableXmlAsset: EquippedStatOffsets

GAGARIN: Succeded in LoadableXmlAsset: StuffStatFactors

GAGARIN: Succeded in LoadableXmlAsset: StuffStatOffsets

GAGARIN: Succeded in LoadableXmlAsset: StuffOfEquipmentStatFactors

GAGARIN: Succeded in LoadableXmlAsset: Surgery

GAGARIN: Succeded in LoadableXmlAsset: CapacityEffects

GAGARIN: Succeded in LoadableXmlAsset: PawnResistances

GAGARIN: Succeded in LoadableXmlAsset: PawnPsyfocus

GAGARIN: Succeded in LoadableXmlAsset: PawnHealth

GAGARIN: Succeded in LoadableXmlAsset: PawnFood

GAGARIN: Succeded in LoadableXmlAsset: PawnCombat

GAGARIN: Succeded in LoadableXmlAsset: PawnSocial

GAGARIN: Succeded in LoadableXmlAsset: PawnMisc

GAGARIN: Succeded in LoadableXmlAsset: PawnWork

GAGARIN: Succeded in LoadableXmlAsset: Meditation

GAGARIN: Succeded in LoadableXmlAsset: Genetics

GAGARIN: Succeded in LoadableXmlAsset: Mechanoid

GAGARIN: Succeded in LoadableXmlAsset: Ability_RequiredPsylink

GAGARIN: Succeded in LoadableXmlAsset: Ability_CastingTime

GAGARIN: Succeded in LoadableXmlAsset: Ability_EntropyGain

GAGARIN: Succeded in LoadableXmlAsset: Ability_PsyfocusCost

GAGARIN: Succeded in LoadableXmlAsset: Ability_Range

GAGARIN: Succeded in LoadableXmlAsset: Ability_Duration

GAGARIN: Succeded in LoadableXmlAsset: Ability_EffectRadius

GAGARIN: Succeded in LoadableXmlAsset: Ability_GoodwillImpact

GAGARIN: Succeded in LoadableXmlAsset: Ability_DetectChancePerEntropy

GAGARIN: Succeded in LoadableXmlAsset: StuffEffectMultiplierArmor

GAGARIN: Succeded in LoadableXmlAsset: StuffEffectMultiplierInsulation_Cold

GAGARIN: Succeded in LoadableXmlAsset: StuffEffectMultiplierInsulation_Heat

GAGARIN: Succeded in LoadableXmlAsset: ArmorRating_Sharp

GAGARIN: Succeded in LoadableXmlAsset: ArmorRating_Blunt

GAGARIN: Succeded in LoadableXmlAsset: ArmorRating_Heat

GAGARIN: Succeded in LoadableXmlAsset: Insulation_Cold

GAGARIN: Succeded in LoadableXmlAsset: Insulation_Heat

GAGARIN: Succeded in LoadableXmlAsset: EnergyShieldEnergyMax

GAGARIN: Succeded in LoadableXmlAsset: EnergyShieldRechargeRate

GAGARIN: Succeded in LoadableXmlAsset: PackRadius

GAGARIN: Succeded in LoadableXmlAsset: EquipDelay

GAGARIN: Succeded in LoadableXmlAsset: MaxHitPoints

GAGARIN: Succeded in LoadableXmlAsset: Mass

GAGARIN: Succeded in LoadableXmlAsset: MarketValue

GAGARIN: Succeded in LoadableXmlAsset: MarketValueIgnoreHp

GAGARIN: Succeded in LoadableXmlAsset: SellPriceFactor

GAGARIN: Succeded in LoadableXmlAsset: RoyalFavorValue

GAGARIN: Succeded in LoadableXmlAsset: Flammability

GAGARIN: Succeded in LoadableXmlAsset: WorkToMake

GAGARIN: Succeded in LoadableXmlAsset: DeteriorationRate

GAGARIN: Succeded in LoadableXmlAsset: Beauty

GAGARIN: Succeded in LoadableXmlAsset: BeautyOutdoors

GAGARIN: Succeded in LoadableXmlAsset: Cleanliness

GAGARIN: Succeded in LoadableXmlAsset: Comfort

GAGARIN: Succeded in LoadableXmlAsset: Nutrition

GAGARIN: Succeded in LoadableXmlAsset: FoodPoisonChanceFixedHuman

GAGARIN: Succeded in LoadableXmlAsset: ShootingAccuracyTurret

GAGARIN: Succeded in LoadableXmlAsset: CaravanBonusSpeedFactor

GAGARIN: Succeded in LoadableXmlAsset: MedicalPotency

GAGARIN: Succeded in LoadableXmlAsset: MedicalQualityMax

GAGARIN: Succeded in LoadableXmlAsset: ConstructionSpeedFactor

GAGARIN: Succeded in LoadableXmlAsset: MeditationFocusStrength

GAGARIN: Succeded in LoadableXmlAsset: PsychicSensitivityOffset

GAGARIN: Succeded in LoadableXmlAsset: PsychicSensitivityFactor

GAGARIN: Succeded in LoadableXmlAsset: PsychicEntropyMaxOffset

GAGARIN: Succeded in LoadableXmlAsset: PsychicEntropyRecoveryRateOffset

GAGARIN: Succeded in LoadableXmlAsset: FilthMultiplier

GAGARIN: Succeded in LoadableXmlAsset: CleaningTimeFactor

GAGARIN: Succeded in LoadableXmlAsset: WorkToBuild

GAGARIN: Succeded in LoadableXmlAsset: DoorOpenSpeed

GAGARIN: Succeded in LoadableXmlAsset: BedRestEffectiveness

GAGARIN: Succeded in LoadableXmlAsset: TrapMeleeDamage

GAGARIN: Succeded in LoadableXmlAsset: TrapSpringChance

GAGARIN: Succeded in LoadableXmlAsset: ResearchSpeedFactor

GAGARIN: Succeded in LoadableXmlAsset: MedicalTendQualityOffset

GAGARIN: Succeded in LoadableXmlAsset: ImmunityGainSpeedFactor

GAGARIN: Succeded in LoadableXmlAsset: PowerPlantMaxPowerOuput

GAGARIN: Succeded in LoadableXmlAsset: WorkTableWorkSpeedFactor

GAGARIN: Succeded in LoadableXmlAsset: WorkTableEfficiencyFactor

GAGARIN: Succeded in LoadableXmlAsset: JoyGainFactor

GAGARIN: Succeded in LoadableXmlAsset: SurgerySuccessChanceFactor

GAGARIN: Succeded in LoadableXmlAsset: RoomReadingBonus

GAGARIN: Succeded in LoadableXmlAsset: MeleeDPS

GAGARIN: Succeded in LoadableXmlAsset: MeleeDamageFactor

GAGARIN: Succeded in LoadableXmlAsset: MeleeCooldownFactor

GAGARIN: Succeded in LoadableXmlAsset: MeleeArmorPenetration

GAGARIN: Succeded in LoadableXmlAsset: MeleeHitChance

GAGARIN: Succeded in LoadableXmlAsset: MeleeDodgeChance

GAGARIN: Succeded in LoadableXmlAsset: RangedCooldownFactor

GAGARIN: Succeded in LoadableXmlAsset: ShootingAccuracyPawn

GAGARIN: Succeded in LoadableXmlAsset: ShootingAccuracyFactor_Touch

GAGARIN: Succeded in LoadableXmlAsset: ShootingAccuracyFactor_Short

GAGARIN: Succeded in LoadableXmlAsset: ShootingAccuracyFactor_Medium

GAGARIN: Succeded in LoadableXmlAsset: ShootingAccuracyFactor_Long

GAGARIN: Succeded in LoadableXmlAsset: AimingDelayFactor

GAGARIN: Succeded in LoadableXmlAsset: MortarMissRadiusFactor

GAGARIN: Succeded in LoadableXmlAsset: PawnTrapSpringChance

GAGARIN: Succeded in LoadableXmlAsset: IncomingDamageFactor

GAGARIN: Succeded in LoadableXmlAsset: StaggerDurationFactor

GAGARIN: Succeded in LoadableXmlAsset: MoveSpeed

GAGARIN: Succeded in LoadableXmlAsset: CrawlSpeed

GAGARIN: Succeded in LoadableXmlAsset: MentalBreakThreshold

GAGARIN: Succeded in LoadableXmlAsset: PsychicSensitivity

GAGARIN: Succeded in LoadableXmlAsset: ToxicResistance

GAGARIN: Succeded in LoadableXmlAsset: GlobalLearningFactor

GAGARIN: Succeded in LoadableXmlAsset: BedHungerRateFactor

GAGARIN: Succeded in LoadableXmlAsset: RestRateMultiplier

GAGARIN: Succeded in LoadableXmlAsset: EatingSpeed

GAGARIN: Succeded in LoadableXmlAsset: ComfyTemperatureMin

GAGARIN: Succeded in LoadableXmlAsset: ComfyTemperatureMax

GAGARIN: Succeded in LoadableXmlAsset: ImmunityGainSpeed

GAGARIN: Succeded in LoadableXmlAsset: InjuryHealingFactor

GAGARIN: Succeded in LoadableXmlAsset: CarryingCapacity

GAGARIN: Succeded in LoadableXmlAsset: MeatAmount

GAGARIN: Succeded in LoadableXmlAsset: LeatherAmount

GAGARIN: Succeded in LoadableXmlAsset: MinimumHandlingSkill

GAGARIN: Succeded in LoadableXmlAsset: PainShockThreshold

GAGARIN: Succeded in LoadableXmlAsset: ForagedNutritionPerDay

GAGARIN: Succeded in LoadableXmlAsset: FilthRate

GAGARIN: Succeded in LoadableXmlAsset: AnimalsLearningFactor

GAGARIN: Succeded in LoadableXmlAsset: CaravanRidingSpeedFactor

GAGARIN: Succeded in LoadableXmlAsset: MaxNutrition

GAGARIN: Succeded in LoadableXmlAsset: LifespanFactor

GAGARIN: Succeded in LoadableXmlAsset: MeditationFocusGain

GAGARIN: Succeded in LoadableXmlAsset: PsychicEntropyMax

GAGARIN: Succeded in LoadableXmlAsset: PsychicEntropyRecoveryRate

GAGARIN: Succeded in LoadableXmlAsset: ToxicEnvironmentResistance

GAGARIN: Succeded in LoadableXmlAsset: RestFallRateFactor

GAGARIN: Succeded in LoadableXmlAsset: EMPResistance

GAGARIN: Succeded in LoadableXmlAsset: JoyFallRateFactor

GAGARIN: Succeded in LoadableXmlAsset: MaxFlightTime

GAGARIN: Succeded in LoadableXmlAsset: FlightCooldown

GAGARIN: Succeded in LoadableXmlAsset: Wildness

GAGARIN: Succeded in LoadableXmlAsset: NegotiationAbility

GAGARIN: Succeded in LoadableXmlAsset: PawnBeauty

GAGARIN: Succeded in LoadableXmlAsset: ArrestSuccessChance

GAGARIN: Succeded in LoadableXmlAsset: TradePriceImprovement

GAGARIN: Succeded in LoadableXmlAsset: DrugSellPriceImprovement

GAGARIN: Succeded in LoadableXmlAsset: SocialImpact

GAGARIN: Succeded in LoadableXmlAsset: TameAnimalChance

GAGARIN: Succeded in LoadableXmlAsset: TrainAnimalChance

GAGARIN: Succeded in LoadableXmlAsset: BondAnimalChanceFactor

GAGARIN: Succeded in LoadableXmlAsset: WorkSpeedGlobal

GAGARIN: Succeded in LoadableXmlAsset: MiningSpeed

GAGARIN: Succeded in LoadableXmlAsset: DeepDrillingSpeed

GAGARIN: Succeded in LoadableXmlAsset: MiningYield

GAGARIN: Succeded in LoadableXmlAsset: SmoothingSpeed

GAGARIN: Succeded in LoadableXmlAsset: ResearchSpeed

GAGARIN: Succeded in LoadableXmlAsset: AnimalGatherSpeed

GAGARIN: Succeded in LoadableXmlAsset: AnimalGatherYield

GAGARIN: Succeded in LoadableXmlAsset: PlantWorkSpeed

GAGARIN: Succeded in LoadableXmlAsset: PlantHarvestYield

GAGARIN: Succeded in LoadableXmlAsset: DrugHarvestYield

GAGARIN: Succeded in LoadableXmlAsset: HuntingStealth

GAGARIN: Succeded in LoadableXmlAsset: ConstructionSpeed

GAGARIN: Succeded in LoadableXmlAsset: ConstructSuccessChance

GAGARIN: Succeded in LoadableXmlAsset: FixBrokenDownBuildingSuccessChance

GAGARIN: Succeded in LoadableXmlAsset: CleaningSpeed

GAGARIN: Succeded in LoadableXmlAsset: ReadingSpeed

GAGARIN: Succeded in LoadableXmlAsset: HackingSpeed

GAGARIN: Succeded in LoadableXmlAsset: HackingStealth

GAGARIN: Succeded in LoadableXmlAsset: MedicalTendSpeed

GAGARIN: Succeded in LoadableXmlAsset: MedicalTendQuality

GAGARIN: Succeded in LoadableXmlAsset: MedicalOperationSpeed

GAGARIN: Succeded in LoadableXmlAsset: MedicalSurgerySuccessChance

GAGARIN: Succeded in LoadableXmlAsset: SmeltingSpeed

GAGARIN: Succeded in LoadableXmlAsset: GeneralLaborSpeed

GAGARIN: Succeded in LoadableXmlAsset: DrugSynthesisSpeed

GAGARIN: Succeded in LoadableXmlAsset: CookSpeed

GAGARIN: Succeded in LoadableXmlAsset: FoodPoisonChance

GAGARIN: Succeded in LoadableXmlAsset: DrugCookingSpeed

GAGARIN: Succeded in LoadableXmlAsset: ButcheryFleshSpeed

GAGARIN: Succeded in LoadableXmlAsset: ButcheryMechanoidSpeed

GAGARIN: Succeded in LoadableXmlAsset: ButcheryFleshEfficiency

GAGARIN: Succeded in LoadableXmlAsset: ButcheryMechanoidEfficiency

GAGARIN: Succeded in LoadableXmlAsset: StuffPower_Armor_Sharp

GAGARIN: Succeded in LoadableXmlAsset: StuffPower_Armor_Blunt

GAGARIN: Succeded in LoadableXmlAsset: StuffPower_Armor_Heat

GAGARIN: Succeded in LoadableXmlAsset: StuffPower_Insulation_Cold

GAGARIN: Succeded in LoadableXmlAsset: StuffPower_Insulation_Heat

GAGARIN: Succeded in LoadableXmlAsset: MeleeWeapon_AverageDPS

GAGARIN: Succeded in LoadableXmlAsset: MeleeWeapon_AverageArmorPenetration

GAGARIN: Succeded in LoadableXmlAsset: MeleeWeapon_DamageMultiplier

GAGARIN: Succeded in LoadableXmlAsset: MeleeWeapon_CooldownMultiplier

GAGARIN: Succeded in LoadableXmlAsset: SharpDamageMultiplier

GAGARIN: Succeded in LoadableXmlAsset: BluntDamageMultiplier

GAGARIN: Succeded in LoadableXmlAsset: AccuracyTouch

GAGARIN: Succeded in LoadableXmlAsset: AccuracyShort

GAGARIN: Succeded in LoadableXmlAsset: AccuracyMedium

GAGARIN: Succeded in LoadableXmlAsset: AccuracyLong

GAGARIN: Succeded in LoadableXmlAsset: RangedWeapon_Cooldown

GAGARIN: Succeded in LoadableXmlAsset: RangedWeapon_DamageMultiplier

GAGARIN: Succeded in LoadableXmlAsset: RangedWeapon_ArmorPenetrationMultiplier

GAGARIN: Succeded in LoadableXmlAsset: RangedWeapon_RangeMultiplier

GAGARIN: Succeded in LoadableXmlAsset: RangedWeapon_WarmupMultiplier

GAGARIN: Succeded in LoadableXmlAsset: Ambush

GAGARIN: Succeded in LoadableXmlAsset: ManhunterAmbush

GAGARIN: Succeded in LoadableXmlAsset: Ambush

GAGARIN: Succeded in LoadableXmlAsset: CaravanMeeting

GAGARIN: Succeded in LoadableXmlAsset: CaravanDemand

GAGARIN: Succeded in LoadableXmlAsset: Disease_Flu

GAGARIN: Succeded in LoadableXmlAsset: Disease_Plague

GAGARIN: Succeded in LoadableXmlAsset: Disease_Malaria

GAGARIN: Succeded in LoadableXmlAsset: Disease_SleepingSickness

GAGARIN: Succeded in LoadableXmlAsset: Disease_FibrousMechanites

GAGARIN: Succeded in LoadableXmlAsset: Disease_SensoryMechanites

GAGARIN: Succeded in LoadableXmlAsset: Disease_GutWorms

GAGARIN: Succeded in LoadableXmlAsset: Disease_MuscleParasites

GAGARIN: Succeded in LoadableXmlAsset: Disease_AnimalFlu

GAGARIN: Succeded in LoadableXmlAsset: Disease_AnimalPlague

GAGARIN: Succeded in LoadableXmlAsset: Disease_OrganDecay

GAGARIN: Succeded in LoadableXmlAsset: ResourcePodCrash

GAGARIN: Succeded in LoadableXmlAsset: PsychicSoothe

GAGARIN: Succeded in LoadableXmlAsset: SelfTame

GAGARIN: Succeded in LoadableXmlAsset: AmbrosiaSprout

GAGARIN: Succeded in LoadableXmlAsset: FarmAnimalsWanderIn

GAGARIN: Succeded in LoadableXmlAsset: WandererJoin

GAGARIN: Succeded in LoadableXmlAsset: RefugeePodCrash

GAGARIN: Succeded in LoadableXmlAsset: ThrumboPasses

GAGARIN: Succeded in LoadableXmlAsset: RansomDemand

GAGARIN: Succeded in LoadableXmlAsset: MeteoriteImpact

GAGARIN: Succeded in LoadableXmlAsset: HerdMigration

GAGARIN: Succeded in LoadableXmlAsset: WildManWandersIn

GAGARIN: Succeded in LoadableXmlAsset: PsychicDrone

GAGARIN: Succeded in LoadableXmlAsset: ToxicFallout

GAGARIN: Succeded in LoadableXmlAsset: VolcanicWinter

GAGARIN: Succeded in LoadableXmlAsset: HeatWave

GAGARIN: Succeded in LoadableXmlAsset: ColdSnap

GAGARIN: Succeded in LoadableXmlAsset: Flashstorm

GAGARIN: Succeded in LoadableXmlAsset: ShortCircuit

GAGARIN: Succeded in LoadableXmlAsset: CropBlight

GAGARIN: Succeded in LoadableXmlAsset: Alphabeavers

GAGARIN: Succeded in LoadableXmlAsset: ShipChunkDrop

GAGARIN: Succeded in LoadableXmlAsset: OrbitalTraderArrival

GAGARIN: Succeded in LoadableXmlAsset: TraderCaravanArrival

GAGARIN: Succeded in LoadableXmlAsset: VisitorGroup

GAGARIN: Succeded in LoadableXmlAsset: TravelerGroup

GAGARIN: Succeded in LoadableXmlAsset: RaidFriendly

GAGARIN: Succeded in LoadableXmlAsset: StrangerInBlackJoin

GAGARIN: Succeded in LoadableXmlAsset: GameEndedWanderersJoin

GAGARIN: Succeded in LoadableXmlAsset: RaidEnemy

GAGARIN: Succeded in LoadableXmlAsset: Infestation

GAGARIN: Succeded in LoadableXmlAsset: DeepDrillInfestation

GAGARIN: Succeded in LoadableXmlAsset: ManhunterPack

GAGARIN: Succeded in LoadableXmlAsset: DefoliatorShipPartCrash

GAGARIN: Succeded in LoadableXmlAsset: PsychicEmanatorShipPartCrash

GAGARIN: Succeded in LoadableXmlAsset: AnimalInsanityMass

GAGARIN: Succeded in LoadableXmlAsset: AnimalInsanitySingle

GAGARIN: Succeded in LoadableXmlAsset: Eclipse

GAGARIN: Succeded in LoadableXmlAsset: SolarFlare

GAGARIN: Succeded in LoadableXmlAsset: Aurora

GAGARIN: Succeded in LoadableXmlAsset: GiveQuest_Random

GAGARIN: Succeded in LoadableXmlAsset: GiveQuest_EndGame_ShipEscape

GAGARIN: Succeded in LoadableXmlAsset: ImmediateAttack

GAGARIN: Succeded in LoadableXmlAsset: ImmediateAttackFriendly

GAGARIN: Succeded in LoadableXmlAsset: ImmediateAttackSmart

GAGARIN: Succeded in LoadableXmlAsset: StageThenAttack

GAGARIN: Succeded in LoadableXmlAsset: EmergeFromWater

GAGARIN: Succeded in LoadableXmlAsset: ImmediateAttackBreaching

GAGARIN: Succeded in LoadableXmlAsset: ImmediateAttackBreachingSmart

GAGARIN: Succeded in LoadableXmlAsset: ImmediateAttackSappers

GAGARIN: Succeded in LoadableXmlAsset: Siege

GAGARIN: Succeded in LoadableXmlAsset: Cassandra

GAGARIN: Succeded in LoadableXmlAsset: Phoebe

GAGARIN: Succeded in LoadableXmlAsset: Randy

GAGARIN: Succeded in LoadableXmlAsset: Tutor

GAGARIN: Succeded in LoadableXmlAsset: CaravanFormed

GAGARIN: Succeded in LoadableXmlAsset: CaravanFled

GAGARIN: Succeded in LoadableXmlAsset: CaravanAmbushDefeated

GAGARIN: Succeded in LoadableXmlAsset: CaravanRemoteMining

GAGARIN: Succeded in LoadableXmlAsset: CaravanAssaultSuccessful

GAGARIN: Succeded in LoadableXmlAsset: Captured

GAGARIN: Succeded in LoadableXmlAsset: Recruited

GAGARIN: Succeded in LoadableXmlAsset: Hunted

GAGARIN: Succeded in LoadableXmlAsset: DidSurgery

GAGARIN: Succeded in LoadableXmlAsset: ExecutedPrisoner

GAGARIN: Succeded in LoadableXmlAsset: KidnappedColonist

GAGARIN: Succeded in LoadableXmlAsset: TamedAnimal

GAGARIN: Succeded in LoadableXmlAsset: KilledBy

GAGARIN: Succeded in LoadableXmlAsset: SoldPrisoner

GAGARIN: Succeded in LoadableXmlAsset: TrainedAnimal

GAGARIN: Succeded in LoadableXmlAsset: KilledColonist

GAGARIN: Succeded in LoadableXmlAsset: KilledColonyAnimal

GAGARIN: Succeded in LoadableXmlAsset: DefeatedHostileFactionLeader

GAGARIN: Succeded in LoadableXmlAsset: TradedWith

GAGARIN: Succeded in LoadableXmlAsset: BondedWithAnimal

GAGARIN: Succeded in LoadableXmlAsset: BecameLover

GAGARIN: Succeded in LoadableXmlAsset: Breakup

GAGARIN: Succeded in LoadableXmlAsset: Marriage

GAGARIN: Succeded in LoadableXmlAsset: LaunchedShip

GAGARIN: Succeded in LoadableXmlAsset: SocialFight

GAGARIN: Succeded in LoadableXmlAsset: CollapseDodged

GAGARIN: Succeded in LoadableXmlAsset: Wounded

GAGARIN: Succeded in LoadableXmlAsset: Downed

GAGARIN: Succeded in LoadableXmlAsset: KilledLongRange

GAGARIN: Succeded in LoadableXmlAsset: KilledMelee

GAGARIN: Succeded in LoadableXmlAsset: KilledMajorThreat

GAGARIN: Succeded in LoadableXmlAsset: KilledCapacity

GAGARIN: Succeded in LoadableXmlAsset: KilledMortar

GAGARIN: Succeded in LoadableXmlAsset: Exhausted

GAGARIN: Succeded in LoadableXmlAsset: IllnessRevealed

GAGARIN: Succeded in LoadableXmlAsset: HeatstrokeRevealed

GAGARIN: Succeded in LoadableXmlAsset: HypothermiaRevealed

GAGARIN: Succeded in LoadableXmlAsset: ToxicityRevealed

GAGARIN: Succeded in LoadableXmlAsset: GaveBirth

GAGARIN: Succeded in LoadableXmlAsset: CaravanAmbushedByHumanlike

GAGARIN: Succeded in LoadableXmlAsset: CaravanAmbushedByManhunter

GAGARIN: Succeded in LoadableXmlAsset: CaravanMeeting

GAGARIN: Succeded in LoadableXmlAsset: CaravanDemand

GAGARIN: Succeded in LoadableXmlAsset: MeteoriteImpact

GAGARIN: Succeded in LoadableXmlAsset: ToxicFallout

GAGARIN: Succeded in LoadableXmlAsset: VolcanicWinter

GAGARIN: Succeded in LoadableXmlAsset: Aurora

GAGARIN: Succeded in LoadableXmlAsset: Flashstorm

GAGARIN: Succeded in LoadableXmlAsset: Raid

GAGARIN: Succeded in LoadableXmlAsset: Infestation

GAGARIN: Succeded in LoadableXmlAsset: ManhunterPack

GAGARIN: Succeded in LoadableXmlAsset: ShipPartCrash

GAGARIN: Succeded in LoadableXmlAsset: Eclipse

GAGARIN: Succeded in LoadableXmlAsset: EndGame_ShipEscape

GAGARIN: Succeded in LoadableXmlAsset: Tornado

GAGARIN: Succeded in LoadableXmlAsset: TornadoFromItem

GAGARIN: Succeded in LoadableXmlAsset: MinedValuable

GAGARIN: Succeded in LoadableXmlAsset: CompletedLongConstructionProject

GAGARIN: Succeded in LoadableXmlAsset: CompletedLongCraftingProject

GAGARIN: Succeded in LoadableXmlAsset: AttendedParty

GAGARIN: Succeded in LoadableXmlAsset: Meditated

GAGARIN: Succeded in LoadableXmlAsset: Prayed

GAGARIN: Succeded in LoadableXmlAsset: BuiltSnowman

GAGARIN: Succeded in LoadableXmlAsset: VisitedGrave

GAGARIN: Succeded in LoadableXmlAsset: PlayedGame

GAGARIN: Succeded in LoadableXmlAsset: BuriedCorpse

GAGARIN: Succeded in LoadableXmlAsset: EnteredCryptosleep

GAGARIN: Succeded in LoadableXmlAsset: PutIntoCryptosleep

GAGARIN: Succeded in LoadableXmlAsset: Stripped

GAGARIN: Succeded in LoadableXmlAsset: GainedMasterSkillWithPassion

GAGARIN: Succeded in LoadableXmlAsset: GainedMasterSkillWithoutPassion

GAGARIN: Succeded in LoadableXmlAsset: IncreasedMenagerie

GAGARIN: Succeded in LoadableXmlAsset: MajorThreat

GAGARIN: Succeded in LoadableXmlAsset: TileSettled

GAGARIN: Succeded in LoadableXmlAsset: LandedInPod

GAGARIN: Succeded in LoadableXmlAsset: Vomited

GAGARIN: Succeded in LoadableXmlAsset: Drunk

GAGARIN: Succeded in LoadableXmlAsset: WasOnFire

GAGARIN: Succeded in LoadableXmlAsset: MentalStateBerserk

GAGARIN: Succeded in LoadableXmlAsset: MentalStateGaveUp

GAGARIN: Succeded in LoadableXmlAsset: WalkedNaked

GAGARIN: Succeded in LoadableXmlAsset: AteRawHumanlikeMeat

GAGARIN: Succeded in LoadableXmlAsset: CraftedArt

GAGARIN: Succeded in LoadableXmlAsset: StruckMineable

GAGARIN: Succeded in LoadableXmlAsset: FinishedResearchProject

GAGARIN: Succeded in LoadableXmlAsset: ButcheredHumanlikeCorpse

GAGARIN: Succeded in LoadableXmlAsset: ReadBook

GAGARIN: Succeded in LoadableXmlAsset: NoTattoo_Face

GAGARIN: Succeded in LoadableXmlAsset: NoTattoo_Body

GAGARIN: Succeded in LoadableXmlAsset: StrawMatting

GAGARIN: Succeded in LoadableXmlAsset: Concrete

GAGARIN: Succeded in LoadableXmlAsset: PavedTile

GAGARIN: Succeded in LoadableXmlAsset: WoodPlankFloor

GAGARIN: Succeded in LoadableXmlAsset: MetalTile

GAGARIN: Succeded in LoadableXmlAsset: SilverTile

GAGARIN: Succeded in LoadableXmlAsset: GoldTile

GAGARIN: Succeded in LoadableXmlAsset: SterileTile

GAGARIN: Succeded in LoadableXmlAsset: Carpet

GAGARIN: Succeded in LoadableXmlAsset: BurnedWoodPlankFloor

GAGARIN: Succeded in LoadableXmlAsset: BurnedCarpet

GAGARIN: Succeded in LoadableXmlAsset: BurnedStrawMatting

GAGARIN: Succeded in LoadableXmlAsset: TileSandstone

GAGARIN: Succeded in LoadableXmlAsset: TileGranite

GAGARIN: Succeded in LoadableXmlAsset: TileLimestone

GAGARIN: Succeded in LoadableXmlAsset: TileSlate

GAGARIN: Succeded in LoadableXmlAsset: TileMarble

GAGARIN: Succeded in LoadableXmlAsset: FlagstoneSandstone

GAGARIN: Succeded in LoadableXmlAsset: FlagstoneGranite

GAGARIN: Succeded in LoadableXmlAsset: FlagstoneLimestone

GAGARIN: Succeded in LoadableXmlAsset: FlagstoneSlate

GAGARIN: Succeded in LoadableXmlAsset: FlagstoneMarble

GAGARIN: Succeded in LoadableXmlAsset: Bridge

GAGARIN: Succeded in LoadableXmlAsset: Soil

GAGARIN: Succeded in LoadableXmlAsset: MossyTerrain

GAGARIN: Succeded in LoadableXmlAsset: MarshyTerrain

GAGARIN: Succeded in LoadableXmlAsset: SoilRich

GAGARIN: Succeded in LoadableXmlAsset: Riverbank

GAGARIN: Succeded in LoadableXmlAsset: Gravel

GAGARIN: Succeded in LoadableXmlAsset: Sand

GAGARIN: Succeded in LoadableXmlAsset: SoftSand

GAGARIN: Succeded in LoadableXmlAsset: Mud

GAGARIN: Succeded in LoadableXmlAsset: Ice

GAGARIN: Succeded in LoadableXmlAsset: BrokenAsphalt

GAGARIN: Succeded in LoadableXmlAsset: PackedDirt

GAGARIN: Succeded in LoadableXmlAsset: Underwall

GAGARIN: Succeded in LoadableXmlAsset: AncientTile

GAGARIN: Succeded in LoadableXmlAsset: AncientConcrete

GAGARIN: Succeded in LoadableXmlAsset: AncientWoodPlankFloor

GAGARIN: Succeded in LoadableXmlAsset: WaterDeep

GAGARIN: Succeded in LoadableXmlAsset: WaterOceanDeep

GAGARIN: Succeded in LoadableXmlAsset: WaterMovingChestDeep

GAGARIN: Succeded in LoadableXmlAsset: WaterShallow

GAGARIN: Succeded in LoadableXmlAsset: WaterOceanShallow

GAGARIN: Succeded in LoadableXmlAsset: WaterMovingShallow

GAGARIN: Succeded in LoadableXmlAsset: Marsh

GAGARIN: Succeded in LoadableXmlAsset: Root

GAGARIN: Succeded in LoadableXmlAsset: Foods

GAGARIN: Succeded in LoadableXmlAsset: FoodMeals

GAGARIN: Succeded in LoadableXmlAsset: FoodRaw

GAGARIN: Succeded in LoadableXmlAsset: MeatRaw

GAGARIN: Succeded in LoadableXmlAsset: PlantFoodRaw

GAGARIN: Succeded in LoadableXmlAsset: AnimalProductRaw

GAGARIN: Succeded in LoadableXmlAsset: EggsUnfertilized

GAGARIN: Succeded in LoadableXmlAsset: EggsFertilized

GAGARIN: Succeded in LoadableXmlAsset: Manufactured

GAGARIN: Succeded in LoadableXmlAsset: Textiles

GAGARIN: Succeded in LoadableXmlAsset: Leathers

GAGARIN: Succeded in LoadableXmlAsset: Wools

GAGARIN: Succeded in LoadableXmlAsset: Medicine

GAGARIN: Succeded in LoadableXmlAsset: Drugs

GAGARIN: Succeded in LoadableXmlAsset: MortarShells

GAGARIN: Succeded in LoadableXmlAsset: ResourcesRaw

GAGARIN: Succeded in LoadableXmlAsset: PlantMatter

GAGARIN: Succeded in LoadableXmlAsset: StoneBlocks

GAGARIN: Succeded in LoadableXmlAsset: Items

GAGARIN: Succeded in LoadableXmlAsset: Unfinished

GAGARIN: Succeded in LoadableXmlAsset: Artifacts

GAGARIN: Succeded in LoadableXmlAsset: InertRelics

GAGARIN: Succeded in LoadableXmlAsset: Neurotrainers

GAGARIN: Succeded in LoadableXmlAsset: NeurotrainersPsycast

GAGARIN: Succeded in LoadableXmlAsset: NeurotrainersSkill

GAGARIN: Succeded in LoadableXmlAsset: Techprints

GAGARIN: Succeded in LoadableXmlAsset: BodyParts

GAGARIN: Succeded in LoadableXmlAsset: BodyPartsNatural

GAGARIN: Succeded in LoadableXmlAsset: BodyPartsSimple

GAGARIN: Succeded in LoadableXmlAsset: BodyPartsProsthetic

GAGARIN: Succeded in LoadableXmlAsset: BodyPartsBionic

GAGARIN: Succeded in LoadableXmlAsset: BodyPartsUltra

GAGARIN: Succeded in LoadableXmlAsset: BodyPartsArchotech

GAGARIN: Succeded in LoadableXmlAsset: BodyPartsMechtech

GAGARIN: Succeded in LoadableXmlAsset: Books

GAGARIN: Succeded in LoadableXmlAsset: ItemsMisc

GAGARIN: Succeded in LoadableXmlAsset: Weapons

GAGARIN: Succeded in LoadableXmlAsset: WeaponsMelee

GAGARIN: Succeded in LoadableXmlAsset: WeaponsMeleeBladelink

GAGARIN: Succeded in LoadableXmlAsset: WeaponsRanged

GAGARIN: Succeded in LoadableXmlAsset: WeaponsUnique

GAGARIN: Succeded in LoadableXmlAsset: Grenades

GAGARIN: Succeded in LoadableXmlAsset: Apparel

GAGARIN: Succeded in LoadableXmlAsset: Headgear

GAGARIN: Succeded in LoadableXmlAsset: ApparelArmor

GAGARIN: Succeded in LoadableXmlAsset: ArmorHeadgear

GAGARIN: Succeded in LoadableXmlAsset: ApparelUtility

GAGARIN: Succeded in LoadableXmlAsset: ApparelNoble

GAGARIN: Succeded in LoadableXmlAsset: HeadgearNoble

GAGARIN: Succeded in LoadableXmlAsset: ApparelMisc

GAGARIN: Succeded in LoadableXmlAsset: Buildings

GAGARIN: Succeded in LoadableXmlAsset: BuildingsArt

GAGARIN: Succeded in LoadableXmlAsset: BuildingsProduction

GAGARIN: Succeded in LoadableXmlAsset: BuildingsFurniture

GAGARIN: Succeded in LoadableXmlAsset: BuildingsPower

GAGARIN: Succeded in LoadableXmlAsset: BuildingsSecurity

GAGARIN: Succeded in LoadableXmlAsset: BuildingsMisc

GAGARIN: Succeded in LoadableXmlAsset: BuildingsJoy

GAGARIN: Succeded in LoadableXmlAsset: BuildingsTemperature

GAGARIN: Succeded in LoadableXmlAsset: BuildingsSpecial

GAGARIN: Succeded in LoadableXmlAsset: Chunks

GAGARIN: Succeded in LoadableXmlAsset: StoneChunks

GAGARIN: Succeded in LoadableXmlAsset: Animals

GAGARIN: Succeded in LoadableXmlAsset: Plants

GAGARIN: Succeded in LoadableXmlAsset: Stumps

GAGARIN: Succeded in LoadableXmlAsset: Corpses

GAGARIN: Succeded in LoadableXmlAsset: CorpsesHumanlike

GAGARIN: Succeded in LoadableXmlAsset: CorpsesAnimal

GAGARIN: Succeded in LoadableXmlAsset: CorpsesInsect

GAGARIN: Succeded in LoadableXmlAsset: CorpsesMechanoid

GAGARIN: Succeded in LoadableXmlAsset: BookEffects

GAGARIN: Succeded in LoadableXmlAsset: SkillGain

GAGARIN: Succeded in LoadableXmlAsset: ResearchGain

GAGARIN: Succeded in LoadableXmlAsset: AncientConcreteBarrier

GAGARIN: Succeded in LoadableXmlAsset: AncientLamppost

GAGARIN: Succeded in LoadableXmlAsset: Urn

GAGARIN: Succeded in LoadableXmlAsset: AncientCryptosleepPod

GAGARIN: Succeded in LoadableXmlAsset: AncientHermeticCrate

GAGARIN: Succeded in LoadableXmlAsset: AncientFuelNode

GAGARIN: Succeded in LoadableXmlAsset: AncientLamp

GAGARIN: Succeded in LoadableXmlAsset: AncientSystemRack

GAGARIN: Succeded in LoadableXmlAsset: AncientBarrel

GAGARIN: Succeded in LoadableXmlAsset: AncientBed

GAGARIN: Succeded in LoadableXmlAsset: AncientMicrowave

GAGARIN: Succeded in LoadableXmlAsset: AncientKitchenSink

GAGARIN: Succeded in LoadableXmlAsset: AncientRefrigerator

GAGARIN: Succeded in LoadableXmlAsset: AncientOven

GAGARIN: Succeded in LoadableXmlAsset: AncientStove

GAGARIN: Succeded in LoadableXmlAsset: AncientOperatingTable

GAGARIN: Succeded in LoadableXmlAsset: AncientMachine

GAGARIN: Succeded in LoadableXmlAsset: AncientGenerator

GAGARIN: Succeded in LoadableXmlAsset: AncientBasicRecharger

GAGARIN: Succeded in LoadableXmlAsset: AncientStandardRecharger

GAGARIN: Succeded in LoadableXmlAsset: AncientMechDropBeacon

GAGARIN: Succeded in LoadableXmlAsset: AncientSecurityTurret

GAGARIN: Succeded in LoadableXmlAsset: AncientMechGestator

GAGARIN: Succeded in LoadableXmlAsset: AncientMechGestatorTank

GAGARIN: Succeded in LoadableXmlAsset: AncientLargeMechGestator

GAGARIN: Succeded in LoadableXmlAsset: AncientLockerBank

GAGARIN: Succeded in LoadableXmlAsset: AncientDisplayBank

GAGARIN: Succeded in LoadableXmlAsset: AncientCrate

GAGARIN: Succeded in LoadableXmlAsset: AncientEquipmentBlocks

GAGARIN: Succeded in LoadableXmlAsset: AncientStorageCylinder

GAGARIN: Succeded in LoadableXmlAsset: AncientSpacerCrate

GAGARIN: Succeded in LoadableXmlAsset: AncientMilitaryCrate

GAGARIN: Succeded in LoadableXmlAsset: ChunkMechanoidSlag

GAGARIN: Succeded in LoadableXmlAsset: AncientLargeContainer

GAGARIN: Succeded in LoadableXmlAsset: AncientShipBeacon

GAGARIN: Succeded in LoadableXmlAsset: AncientLargeCrate

GAGARIN: Succeded in LoadableXmlAsset: AncientVendingMachine

GAGARIN: Succeded in LoadableXmlAsset: AncientToilet

GAGARIN: Succeded in LoadableXmlAsset: AncientLongCrate

GAGARIN: Succeded in LoadableXmlAsset: AncientSmallCrate

GAGARIN: Succeded in LoadableXmlAsset: AncientMegaCannonTripod

GAGARIN: Succeded in LoadableXmlAsset: AncientMegaCannonBarrel

GAGARIN: Succeded in LoadableXmlAsset: AncientLargeRustedEngineBlock

GAGARIN: Succeded in LoadableXmlAsset: AncientFence

GAGARIN: Succeded in LoadableXmlAsset: AncientTank

GAGARIN: Succeded in LoadableXmlAsset: AncientTankTrap

GAGARIN: Succeded in LoadableXmlAsset: AncientRustedEngineBlock

GAGARIN: Succeded in LoadableXmlAsset: AncientShoppingCart

GAGARIN: Succeded in LoadableXmlAsset: AncientPostbox

GAGARIN: Succeded in LoadableXmlAsset: AncientAirConditioner

GAGARIN: Succeded in LoadableXmlAsset: AncientATM

GAGARIN: Succeded in LoadableXmlAsset: AncientWashingMachine

GAGARIN: Succeded in LoadableXmlAsset: AncientHydrant

GAGARIN: Succeded in LoadableXmlAsset: AncientWheel

GAGARIN: Succeded in LoadableXmlAsset: AncientGiantWheel

GAGARIN: Succeded in LoadableXmlAsset: AncientRustedCar

GAGARIN: Succeded in LoadableXmlAsset: AncientRustedTruck

GAGARIN: Succeded in LoadableXmlAsset: AncientRustedJeep

GAGARIN: Succeded in LoadableXmlAsset: AncientRustedCarFrame

GAGARIN: Succeded in LoadableXmlAsset: AncientWarwalkerTorso

GAGARIN: Succeded in LoadableXmlAsset: AncientRustedDropship

GAGARIN: Succeded in LoadableXmlAsset: AncientWarwalkerClaw

GAGARIN: Succeded in LoadableXmlAsset: AncientWarwalkerLeg

GAGARIN: Succeded in LoadableXmlAsset: AncientMiniWarwalkerRemains

GAGARIN: Succeded in LoadableXmlAsset: AncientWarspiderRemains

GAGARIN: Succeded in LoadableXmlAsset: AncientPipelineSection

GAGARIN: Succeded in LoadableXmlAsset: AncientWarwalkerFoot

GAGARIN: Succeded in LoadableXmlAsset: AncientAPC

GAGARIN: Succeded in LoadableXmlAsset: AncientWarwalkerShell

GAGARIN: Succeded in LoadableXmlAsset: AncientJetEngine

GAGARIN: Succeded in LoadableXmlAsset: AncientDropshipEngine

GAGARIN: Succeded in LoadableXmlAsset: AncientPodCar

GAGARIN: Succeded in LoadableXmlAsset: AncientRazorWire

GAGARIN: Succeded in LoadableXmlAsset: AncientPipes

GAGARIN: Succeded in LoadableXmlAsset: SculptureSmall

GAGARIN: Succeded in LoadableXmlAsset: SculptureLarge

GAGARIN: Succeded in LoadableXmlAsset: SculptureGrand

GAGARIN: Succeded in LoadableXmlAsset: Snowman

GAGARIN: Succeded in LoadableXmlAsset: PsychicDronerShipPart

GAGARIN: Succeded in LoadableXmlAsset: PsychicDroner

GAGARIN: Succeded in LoadableXmlAsset: DefoliatorShipPart

GAGARIN: Succeded in LoadableXmlAsset: ShipChunk

GAGARIN: Succeded in LoadableXmlAsset: Shuttle

GAGARIN: Succeded in LoadableXmlAsset: ShuttleCrashed

GAGARIN: Succeded in LoadableXmlAsset: SleepingSpot

GAGARIN: Succeded in LoadableXmlAsset: DoubleSleepingSpot

GAGARIN: Succeded in LoadableXmlAsset: Bed

GAGARIN: Succeded in LoadableXmlAsset: DoubleBed

GAGARIN: Succeded in LoadableXmlAsset: RoyalBed

GAGARIN: Succeded in LoadableXmlAsset: HospitalBed

GAGARIN: Succeded in LoadableXmlAsset: Bedroll

GAGARIN: Succeded in LoadableXmlAsset: BedrollDouble

GAGARIN: Succeded in LoadableXmlAsset: AnimalSleepingSpot

GAGARIN: Succeded in LoadableXmlAsset: AnimalSleepingBox

GAGARIN: Succeded in LoadableXmlAsset: AnimalBed

GAGARIN: Succeded in LoadableXmlAsset: Stool

GAGARIN: Succeded in LoadableXmlAsset: DiningChair

GAGARIN: Succeded in LoadableXmlAsset: Armchair

GAGARIN: Succeded in LoadableXmlAsset: Couch

GAGARIN: Succeded in LoadableXmlAsset: EndTable

GAGARIN: Succeded in LoadableXmlAsset: Table1x2c

GAGARIN: Succeded in LoadableXmlAsset: Table2x2c

GAGARIN: Succeded in LoadableXmlAsset: Table2x4c

GAGARIN: Succeded in LoadableXmlAsset: Table3x3c

GAGARIN: Succeded in LoadableXmlAsset: PlantPot

GAGARIN: Succeded in LoadableXmlAsset: TorchLamp

GAGARIN: Succeded in LoadableXmlAsset: TorchWallLamp

GAGARIN: Succeded in LoadableXmlAsset: StandingLamp

GAGARIN: Succeded in LoadableXmlAsset: SunLamp

GAGARIN: Succeded in LoadableXmlAsset: WallLamp

GAGARIN: Succeded in LoadableXmlAsset: FloodLight

GAGARIN: Succeded in LoadableXmlAsset: Shelf

GAGARIN: Succeded in LoadableXmlAsset: ShelfSmall

GAGARIN: Succeded in LoadableXmlAsset: Bookcase

GAGARIN: Succeded in LoadableXmlAsset: BookcaseSmall

GAGARIN: Succeded in LoadableXmlAsset: Dresser

GAGARIN: Succeded in LoadableXmlAsset: HorseshoesPin

GAGARIN: Succeded in LoadableXmlAsset: HoopstoneRing

GAGARIN: Succeded in LoadableXmlAsset: GameOfUrBoard

GAGARIN: Succeded in LoadableXmlAsset: ChessTable

GAGARIN: Succeded in LoadableXmlAsset: PokerTable

GAGARIN: Succeded in LoadableXmlAsset: BilliardsTable

GAGARIN: Succeded in LoadableXmlAsset: TubeTelevision

GAGARIN: Succeded in LoadableXmlAsset: FlatscreenTelevision

GAGARIN: Succeded in LoadableXmlAsset: MegascreenTelevision

GAGARIN: Succeded in LoadableXmlAsset: Telescope

GAGARIN: Succeded in LoadableXmlAsset: BurningPowerCell

GAGARIN: Succeded in LoadableXmlAsset: Turret_AutoMiniTurret

GAGARIN: Succeded in LoadableXmlAsset: Gun_MiniTurretMech

GAGARIN: Succeded in LoadableXmlAsset: Bullet_MiniSlug

GAGARIN: Succeded in LoadableXmlAsset: Gloomlight

GAGARIN: Succeded in LoadableXmlAsset: Turret_AutoChargeBlaster

GAGARIN: Succeded in LoadableXmlAsset: Gun_ChargeBlasterHeavyTurret

GAGARIN: Succeded in LoadableXmlAsset: Turret_AutoInferno

GAGARIN: Succeded in LoadableXmlAsset: Gun_InfernoCannonTurret

GAGARIN: Succeded in LoadableXmlAsset: Turret_AutoMortar

GAGARIN: Succeded in LoadableXmlAsset: Artillery_AutoMortar

GAGARIN: Succeded in LoadableXmlAsset: EggBox

GAGARIN: Succeded in LoadableXmlAsset: OrbitalTradeBeacon

GAGARIN: Succeded in LoadableXmlAsset: CommsConsole

GAGARIN: Succeded in LoadableXmlAsset: FirefoamPopper

GAGARIN: Succeded in LoadableXmlAsset: MoisturePump

GAGARIN: Succeded in LoadableXmlAsset: GroundPenetratingScanner

GAGARIN: Succeded in LoadableXmlAsset: LongRangeMineralScanner

GAGARIN: Succeded in LoadableXmlAsset: PodLauncher

GAGARIN: Succeded in LoadableXmlAsset: TransportPod

GAGARIN: Succeded in LoadableXmlAsset: MultiAnalyzer

GAGARIN: Succeded in LoadableXmlAsset: VitalsMonitor

GAGARIN: Succeded in LoadableXmlAsset: ToolCabinet

GAGARIN: Succeded in LoadableXmlAsset: Grave

GAGARIN: Succeded in LoadableXmlAsset: Sarcophagus

GAGARIN: Succeded in LoadableXmlAsset: CryptosleepCasket

GAGARIN: Succeded in LoadableXmlAsset: AncientCryptosleepCasket

GAGARIN: Succeded in LoadableXmlAsset: MarriageSpot

GAGARIN: Succeded in LoadableXmlAsset: PartySpot

GAGARIN: Succeded in LoadableXmlAsset: CaravanPackingSpot

GAGARIN: Succeded in LoadableXmlAsset: SteleLarge

GAGARIN: Succeded in LoadableXmlAsset: SteleGrand

GAGARIN: Succeded in LoadableXmlAsset: PenMarker

GAGARIN: Succeded in LoadableXmlAsset: DelayedEffecterSpawner

GAGARIN: Succeded in LoadableXmlAsset: CraterSmall

GAGARIN: Succeded in LoadableXmlAsset: CraterMedium

GAGARIN: Succeded in LoadableXmlAsset: CraterLarge

GAGARIN: Succeded in LoadableXmlAsset: CaveExit

GAGARIN: Succeded in LoadableXmlAsset: UnfinishedMusicalInstrument

GAGARIN: Succeded in LoadableXmlAsset: CollapsedRocks

GAGARIN: Succeded in LoadableXmlAsset: MineableSteel

GAGARIN: Succeded in LoadableXmlAsset: MineableSilver

GAGARIN: Succeded in LoadableXmlAsset: MineableGold

GAGARIN: Succeded in LoadableXmlAsset: MineableUranium

GAGARIN: Succeded in LoadableXmlAsset: MineablePlasteel

GAGARIN: Succeded in LoadableXmlAsset: MineableJade

GAGARIN: Succeded in LoadableXmlAsset: MineableComponentsIndustrial

GAGARIN: Succeded in LoadableXmlAsset: SteamGeyser

GAGARIN: Succeded in LoadableXmlAsset: Hive

GAGARIN: Succeded in LoadableXmlAsset: GlowPod

GAGARIN: Succeded in LoadableXmlAsset: RaisedRocks

GAGARIN: Succeded in LoadableXmlAsset: CocoonMegaspider

GAGARIN: Succeded in LoadableXmlAsset: CocoonMegascarab

GAGARIN: Succeded in LoadableXmlAsset: CocoonSpelopede

GAGARIN: Succeded in LoadableXmlAsset: PowerConduit

GAGARIN: Succeded in LoadableXmlAsset: HiddenConduit

GAGARIN: Succeded in LoadableXmlAsset: WaterproofConduit

GAGARIN: Succeded in LoadableXmlAsset: PowerSwitch

GAGARIN: Succeded in LoadableXmlAsset: WoodFiredGenerator

GAGARIN: Succeded in LoadableXmlAsset: ChemfuelPoweredGenerator

GAGARIN: Succeded in LoadableXmlAsset: WindTurbine

GAGARIN: Succeded in LoadableXmlAsset: Battery

GAGARIN: Succeded in LoadableXmlAsset: SolarGenerator

GAGARIN: Succeded in LoadableXmlAsset: GeothermalGenerator

GAGARIN: Succeded in LoadableXmlAsset: WatermillGenerator

GAGARIN: Succeded in LoadableXmlAsset: CraftingSpot

GAGARIN: Succeded in LoadableXmlAsset: ButcherSpot

GAGARIN: Succeded in LoadableXmlAsset: TableSculpting

GAGARIN: Succeded in LoadableXmlAsset: TableButcher

GAGARIN: Succeded in LoadableXmlAsset: HandTailoringBench

GAGARIN: Succeded in LoadableXmlAsset: ElectricTailoringBench

GAGARIN: Succeded in LoadableXmlAsset: FueledSmithy

GAGARIN: Succeded in LoadableXmlAsset: ElectricSmithy

GAGARIN: Succeded in LoadableXmlAsset: TableMachining

GAGARIN: Succeded in LoadableXmlAsset: ElectricStove

GAGARIN: Succeded in LoadableXmlAsset: FueledStove

GAGARIN: Succeded in LoadableXmlAsset: TableStonecutter

GAGARIN: Succeded in LoadableXmlAsset: Brewery

GAGARIN: Succeded in LoadableXmlAsset: DrugLab

GAGARIN: Succeded in LoadableXmlAsset: ElectricSmelter

GAGARIN: Succeded in LoadableXmlAsset: BiofuelRefinery

GAGARIN: Succeded in LoadableXmlAsset: FabricationBench

GAGARIN: Succeded in LoadableXmlAsset: SimpleResearchBench

GAGARIN: Succeded in LoadableXmlAsset: HiTechResearchBench

GAGARIN: Succeded in LoadableXmlAsset: ElectricCrematorium

GAGARIN: Succeded in LoadableXmlAsset: HydroponicsBasin

GAGARIN: Succeded in LoadableXmlAsset: FermentingBarrel

GAGARIN: Succeded in LoadableXmlAsset: DeepDrill

GAGARIN: Succeded in LoadableXmlAsset: NutrientPasteDispenser

GAGARIN: Succeded in LoadableXmlAsset: Hopper

GAGARIN: Succeded in LoadableXmlAsset: Sandbags

GAGARIN: Succeded in LoadableXmlAsset: Barricade

GAGARIN: Succeded in LoadableXmlAsset: TrapSpike

GAGARIN: Succeded in LoadableXmlAsset: TrapIED_HighExplosive

GAGARIN: Succeded in LoadableXmlAsset: TrapIED_Incendiary

GAGARIN: Succeded in LoadableXmlAsset: TrapIED_EMP

GAGARIN: Succeded in LoadableXmlAsset: TrapIED_Smoke

GAGARIN: Succeded in LoadableXmlAsset: TrapIED_Firefoam

GAGARIN: Succeded in LoadableXmlAsset: TrapIED_AntigrainWarhead

GAGARIN: Succeded in LoadableXmlAsset: Turret_MiniTurret

GAGARIN: Succeded in LoadableXmlAsset: Bullet_MiniTurret

GAGARIN: Succeded in LoadableXmlAsset: Gun_MiniTurret

GAGARIN: Succeded in LoadableXmlAsset: Turret_Autocannon

GAGARIN: Succeded in LoadableXmlAsset: Bullet_AutocannonTurret

GAGARIN: Succeded in LoadableXmlAsset: Gun_AutocannonTurret

GAGARIN: Succeded in LoadableXmlAsset: Turret_Sniper

GAGARIN: Succeded in LoadableXmlAsset: Bullet_TurretSniper

GAGARIN: Succeded in LoadableXmlAsset: Gun_TurretSniper

GAGARIN: Succeded in LoadableXmlAsset: Turret_Mortar

GAGARIN: Succeded in LoadableXmlAsset: Artillery_Mortar

GAGARIN: Succeded in LoadableXmlAsset: Turret_FoamTurret

GAGARIN: Succeded in LoadableXmlAsset: Proj_Foam

GAGARIN: Succeded in LoadableXmlAsset: Gun_TurretFoam

GAGARIN: Succeded in LoadableXmlAsset: Turret_RocketswarmLauncher

GAGARIN: Succeded in LoadableXmlAsset: Proj_Rocket

GAGARIN: Succeded in LoadableXmlAsset: Gun_RocketswarmLauncher

GAGARIN: Succeded in LoadableXmlAsset: Ship_Beam

GAGARIN: Succeded in LoadableXmlAsset: Ship_CryptosleepCasket

GAGARIN: Succeded in LoadableXmlAsset: Ship_ComputerCore

GAGARIN: Succeded in LoadableXmlAsset: Ship_Reactor

GAGARIN: Succeded in LoadableXmlAsset: Ship_Engine

GAGARIN: Succeded in LoadableXmlAsset: Ship_SensorCluster

GAGARIN: Succeded in LoadableXmlAsset: PsychicEmanator

GAGARIN: Succeded in LoadableXmlAsset: VanometricPowerCell

GAGARIN: Succeded in LoadableXmlAsset: InfiniteChemreactor

GAGARIN: Succeded in LoadableXmlAsset: Door

GAGARIN: Succeded in LoadableXmlAsset: Autodoor

GAGARIN: Succeded in LoadableXmlAsset: AnimalFlap

GAGARIN: Succeded in LoadableXmlAsset: OrnateDoor

GAGARIN: Succeded in LoadableXmlAsset: Wall

GAGARIN: Succeded in LoadableXmlAsset: Fence

GAGARIN: Succeded in LoadableXmlAsset: FenceGate

GAGARIN: Succeded in LoadableXmlAsset: Column

GAGARIN: Succeded in LoadableXmlAsset: Campfire

GAGARIN: Succeded in LoadableXmlAsset: PassiveCooler

GAGARIN: Succeded in LoadableXmlAsset: Heater

GAGARIN: Succeded in LoadableXmlAsset: Cooler

GAGARIN: Succeded in LoadableXmlAsset: Vent

GAGARIN: Succeded in LoadableXmlAsset: PsychicAnimalPulser

GAGARIN: Succeded in LoadableXmlAsset: PsychicSoothePulser

GAGARIN: Succeded in LoadableXmlAsset: AIPersonaCore

GAGARIN: Succeded in LoadableXmlAsset: MechSerumHealer

GAGARIN: Succeded in LoadableXmlAsset: AdministerMechSerumHealer

GAGARIN: Succeded in LoadableXmlAsset: MechSerumResurrector

GAGARIN: Succeded in LoadableXmlAsset: TechprofSubpersonaCore

GAGARIN: Succeded in LoadableXmlAsset: ThrumboHorn

GAGARIN: Succeded in LoadableXmlAsset: ElephantTusk

GAGARIN: Succeded in LoadableXmlAsset: MealSurvivalPack

GAGARIN: Succeded in LoadableXmlAsset: MealNutrientPaste

GAGARIN: Succeded in LoadableXmlAsset: MealSimple

GAGARIN: Succeded in LoadableXmlAsset: MealFine

GAGARIN: Succeded in LoadableXmlAsset: MealFine_Veg

GAGARIN: Succeded in LoadableXmlAsset: MealFine_Meat

GAGARIN: Succeded in LoadableXmlAsset: MealLavish

GAGARIN: Succeded in LoadableXmlAsset: MealLavish_Veg

GAGARIN: Succeded in LoadableXmlAsset: MealLavish_Meat

GAGARIN: Succeded in LoadableXmlAsset: Kibble

GAGARIN: Succeded in LoadableXmlAsset: Pemmican

GAGARIN: Succeded in LoadableXmlAsset: Chocolate

GAGARIN: Succeded in LoadableXmlAsset: Milk

GAGARIN: Succeded in LoadableXmlAsset: InsectJelly

GAGARIN: Succeded in LoadableXmlAsset: Skull

GAGARIN: Succeded in LoadableXmlAsset: EggChickenUnfertilized

GAGARIN: Succeded in LoadableXmlAsset: EggChickenFertilized

GAGARIN: Succeded in LoadableXmlAsset: EggCobraFertilized

GAGARIN: Succeded in LoadableXmlAsset: EggCobraUnfertilized

GAGARIN: Succeded in LoadableXmlAsset: EggIguanaFertilized

GAGARIN: Succeded in LoadableXmlAsset: EggIguanaUnfertilized

GAGARIN: Succeded in LoadableXmlAsset: EggTortoiseFertilized

GAGARIN: Succeded in LoadableXmlAsset: EggTortoiseUnfertilized

GAGARIN: Succeded in LoadableXmlAsset: EggCassowaryFertilized

GAGARIN: Succeded in LoadableXmlAsset: EggCassowaryUnfertilized

GAGARIN: Succeded in LoadableXmlAsset: EggEmuFertilized

GAGARIN: Succeded in LoadableXmlAsset: EggEmuUnfertilized

GAGARIN: Succeded in LoadableXmlAsset: EggOstrichFertilized

GAGARIN: Succeded in LoadableXmlAsset: EggOstrichUnfertilized

GAGARIN: Succeded in LoadableXmlAsset: EggTurkeyFertilized

GAGARIN: Succeded in LoadableXmlAsset: EggTurkeyUnfertilized

GAGARIN: Succeded in LoadableXmlAsset: EggDuckUnfertilized

GAGARIN: Succeded in LoadableXmlAsset: EggDuckFertilized

GAGARIN: Succeded in LoadableXmlAsset: EggGooseUnfertilized

GAGARIN: Succeded in LoadableXmlAsset: EggGooseFertilized

GAGARIN: Succeded in LoadableXmlAsset: MedicineHerbal

GAGARIN: Succeded in LoadableXmlAsset: MedicineIndustrial

GAGARIN: Succeded in LoadableXmlAsset: MedicineUltratech

GAGARIN: Succeded in LoadableXmlAsset: ComponentIndustrial

GAGARIN: Succeded in LoadableXmlAsset: ComponentSpacer

GAGARIN: Succeded in LoadableXmlAsset: Neutroamine

GAGARIN: Succeded in LoadableXmlAsset: Chemfuel

GAGARIN: Succeded in LoadableXmlAsset: ReinforcedBarrel

GAGARIN: Succeded in LoadableXmlAsset: RawPotatoes

GAGARIN: Succeded in LoadableXmlAsset: RawFungus

GAGARIN: Succeded in LoadableXmlAsset: RawRice

GAGARIN: Succeded in LoadableXmlAsset: RawAgave

GAGARIN: Succeded in LoadableXmlAsset: RawCorn

GAGARIN: Succeded in LoadableXmlAsset: RawBerries

GAGARIN: Succeded in LoadableXmlAsset: Hay

GAGARIN: Succeded in LoadableXmlAsset: RawHops

GAGARIN: Succeded in LoadableXmlAsset: PsychoidLeaves

GAGARIN: Succeded in LoadableXmlAsset: SmokeleafLeaves

GAGARIN: Succeded in LoadableXmlAsset: Shell_HighExplosive

GAGARIN: Succeded in LoadableXmlAsset: Bullet_Shell_HighExplosive

GAGARIN: Succeded in LoadableXmlAsset: Shell_Incendiary

GAGARIN: Succeded in LoadableXmlAsset: Bullet_Shell_Incendiary

GAGARIN: Succeded in LoadableXmlAsset: Shell_EMP

GAGARIN: Succeded in LoadableXmlAsset: Bullet_Shell_EMP

GAGARIN: Succeded in LoadableXmlAsset: Shell_Smoke

GAGARIN: Succeded in LoadableXmlAsset: Bullet_Shell_Smoke

GAGARIN: Succeded in LoadableXmlAsset: Shell_Firefoam

GAGARIN: Succeded in LoadableXmlAsset: Bullet_Shell_Firefoam

GAGARIN: Succeded in LoadableXmlAsset: Shell_AntigrainWarhead

GAGARIN: Succeded in LoadableXmlAsset: Bullet_Shell_AntigrainWarhead

GAGARIN: Succeded in LoadableXmlAsset: Silver

GAGARIN: Succeded in LoadableXmlAsset: Gold

GAGARIN: Succeded in LoadableXmlAsset: Steel

GAGARIN: Succeded in LoadableXmlAsset: Plasteel

GAGARIN: Succeded in LoadableXmlAsset: WoodLog

GAGARIN: Succeded in LoadableXmlAsset: Uranium

GAGARIN: Succeded in LoadableXmlAsset: Jade

GAGARIN: Succeded in LoadableXmlAsset: Cloth

GAGARIN: Succeded in LoadableXmlAsset: Synthread

GAGARIN: Succeded in LoadableXmlAsset: DevilstrandCloth

GAGARIN: Succeded in LoadableXmlAsset: Hyperweave

GAGARIN: Succeded in LoadableXmlAsset: WoolSheep

GAGARIN: Succeded in LoadableXmlAsset: WoolAlpaca

GAGARIN: Succeded in LoadableXmlAsset: WoolMegasloth

GAGARIN: Succeded in LoadableXmlAsset: WoolMuffalo

GAGARIN: Succeded in LoadableXmlAsset: WoolBison

GAGARIN: Succeded in LoadableXmlAsset: Leather_Plain

GAGARIN: Succeded in LoadableXmlAsset: Leather_Dog

GAGARIN: Succeded in LoadableXmlAsset: Leather_Wolf

GAGARIN: Succeded in LoadableXmlAsset: Leather_Panthera

GAGARIN: Succeded in LoadableXmlAsset: Leather_Camel

GAGARIN: Succeded in LoadableXmlAsset: Leather_Bluefur

GAGARIN: Succeded in LoadableXmlAsset: Leather_Bear

GAGARIN: Succeded in LoadableXmlAsset: Leather_GuineaPig

GAGARIN: Succeded in LoadableXmlAsset: Leather_Human

GAGARIN: Succeded in LoadableXmlAsset: Leather_Pig

GAGARIN: Succeded in LoadableXmlAsset: Leather_Light

GAGARIN: Succeded in LoadableXmlAsset: Leather_Bird

GAGARIN: Succeded in LoadableXmlAsset: Leather_Chinchilla

GAGARIN: Succeded in LoadableXmlAsset: Leather_Fox

GAGARIN: Succeded in LoadableXmlAsset: Leather_Lizard

GAGARIN: Succeded in LoadableXmlAsset: Leather_Elephant

GAGARIN: Succeded in LoadableXmlAsset: Leather_Heavy

GAGARIN: Succeded in LoadableXmlAsset: Leather_Rhinoceros

GAGARIN: Succeded in LoadableXmlAsset: Leather_Thrumbo

GAGARIN: Succeded in LoadableXmlAsset: Leather_Patch

GAGARIN: Succeded in LoadableXmlAsset: UnfinishedSculpture

GAGARIN: Succeded in LoadableXmlAsset: UnfinishedGun

GAGARIN: Succeded in LoadableXmlAsset: UnfinishedWeapon

GAGARIN: Succeded in LoadableXmlAsset: UnfinishedArmor

GAGARIN: Succeded in LoadableXmlAsset: UnfinishedTechArmor

GAGARIN: Succeded in LoadableXmlAsset: UnfinishedMetallicTechArmor

GAGARIN: Succeded in LoadableXmlAsset: UnfinishedApparel

GAGARIN: Succeded in LoadableXmlAsset: UnfinishedBelt

GAGARIN: Succeded in LoadableXmlAsset: UnfinishedPack

GAGARIN: Succeded in LoadableXmlAsset: UnfinishedComponent

GAGARIN: Succeded in LoadableXmlAsset: UnfinishedHealthItemProsthetic

GAGARIN: Succeded in LoadableXmlAsset: UnfinishedHealthItemBionic

GAGARIN: Succeded in LoadableXmlAsset: UnfinishedMask

GAGARIN: Succeded in LoadableXmlAsset: MinifiedThing

GAGARIN: Succeded in LoadableXmlAsset: MinifiedThingRealtimeDraw

GAGARIN: Succeded in LoadableXmlAsset: MinifiedTree

GAGARIN: Succeded in LoadableXmlAsset: Apparel_ShieldBelt

GAGARIN: Succeded in LoadableXmlAsset: Apparel_CowboyHat

GAGARIN: Succeded in LoadableXmlAsset: Apparel_BowlerHat

GAGARIN: Succeded in LoadableXmlAsset: Apparel_TribalHeaddress

GAGARIN: Succeded in LoadableXmlAsset: Apparel_Tuque

GAGARIN: Succeded in LoadableXmlAsset: Apparel_WarMask

GAGARIN: Succeded in LoadableXmlAsset: Apparel_WarVeil

GAGARIN: Succeded in LoadableXmlAsset: Apparel_SimpleHelmet

GAGARIN: Succeded in LoadableXmlAsset: Apparel_AdvancedHelmet

GAGARIN: Succeded in LoadableXmlAsset: Apparel_PowerArmorHelmet

GAGARIN: Succeded in LoadableXmlAsset: Apparel_ArmorHelmetRecon

GAGARIN: Succeded in LoadableXmlAsset: Apparel_PsychicFoilHelmet

GAGARIN: Succeded in LoadableXmlAsset: Apparel_HatHood

GAGARIN: Succeded in LoadableXmlAsset: Apparel_ClothMask

GAGARIN: Succeded in LoadableXmlAsset: Apparel_SmokepopBelt

GAGARIN: Succeded in LoadableXmlAsset: Apparel_FirefoampopPack

GAGARIN: Succeded in LoadableXmlAsset: Apparel_PsychicShockLance

GAGARIN: Succeded in LoadableXmlAsset: Apparel_PsychicInsanityLance

GAGARIN: Succeded in LoadableXmlAsset: Apparel_TribalA

GAGARIN: Succeded in LoadableXmlAsset: Apparel_Parka

GAGARIN: Succeded in LoadableXmlAsset: Apparel_Pants

GAGARIN: Succeded in LoadableXmlAsset: Apparel_BasicShirt

GAGARIN: Succeded in LoadableXmlAsset: Apparel_CollarShirt

GAGARIN: Succeded in LoadableXmlAsset: Apparel_Duster

GAGARIN: Succeded in LoadableXmlAsset: Apparel_Jacket

GAGARIN: Succeded in LoadableXmlAsset: Apparel_PlateArmor

GAGARIN: Succeded in LoadableXmlAsset: Apparel_FlakVest

GAGARIN: Succeded in LoadableXmlAsset: Apparel_FlakPants

GAGARIN: Succeded in LoadableXmlAsset: Apparel_FlakJacket

GAGARIN: Succeded in LoadableXmlAsset: Apparel_PowerArmor

GAGARIN: Succeded in LoadableXmlAsset: Apparel_ArmorRecon

GAGARIN: Succeded in LoadableXmlAsset: Apparel_Cape

GAGARIN: Succeded in LoadableXmlAsset: Apparel_Robe

GAGARIN: Succeded in LoadableXmlAsset: Bombardment

GAGARIN: Succeded in LoadableXmlAsset: Mote_Bombardment_PreImpact

GAGARIN: Succeded in LoadableXmlAsset: PowerBeam

GAGARIN: Succeded in LoadableXmlAsset: SignalAction_Letter

GAGARIN: Succeded in LoadableXmlAsset: SignalAction_Ambush

GAGARIN: Succeded in LoadableXmlAsset: SignalAction_Message

GAGARIN: Succeded in LoadableXmlAsset: SignalAction_SoundOneShot

GAGARIN: Succeded in LoadableXmlAsset: SignalAction_OpenDoor

GAGARIN: Succeded in LoadableXmlAsset: SignalAction_Incident

GAGARIN: Succeded in LoadableXmlAsset: SignalAction_OpenCasket

GAGARIN: Succeded in LoadableXmlAsset: SignalAction_Infestation

GAGARIN: Succeded in LoadableXmlAsset: SignalAction_DormancyWakeUp

GAGARIN: Succeded in LoadableXmlAsset: SignalAction_StartWick

GAGARIN: Succeded in LoadableXmlAsset: SignalAction_Delay

GAGARIN: Succeded in LoadableXmlAsset: DropPodIncoming

GAGARIN: Succeded in LoadableXmlAsset: DropPodIncomingMechanoidRapid

GAGARIN: Succeded in LoadableXmlAsset: DropPodLeaving

GAGARIN: Succeded in LoadableXmlAsset: ShipChunkIncoming

GAGARIN: Succeded in LoadableXmlAsset: ShipChunkIncoming_SmallExplosion

GAGARIN: Succeded in LoadableXmlAsset: CrashedShipPartIncoming

GAGARIN: Succeded in LoadableXmlAsset: MeteoriteIncoming

GAGARIN: Succeded in LoadableXmlAsset: MeteoriteCraterIncoming

GAGARIN: Succeded in LoadableXmlAsset: ShuttleCrashing

GAGARIN: Succeded in LoadableXmlAsset: FlyerArrival

GAGARIN: Succeded in LoadableXmlAsset: FlyerLeaving

GAGARIN: Succeded in LoadableXmlAsset: RectTrigger

GAGARIN: Succeded in LoadableXmlAsset: TriggerUnfogged

GAGARIN: Succeded in LoadableXmlAsset: TriggerContainerEmptied

GAGARIN: Succeded in LoadableXmlAsset: Explosion

GAGARIN: Succeded in LoadableXmlAsset: Blight

GAGARIN: Succeded in LoadableXmlAsset: Tornado

GAGARIN: Succeded in LoadableXmlAsset: TunnelHiveSpawner

GAGARIN: Succeded in LoadableXmlAsset: PawnFlyer

GAGARIN: Succeded in LoadableXmlAsset: RadialTrigger

GAGARIN: Succeded in LoadableXmlAsset: PawnGroundSpawner

GAGARIN: Succeded in LoadableXmlAsset: PawnFlyer_Stun

GAGARIN: Succeded in LoadableXmlAsset: Filth_Dirt

GAGARIN: Succeded in LoadableXmlAsset: Filth_AnimalFilth

GAGARIN: Succeded in LoadableXmlAsset: Filth_Trash

GAGARIN: Succeded in LoadableXmlAsset: Filth_Sand

GAGARIN: Succeded in LoadableXmlAsset: Filth_RubbleRock

GAGARIN: Succeded in LoadableXmlAsset: Filth_RubbleBuilding

GAGARIN: Succeded in LoadableXmlAsset: SlagRubble

GAGARIN: Succeded in LoadableXmlAsset: SandbagRubble

GAGARIN: Succeded in LoadableXmlAsset: Filth_BlastMark

GAGARIN: Succeded in LoadableXmlAsset: Filth_Blood

GAGARIN: Succeded in LoadableXmlAsset: Filth_BloodSmear

GAGARIN: Succeded in LoadableXmlAsset: Filth_BloodInsect

GAGARIN: Succeded in LoadableXmlAsset: Filth_MachineBits

GAGARIN: Succeded in LoadableXmlAsset: Filth_AmnioticFluid

GAGARIN: Succeded in LoadableXmlAsset: Filth_GestationFluid

GAGARIN: Succeded in LoadableXmlAsset: Filth_Slime

GAGARIN: Succeded in LoadableXmlAsset: Filth_Vomit

GAGARIN: Succeded in LoadableXmlAsset: Filth_FireFoam

GAGARIN: Succeded in LoadableXmlAsset: Filth_Fuel

GAGARIN: Succeded in LoadableXmlAsset: Filth_CorpseBile

GAGARIN: Succeded in LoadableXmlAsset: Filth_Ash

GAGARIN: Succeded in LoadableXmlAsset: Filth_Water

GAGARIN: Succeded in LoadableXmlAsset: Filth_Hair

GAGARIN: Succeded in LoadableXmlAsset: Filth_SpentAcid

GAGARIN: Succeded in LoadableXmlAsset: Filth_LooseGround

GAGARIN: Succeded in LoadableXmlAsset: Filth_OilSmear

GAGARIN: Succeded in LoadableXmlAsset: Filth_ScatteredDocuments

GAGARIN: Succeded in LoadableXmlAsset: Filth_MoldyUniform

GAGARIN: Succeded in LoadableXmlAsset: ActiveDropPod

GAGARIN: Succeded in LoadableXmlAsset: ActiveDropPodMechanoid

GAGARIN: Succeded in LoadableXmlAsset: Fire

GAGARIN: Succeded in LoadableXmlAsset: Spark

GAGARIN: Succeded in LoadableXmlAsset: ChunkSlagSteel

GAGARIN: Succeded in LoadableXmlAsset: Sandstone

GAGARIN: Succeded in LoadableXmlAsset: SmoothedSandstone

GAGARIN: Succeded in LoadableXmlAsset: ChunkSandstone

GAGARIN: Succeded in LoadableXmlAsset: BlocksSandstone

GAGARIN: Succeded in LoadableXmlAsset: Make_StoneBlocksSandstone

GAGARIN: Succeded in LoadableXmlAsset: Granite

GAGARIN: Succeded in LoadableXmlAsset: SmoothedGranite

GAGARIN: Succeded in LoadableXmlAsset: ChunkGranite

GAGARIN: Succeded in LoadableXmlAsset: BlocksGranite

GAGARIN: Succeded in LoadableXmlAsset: Make_StoneBlocksGranite

GAGARIN: Succeded in LoadableXmlAsset: Limestone

GAGARIN: Succeded in LoadableXmlAsset: SmoothedLimestone

GAGARIN: Succeded in LoadableXmlAsset: ChunkLimestone

GAGARIN: Succeded in LoadableXmlAsset: BlocksLimestone

GAGARIN: Succeded in LoadableXmlAsset: Make_StoneBlocksLimestone

GAGARIN: Succeded in LoadableXmlAsset: Slate

GAGARIN: Succeded in LoadableXmlAsset: SmoothedSlate

GAGARIN: Succeded in LoadableXmlAsset: ChunkSlate

GAGARIN: Succeded in LoadableXmlAsset: BlocksSlate

GAGARIN: Succeded in LoadableXmlAsset: Make_StoneBlocksSlate

GAGARIN: Succeded in LoadableXmlAsset: Marble

GAGARIN: Succeded in LoadableXmlAsset: SmoothedMarble

GAGARIN: Succeded in LoadableXmlAsset: ChunkMarble

GAGARIN: Succeded in LoadableXmlAsset: BlocksMarble

GAGARIN: Succeded in LoadableXmlAsset: Make_StoneBlocksMarble

GAGARIN: Succeded in LoadableXmlAsset: Glowstool

GAGARIN: Succeded in LoadableXmlAsset: Agarilux

GAGARIN: Succeded in LoadableXmlAsset: Bryolux

GAGARIN: Succeded in LoadableXmlAsset: Plant_Rose

GAGARIN: Succeded in LoadableXmlAsset: Plant_Daylily

GAGARIN: Succeded in LoadableXmlAsset: Plant_Rice

GAGARIN: Succeded in LoadableXmlAsset: Plant_Potato

GAGARIN: Succeded in LoadableXmlAsset: Plant_Corn

GAGARIN: Succeded in LoadableXmlAsset: Plant_Strawberry

GAGARIN: Succeded in LoadableXmlAsset: Plant_Haygrass

GAGARIN: Succeded in LoadableXmlAsset: Plant_Cotton

GAGARIN: Succeded in LoadableXmlAsset: Plant_Devilstrand

GAGARIN: Succeded in LoadableXmlAsset: Plant_Healroot

GAGARIN: Succeded in LoadableXmlAsset: Plant_Hops

GAGARIN: Succeded in LoadableXmlAsset: Plant_Smokeleaf

GAGARIN: Succeded in LoadableXmlAsset: Plant_Psychoid

GAGARIN: Succeded in LoadableXmlAsset: Plant_TreeCocoa

GAGARIN: Succeded in LoadableXmlAsset: BurnedTree

GAGARIN: Succeded in LoadableXmlAsset: ChoppedStump

GAGARIN: Succeded in LoadableXmlAsset: SmashedStump

GAGARIN: Succeded in LoadableXmlAsset: Plant_Ambrosia

GAGARIN: Succeded in LoadableXmlAsset: Plant_Tinctoria

GAGARIN: Succeded in LoadableXmlAsset: Dye

GAGARIN: Succeded in LoadableXmlAsset: Plant_Timbershroom

GAGARIN: Succeded in LoadableXmlAsset: Plant_Agave

GAGARIN: Succeded in LoadableXmlAsset: Plant_PincushionCactus

GAGARIN: Succeded in LoadableXmlAsset: Plant_SaguaroCactus

GAGARIN: Succeded in LoadableXmlAsset: Plant_TreeDrago

GAGARIN: Succeded in LoadableXmlAsset: Plant_Grass

GAGARIN: Succeded in LoadableXmlAsset: Plant_TallGrass

GAGARIN: Succeded in LoadableXmlAsset: Plant_Bush

GAGARIN: Succeded in LoadableXmlAsset: Plant_Brambles

GAGARIN: Succeded in LoadableXmlAsset: Plant_HealrootWild

GAGARIN: Succeded in LoadableXmlAsset: Plant_TreeWillow

GAGARIN: Succeded in LoadableXmlAsset: Plant_TreeCypress

GAGARIN: Succeded in LoadableXmlAsset: Plant_TreeMaple

GAGARIN: Succeded in LoadableXmlAsset: Plant_Chokevine

GAGARIN: Succeded in LoadableXmlAsset: Plant_Dandelion

GAGARIN: Succeded in LoadableXmlAsset: Plant_Astragalus

GAGARIN: Succeded in LoadableXmlAsset: Plant_Moss

GAGARIN: Succeded in LoadableXmlAsset: Plant_Berry

GAGARIN: Succeded in LoadableXmlAsset: Plant_TreeOak

GAGARIN: Succeded in LoadableXmlAsset: Plant_TreePoplar

GAGARIN: Succeded in LoadableXmlAsset: Plant_TreePine

GAGARIN: Succeded in LoadableXmlAsset: Plant_TreeBirch

GAGARIN: Succeded in LoadableXmlAsset: Plant_ShrubLow

GAGARIN: Succeded in LoadableXmlAsset: Plant_Alocasia

GAGARIN: Succeded in LoadableXmlAsset: Plant_Clivia

GAGARIN: Succeded in LoadableXmlAsset: Plant_Rafflesia

GAGARIN: Succeded in LoadableXmlAsset: Plant_TreeTeak

GAGARIN: Succeded in LoadableXmlAsset: Plant_TreeCecropia

GAGARIN: Succeded in LoadableXmlAsset: Plant_TreePalm

GAGARIN: Succeded in LoadableXmlAsset: Plant_TreeBamboo

GAGARIN: Succeded in LoadableXmlAsset: Bear_Grizzly

GAGARIN: Succeded in LoadableXmlAsset: Bear_Grizzly

GAGARIN: Succeded in LoadableXmlAsset: Bear_Polar

GAGARIN: Succeded in LoadableXmlAsset: Bear_Polar

GAGARIN: Succeded in LoadableXmlAsset: Ostrich

GAGARIN: Succeded in LoadableXmlAsset: Ostrich

GAGARIN: Succeded in LoadableXmlAsset: Emu

GAGARIN: Succeded in LoadableXmlAsset: Emu

GAGARIN: Succeded in LoadableXmlAsset: Cassowary

GAGARIN: Succeded in LoadableXmlAsset: Cassowary

GAGARIN: Succeded in LoadableXmlAsset: Cougar

GAGARIN: Succeded in LoadableXmlAsset: Cougar

GAGARIN: Succeded in LoadableXmlAsset: Panther

GAGARIN: Succeded in LoadableXmlAsset: Panther

GAGARIN: Succeded in LoadableXmlAsset: Lynx

GAGARIN: Succeded in LoadableXmlAsset: Lynx

GAGARIN: Succeded in LoadableXmlAsset: Cat

GAGARIN: Succeded in LoadableXmlAsset: Cat

GAGARIN: Succeded in LoadableXmlAsset: YorkshireTerrier

GAGARIN: Succeded in LoadableXmlAsset: YorkshireTerrier

GAGARIN: Succeded in LoadableXmlAsset: GuineaPig

GAGARIN: Succeded in LoadableXmlAsset: GuineaPig

GAGARIN: Succeded in LoadableXmlAsset: LabradorRetriever

GAGARIN: Succeded in LoadableXmlAsset: LabradorRetriever

GAGARIN: Succeded in LoadableXmlAsset: Husky

GAGARIN: Succeded in LoadableXmlAsset: Husky

GAGARIN: Succeded in LoadableXmlAsset: Monkey

GAGARIN: Succeded in LoadableXmlAsset: Monkey

GAGARIN: Succeded in LoadableXmlAsset: Chicken

GAGARIN: Succeded in LoadableXmlAsset: Chicken

GAGARIN: Succeded in LoadableXmlAsset: Duck

GAGARIN: Succeded in LoadableXmlAsset: Duck

GAGARIN: Succeded in LoadableXmlAsset: Turkey

GAGARIN: Succeded in LoadableXmlAsset: Turkey

GAGARIN: Succeded in LoadableXmlAsset: Goose

GAGARIN: Succeded in LoadableXmlAsset: Goose

GAGARIN: Succeded in LoadableXmlAsset: Cow

GAGARIN: Succeded in LoadableXmlAsset: Cow

GAGARIN: Succeded in LoadableXmlAsset: Boomalope

GAGARIN: Succeded in LoadableXmlAsset: Boomalope

GAGARIN: Succeded in LoadableXmlAsset: Muffalo

GAGARIN: Succeded in LoadableXmlAsset: Muffalo

GAGARIN: Succeded in LoadableXmlAsset: Bison

GAGARIN: Succeded in LoadableXmlAsset: Bison

GAGARIN: Succeded in LoadableXmlAsset: Dromedary

GAGARIN: Succeded in LoadableXmlAsset: Dromedary

GAGARIN: Succeded in LoadableXmlAsset: Goat

GAGARIN: Succeded in LoadableXmlAsset: Goat

GAGARIN: Succeded in LoadableXmlAsset: Elk

GAGARIN: Succeded in LoadableXmlAsset: Elk

GAGARIN: Succeded in LoadableXmlAsset: Yak

GAGARIN: Succeded in LoadableXmlAsset: Yak

GAGARIN: Succeded in LoadableXmlAsset: Caribou

GAGARIN: Succeded in LoadableXmlAsset: Caribou

GAGARIN: Succeded in LoadableXmlAsset: Horse

GAGARIN: Succeded in LoadableXmlAsset: Horse

GAGARIN: Succeded in LoadableXmlAsset: Donkey

GAGARIN: Succeded in LoadableXmlAsset: Donkey

GAGARIN: Succeded in LoadableXmlAsset: Elephant

GAGARIN: Succeded in LoadableXmlAsset: Elephant

GAGARIN: Succeded in LoadableXmlAsset: Rhinoceros

GAGARIN: Succeded in LoadableXmlAsset: Rhinoceros

GAGARIN: Succeded in LoadableXmlAsset: Hare

GAGARIN: Succeded in LoadableXmlAsset: Hare

GAGARIN: Succeded in LoadableXmlAsset: Snowhare

GAGARIN: Succeded in LoadableXmlAsset: Snowhare

GAGARIN: Succeded in LoadableXmlAsset: Megascarab

GAGARIN: Succeded in LoadableXmlAsset: Megascarab

GAGARIN: Succeded in LoadableXmlAsset: Spelopede

GAGARIN: Succeded in LoadableXmlAsset: Spelopede

GAGARIN: Succeded in LoadableXmlAsset: Megaspider

GAGARIN: Succeded in LoadableXmlAsset: Megaspider

GAGARIN: Succeded in LoadableXmlAsset: Thrumbo

GAGARIN: Succeded in LoadableXmlAsset: Thrumbo

GAGARIN: Succeded in LoadableXmlAsset: Cobra

GAGARIN: Succeded in LoadableXmlAsset: Cobra

GAGARIN: Succeded in LoadableXmlAsset: Tortoise

GAGARIN: Succeded in LoadableXmlAsset: Tortoise

GAGARIN: Succeded in LoadableXmlAsset: Alphabeaver

GAGARIN: Succeded in LoadableXmlAsset: Alphabeaver

GAGARIN: Succeded in LoadableXmlAsset: Pig

GAGARIN: Succeded in LoadableXmlAsset: Pig

GAGARIN: Succeded in LoadableXmlAsset: WildBoar

GAGARIN: Succeded in LoadableXmlAsset: WildBoar

GAGARIN: Succeded in LoadableXmlAsset: Ibex

GAGARIN: Succeded in LoadableXmlAsset: Ibex

GAGARIN: Succeded in LoadableXmlAsset: Deer

GAGARIN: Succeded in LoadableXmlAsset: Deer

GAGARIN: Succeded in LoadableXmlAsset: Gazelle

GAGARIN: Succeded in LoadableXmlAsset: Gazelle

GAGARIN: Succeded in LoadableXmlAsset: Chinchilla

GAGARIN: Succeded in LoadableXmlAsset: Chinchilla

GAGARIN: Succeded in LoadableXmlAsset: Sheep

GAGARIN: Succeded in LoadableXmlAsset: Sheep

GAGARIN: Succeded in LoadableXmlAsset: Alpaca

GAGARIN: Succeded in LoadableXmlAsset: Alpaca

GAGARIN: Succeded in LoadableXmlAsset: Megasloth

GAGARIN: Succeded in LoadableXmlAsset: Megasloth

GAGARIN: Succeded in LoadableXmlAsset: Capybara

GAGARIN: Succeded in LoadableXmlAsset: Capybara

GAGARIN: Succeded in LoadableXmlAsset: Squirrel

GAGARIN: Succeded in LoadableXmlAsset: Squirrel

GAGARIN: Succeded in LoadableXmlAsset: Rat

GAGARIN: Succeded in LoadableXmlAsset: Rat

GAGARIN: Succeded in LoadableXmlAsset: Boomrat

GAGARIN: Succeded in LoadableXmlAsset: Boomrat

GAGARIN: Succeded in LoadableXmlAsset: Raccoon

GAGARIN: Succeded in LoadableXmlAsset: Raccoon

GAGARIN: Succeded in LoadableXmlAsset: Iguana

GAGARIN: Succeded in LoadableXmlAsset: Iguana

GAGARIN: Succeded in LoadableXmlAsset: Warg

GAGARIN: Succeded in LoadableXmlAsset: Warg

GAGARIN: Succeded in LoadableXmlAsset: Wolf_Timber

GAGARIN: Succeded in LoadableXmlAsset: Wolf_Timber

GAGARIN: Succeded in LoadableXmlAsset: Wolf_Arctic

GAGARIN: Succeded in LoadableXmlAsset: Wolf_Arctic

GAGARIN: Succeded in LoadableXmlAsset: Fox_Fennec

GAGARIN: Succeded in LoadableXmlAsset: Fox_Fennec

GAGARIN: Succeded in LoadableXmlAsset: Fox_Red

GAGARIN: Succeded in LoadableXmlAsset: Fox_Red

GAGARIN: Succeded in LoadableXmlAsset: Fox_Arctic

GAGARIN: Succeded in LoadableXmlAsset: Fox_Arctic

GAGARIN: Succeded in LoadableXmlAsset: Human

GAGARIN: Succeded in LoadableXmlAsset: Mech_CentipedeBlaster

GAGARIN: Succeded in LoadableXmlAsset: Mech_CentipedeBlaster

GAGARIN: Succeded in LoadableXmlAsset: Mech_CentipedeGunner

GAGARIN: Succeded in LoadableXmlAsset: Mech_CentipedeGunner

GAGARIN: Succeded in LoadableXmlAsset: Mech_CentipedeBurner

GAGARIN: Succeded in LoadableXmlAsset: Mech_CentipedeBurner

GAGARIN: Succeded in LoadableXmlAsset: Mech_Lancer

GAGARIN: Succeded in LoadableXmlAsset: Mech_Lancer

GAGARIN: Succeded in LoadableXmlAsset: Mech_Scyther

GAGARIN: Succeded in LoadableXmlAsset: Mech_Scyther

GAGARIN: Succeded in LoadableXmlAsset: Mech_Pikeman

GAGARIN: Succeded in LoadableXmlAsset: Mech_Pikeman

GAGARIN: Succeded in LoadableXmlAsset: Mech_Termite

GAGARIN: Succeded in LoadableXmlAsset: MapGen_DefaultStockpile

GAGARIN: Succeded in LoadableXmlAsset: MapGen_AncientTempleContents

GAGARIN: Succeded in LoadableXmlAsset: MapGen_AncientPodContents

GAGARIN: Succeded in LoadableXmlAsset: MapGen_PrisonCellStockpile

GAGARIN: Succeded in LoadableXmlAsset: MapGen_AncientComplexRoomLoot_Default

GAGARIN: Succeded in LoadableXmlAsset: DebugCaravanInventory

GAGARIN: Succeded in LoadableXmlAsset: DebugQuestDropPodsContents

GAGARIN: Succeded in LoadableXmlAsset: TraderStock

GAGARIN: Succeded in LoadableXmlAsset: ResourcePod

GAGARIN: Succeded in LoadableXmlAsset: RefugeePod

GAGARIN: Succeded in LoadableXmlAsset: Meteorite

GAGARIN: Succeded in LoadableXmlAsset: VisitorGift

GAGARIN: Succeded in LoadableXmlAsset: Reward_ItemsStandard

GAGARIN: Succeded in LoadableXmlAsset: Animal

GAGARIN: Succeded in LoadableXmlAsset: AnimalConstant

GAGARIN: Succeded in LoadableXmlAsset: Humanlike

GAGARIN: Succeded in LoadableXmlAsset: HumanlikeConstant

GAGARIN: Succeded in LoadableXmlAsset: Insect

GAGARIN: Succeded in LoadableXmlAsset: InsectConstant

GAGARIN: Succeded in LoadableXmlAsset: Mechanoid

GAGARIN: Succeded in LoadableXmlAsset: Abilities_Aggressive

GAGARIN: Succeded in LoadableXmlAsset: Abilities_Escape

GAGARIN: Succeded in LoadableXmlAsset: LordDuty

GAGARIN: Succeded in LoadableXmlAsset: LordDutyConstant

GAGARIN: Succeded in LoadableXmlAsset: MainColonistBehaviorCore

GAGARIN: Succeded in LoadableXmlAsset: MainWildManBehaviorCore

GAGARIN: Succeded in LoadableXmlAsset: Downed

GAGARIN: Succeded in LoadableXmlAsset: BurningResponse

GAGARIN: Succeded in LoadableXmlAsset: DigOutIfCannotReachMapEdge

GAGARIN: Succeded in LoadableXmlAsset: MentalStateCritical

GAGARIN: Succeded in LoadableXmlAsset: MentalStateNonCritical

GAGARIN: Succeded in LoadableXmlAsset: LeaveIfWrongSeason

GAGARIN: Succeded in LoadableXmlAsset: LeaveIfStarving

GAGARIN: Succeded in LoadableXmlAsset: SatisfyBasicNeeds

GAGARIN: Succeded in LoadableXmlAsset: SatisfyBasicNeedsAndWork

GAGARIN: Succeded in LoadableXmlAsset: SatisfyVeryUrgentNeeds

GAGARIN: Succeded in LoadableXmlAsset: JoinAutoJoinableCaravan

GAGARIN: Succeded in LoadableXmlAsset: RopedPawn

GAGARIN: Succeded in LoadableXmlAsset: Despawned

GAGARIN: Succeded in LoadableXmlAsset: AnestheticHigh

GAGARIN: Succeded in LoadableXmlAsset: KnowGuestExecuted

GAGARIN: Succeded in LoadableXmlAsset: KnowColonistExecuted

GAGARIN: Succeded in LoadableXmlAsset: KnowPrisonerDiedInnocent

GAGARIN: Succeded in LoadableXmlAsset: KnowColonistDied

GAGARIN: Succeded in LoadableXmlAsset: BondedAnimalDied

GAGARIN: Succeded in LoadableXmlAsset: PawnWithGoodOpinionDied

GAGARIN: Succeded in LoadableXmlAsset: PawnWithBadOpinionDied

GAGARIN: Succeded in LoadableXmlAsset: MySonDied

GAGARIN: Succeded in LoadableXmlAsset: MyDaughterDied

GAGARIN: Succeded in LoadableXmlAsset: MyHusbandDied

GAGARIN: Succeded in LoadableXmlAsset: MyWifeDied

GAGARIN: Succeded in LoadableXmlAsset: MyFianceDied

GAGARIN: Succeded in LoadableXmlAsset: MyFianceeDied

GAGARIN: Succeded in LoadableXmlAsset: MyLoverDied

GAGARIN: Succeded in LoadableXmlAsset: MyBrotherDied

GAGARIN: Succeded in LoadableXmlAsset: MySisterDied

GAGARIN: Succeded in LoadableXmlAsset: MyGrandchildDied

GAGARIN: Succeded in LoadableXmlAsset: MyFatherDied

GAGARIN: Succeded in LoadableXmlAsset: MyMotherDied

GAGARIN: Succeded in LoadableXmlAsset: MyNieceDied

GAGARIN: Succeded in LoadableXmlAsset: MyNephewDied

GAGARIN: Succeded in LoadableXmlAsset: MyHalfSiblingDied

GAGARIN: Succeded in LoadableXmlAsset: MyAuntDied

GAGARIN: Succeded in LoadableXmlAsset: MyUncleDied

GAGARIN: Succeded in LoadableXmlAsset: MyGrandparentDied

GAGARIN: Succeded in LoadableXmlAsset: MyCousinDied

GAGARIN: Succeded in LoadableXmlAsset: MyKinDied

GAGARIN: Succeded in LoadableXmlAsset: DebugBad

GAGARIN: Succeded in LoadableXmlAsset: DebugGood

GAGARIN: Succeded in LoadableXmlAsset: AteLavishMeal

GAGARIN: Succeded in LoadableXmlAsset: AteFineMeal

GAGARIN: Succeded in LoadableXmlAsset: AteRawFood

GAGARIN: Succeded in LoadableXmlAsset: AteKibble

GAGARIN: Succeded in LoadableXmlAsset: AteCorpse

GAGARIN: Succeded in LoadableXmlAsset: AteHumanlikeMeatDirect

GAGARIN: Succeded in LoadableXmlAsset: AteHumanlikeMeatDirectCannibal

GAGARIN: Succeded in LoadableXmlAsset: AteHumanlikeMeatAsIngredient

GAGARIN: Succeded in LoadableXmlAsset: AteHumanlikeMeatAsIngredientCannibal

GAGARIN: Succeded in LoadableXmlAsset: AteInsectMeatDirect

GAGARIN: Succeded in LoadableXmlAsset: AteInsectMeatAsIngredient

GAGARIN: Succeded in LoadableXmlAsset: AteRottenFood

GAGARIN: Succeded in LoadableXmlAsset: GotMarried

GAGARIN: Succeded in LoadableXmlAsset: AttendedWedding

GAGARIN: Succeded in LoadableXmlAsset: AttendedParty

GAGARIN: Succeded in LoadableXmlAsset: AttendedConcert

GAGARIN: Succeded in LoadableXmlAsset: HeldConcert

GAGARIN: Succeded in LoadableXmlAsset: TerribleSpeech

GAGARIN: Succeded in LoadableXmlAsset: UninspiringSpeech

GAGARIN: Succeded in LoadableXmlAsset: EncouragingSpeech

GAGARIN: Succeded in LoadableXmlAsset: InspirationalSpeech

GAGARIN: Succeded in LoadableXmlAsset: ColonistLost

GAGARIN: Succeded in LoadableXmlAsset: BondedAnimalReleased

GAGARIN: Succeded in LoadableXmlAsset: BondedAnimalLost

GAGARIN: Succeded in LoadableXmlAsset: PawnWithGoodOpinionLost

GAGARIN: Succeded in LoadableXmlAsset: PawnWithBadOpinionLost

GAGARIN: Succeded in LoadableXmlAsset: MySonLost

GAGARIN: Succeded in LoadableXmlAsset: MyDaughterLost

GAGARIN: Succeded in LoadableXmlAsset: MyHusbandLost

GAGARIN: Succeded in LoadableXmlAsset: MyWifeLost

GAGARIN: Succeded in LoadableXmlAsset: MyFianceLost

GAGARIN: Succeded in LoadableXmlAsset: MyFianceeLost

GAGARIN: Succeded in LoadableXmlAsset: MyLoverLost

GAGARIN: Succeded in LoadableXmlAsset: MyBrotherLost

GAGARIN: Succeded in LoadableXmlAsset: MySisterLost

GAGARIN: Succeded in LoadableXmlAsset: MyGrandchildLost

GAGARIN: Succeded in LoadableXmlAsset: MyFatherLost

GAGARIN: Succeded in LoadableXmlAsset: MyMotherLost

GAGARIN: Succeded in LoadableXmlAsset: MyNieceLost

GAGARIN: Succeded in LoadableXmlAsset: MyNephewLost

GAGARIN: Succeded in LoadableXmlAsset: MyHalfSiblingLost

GAGARIN: Succeded in LoadableXmlAsset: MyAuntLost

GAGARIN: Succeded in LoadableXmlAsset: MyUncleLost

GAGARIN: Succeded in LoadableXmlAsset: MyGrandparentLost

GAGARIN: Succeded in LoadableXmlAsset: MyCousinLost

GAGARIN: Succeded in LoadableXmlAsset: MyKinLost

GAGARIN: Succeded in LoadableXmlAsset: AteWithoutTable

GAGARIN: Succeded in LoadableXmlAsset: SleepDisturbed

GAGARIN: Succeded in LoadableXmlAsset: NewColonyOptimism

GAGARIN: Succeded in LoadableXmlAsset: NewColonyHope

GAGARIN: Succeded in LoadableXmlAsset: SleptOutside

GAGARIN: Succeded in LoadableXmlAsset: SleptOnGround

GAGARIN: Succeded in LoadableXmlAsset: SleptInCold

GAGARIN: Succeded in LoadableXmlAsset: SleptInHeat

GAGARIN: Succeded in LoadableXmlAsset: KnowPrisonerSold

GAGARIN: Succeded in LoadableXmlAsset: FreedFromSlavery

GAGARIN: Succeded in LoadableXmlAsset: ReleasedHealthyPrisoner

GAGARIN: Succeded in LoadableXmlAsset: HarvestedOrgan_Bloodlust

GAGARIN: Succeded in LoadableXmlAsset: KnowGuestOrganHarvested

GAGARIN: Succeded in LoadableXmlAsset: KnowColonistOrganHarvested

GAGARIN: Succeded in LoadableXmlAsset: MyOrganHarvested

GAGARIN: Succeded in LoadableXmlAsset: WasImprisoned

GAGARIN: Succeded in LoadableXmlAsset: Catharsis

GAGARIN: Succeded in LoadableXmlAsset: Nuzzled

GAGARIN: Succeded in LoadableXmlAsset: KnowBuriedInSarcophagus

GAGARIN: Succeded in LoadableXmlAsset: SoakingWet

GAGARIN: Succeded in LoadableXmlAsset: ButcheredHumanlikeCorpse

GAGARIN: Succeded in LoadableXmlAsset: KnowButcheredHumanlikeCorpse

GAGARIN: Succeded in LoadableXmlAsset: ButcheredHumanlikeCorpseOpinion

GAGARIN: Succeded in LoadableXmlAsset: ObservedLayingCorpse

GAGARIN: Succeded in LoadableXmlAsset: ObservedLayingRottingCorpse

GAGARIN: Succeded in LoadableXmlAsset: WitnessedDeathAlly

GAGARIN: Succeded in LoadableXmlAsset: WitnessedDeathNonAlly

GAGARIN: Succeded in LoadableXmlAsset: WitnessedDeathFamily

GAGARIN: Succeded in LoadableXmlAsset: WitnessedDeathBloodlust

GAGARIN: Succeded in LoadableXmlAsset: KilledHumanlikeBloodlust

GAGARIN: Succeded in LoadableXmlAsset: DefeatedHostileFactionLeader

GAGARIN: Succeded in LoadableXmlAsset: DefeatedHostileFactionLeaderOpinion

GAGARIN: Succeded in LoadableXmlAsset: DefeatedMechCluster

GAGARIN: Succeded in LoadableXmlAsset: DefeatedInsectHive

GAGARIN: Succeded in LoadableXmlAsset: DeniedJoining

GAGARIN: Succeded in LoadableXmlAsset: ColonistBanished

GAGARIN: Succeded in LoadableXmlAsset: ColonistBanishedToDie

GAGARIN: Succeded in LoadableXmlAsset: PrisonerBanishedToDie

GAGARIN: Succeded in LoadableXmlAsset: ColonyPrisonerEscaped

GAGARIN: Succeded in LoadableXmlAsset: BondedAnimalBanished

GAGARIN: Succeded in LoadableXmlAsset: FailedToRescueRelative

GAGARIN: Succeded in LoadableXmlAsset: RescuedRelative

GAGARIN: Succeded in LoadableXmlAsset: Rescued

GAGARIN: Succeded in LoadableXmlAsset: TravelAnticipation

GAGARIN: Succeded in LoadableXmlAsset: PyroUsed

GAGARIN: Succeded in LoadableXmlAsset: OnDuty

GAGARIN: Succeded in LoadableXmlAsset: AteInImpressiveDiningRoom

GAGARIN: Succeded in LoadableXmlAsset: JoyActivityInImpressiveRecRoom

GAGARIN: Succeded in LoadableXmlAsset: SleptInBedroom

GAGARIN: Succeded in LoadableXmlAsset: SleptInBarracks

GAGARIN: Succeded in LoadableXmlAsset: Chitchat

GAGARIN: Succeded in LoadableXmlAsset: DeepTalk

GAGARIN: Succeded in LoadableXmlAsset: Slighted

GAGARIN: Succeded in LoadableXmlAsset: Insulted

GAGARIN: Succeded in LoadableXmlAsset: InsultedMood

GAGARIN: Succeded in LoadableXmlAsset: KindWords

GAGARIN: Succeded in LoadableXmlAsset: KindWordsMood

GAGARIN: Succeded in LoadableXmlAsset: RapportBuilt

GAGARIN: Succeded in LoadableXmlAsset: HadAngeringFight

GAGARIN: Succeded in LoadableXmlAsset: HadCatharticFight

GAGARIN: Succeded in LoadableXmlAsset: HarmedMe

GAGARIN: Succeded in LoadableXmlAsset: BotchedMySurgery

GAGARIN: Succeded in LoadableXmlAsset: RescuedMe

GAGARIN: Succeded in LoadableXmlAsset: RescuedMeByOfferingHelp

GAGARIN: Succeded in LoadableXmlAsset: RecruitedMe

GAGARIN: Succeded in LoadableXmlAsset: CrashedTogether

GAGARIN: Succeded in LoadableXmlAsset: SoldMyLovedOne

GAGARIN: Succeded in LoadableXmlAsset: SoldMyBondedAnimal

GAGARIN: Succeded in LoadableXmlAsset: SoldMyBondedAnimalMood

GAGARIN: Succeded in LoadableXmlAsset: ForcedMeToTakeDrugs

GAGARIN: Succeded in LoadableXmlAsset: ForcedMeToTakeDrugsMood

GAGARIN: Succeded in LoadableXmlAsset: ForcedMeToTakeLuciferium

GAGARIN: Succeded in LoadableXmlAsset: ForcedMeToTakeLuciferiumMood

GAGARIN: Succeded in LoadableXmlAsset: RebuffedMyRomanceAttempt

GAGARIN: Succeded in LoadableXmlAsset: RebuffedMyRomanceAttemptMood

GAGARIN: Succeded in LoadableXmlAsset: FailedRomanceAttemptOnMe

GAGARIN: Succeded in LoadableXmlAsset: FailedRomanceAttemptOnMeLowOpinionMood

GAGARIN: Succeded in LoadableXmlAsset: BrokeUpWithMe

GAGARIN: Succeded in LoadableXmlAsset: BrokeUpWithMeMood

GAGARIN: Succeded in LoadableXmlAsset: CheatedOnMe

GAGARIN: Succeded in LoadableXmlAsset: CheatedOnMeMood

GAGARIN: Succeded in LoadableXmlAsset: DivorcedMe

GAGARIN: Succeded in LoadableXmlAsset: DivorcedMeMood

GAGARIN: Succeded in LoadableXmlAsset: RejectedMyProposal

GAGARIN: Succeded in LoadableXmlAsset: RejectedMyProposalMood

GAGARIN: Succeded in LoadableXmlAsset: IRejectedTheirProposal

GAGARIN: Succeded in LoadableXmlAsset: HoneymoonPhase

GAGARIN: Succeded in LoadableXmlAsset: GotSomeLovin

GAGARIN: Succeded in LoadableXmlAsset: KilledMyFriend

GAGARIN: Succeded in LoadableXmlAsset: KilledMyRival

GAGARIN: Succeded in LoadableXmlAsset: KilledMyLover

GAGARIN: Succeded in LoadableXmlAsset: KilledMyFiance

GAGARIN: Succeded in LoadableXmlAsset: KilledMySpouse

GAGARIN: Succeded in LoadableXmlAsset: KilledMyFather

GAGARIN: Succeded in LoadableXmlAsset: KilledMyMother

GAGARIN: Succeded in LoadableXmlAsset: KilledMySon

GAGARIN: Succeded in LoadableXmlAsset: KilledMyDaughter

GAGARIN: Succeded in LoadableXmlAsset: KilledMyBrother

GAGARIN: Succeded in LoadableXmlAsset: KilledMySister

GAGARIN: Succeded in LoadableXmlAsset: KilledMyKin

GAGARIN: Succeded in LoadableXmlAsset: KilledMyBondedAnimal

GAGARIN: Succeded in LoadableXmlAsset: ArtifactMoodBoost

GAGARIN: Succeded in LoadableXmlAsset: EnvironmentDark

GAGARIN: Succeded in LoadableXmlAsset: ApparelDamaged

GAGARIN: Succeded in LoadableXmlAsset: WrongApparelGender

GAGARIN: Succeded in LoadableXmlAsset: DeadMansApparel

GAGARIN: Succeded in LoadableXmlAsset: HumanLeatherApparelSad

GAGARIN: Succeded in LoadableXmlAsset: HumanLeatherApparelHappy

GAGARIN: Succeded in LoadableXmlAsset: Sick

GAGARIN: Succeded in LoadableXmlAsset: EnvironmentCold

GAGARIN: Succeded in LoadableXmlAsset: EnvironmentHot

GAGARIN: Succeded in LoadableXmlAsset: LoveReading

GAGARIN: Succeded in LoadableXmlAsset: SkillBookPassion

GAGARIN: Succeded in LoadableXmlAsset: NeedFood

GAGARIN: Succeded in LoadableXmlAsset: NeedRest

GAGARIN: Succeded in LoadableXmlAsset: NeedJoy

GAGARIN: Succeded in LoadableXmlAsset: NeedComfort

GAGARIN: Succeded in LoadableXmlAsset: NeedBeauty

GAGARIN: Succeded in LoadableXmlAsset: NeedRoomSize

GAGARIN: Succeded in LoadableXmlAsset: NeedOutdoors

GAGARIN: Succeded in LoadableXmlAsset: NeedIndoors

GAGARIN: Succeded in LoadableXmlAsset: DrugDesireFascination

GAGARIN: Succeded in LoadableXmlAsset: DrugDesireFascinationSatisfied

GAGARIN: Succeded in LoadableXmlAsset: DrugDesireInterest

GAGARIN: Succeded in LoadableXmlAsset: DrugDesireInterestSatisfied

GAGARIN: Succeded in LoadableXmlAsset: PrisonCell

GAGARIN: Succeded in LoadableXmlAsset: PrisonBarracks

GAGARIN: Succeded in LoadableXmlAsset: HospitalPatientRoomStats

GAGARIN: Succeded in LoadableXmlAsset: Affair

GAGARIN: Succeded in LoadableXmlAsset: Incestuous

GAGARIN: Succeded in LoadableXmlAsset: Disfigured

GAGARIN: Succeded in LoadableXmlAsset: HardWorkerVsLazy

GAGARIN: Succeded in LoadableXmlAsset: TeetotalerVsChemicalInterest

GAGARIN: Succeded in LoadableXmlAsset: TeetotalerVsAddict

GAGARIN: Succeded in LoadableXmlAsset: ChemicalInterestVsTeetotaler

GAGARIN: Succeded in LoadableXmlAsset: HoldingMePrisoner

GAGARIN: Succeded in LoadableXmlAsset: Drunk

GAGARIN: Succeded in LoadableXmlAsset: Pretty

GAGARIN: Succeded in LoadableXmlAsset: Ugly

GAGARIN: Succeded in LoadableXmlAsset: AnnoyingVoice

GAGARIN: Succeded in LoadableXmlAsset: CreepyBreathing

GAGARIN: Succeded in LoadableXmlAsset: Man

GAGARIN: Succeded in LoadableXmlAsset: Woman

GAGARIN: Succeded in LoadableXmlAsset: TranshumanistAppreciation

GAGARIN: Succeded in LoadableXmlAsset: BodyPuristDisgust

GAGARIN: Succeded in LoadableXmlAsset: AteRawHumanlikeMeat

GAGARIN: Succeded in LoadableXmlAsset: SoldPrisoner

GAGARIN: Succeded in LoadableXmlAsset: ExecutedPrisoner

GAGARIN: Succeded in LoadableXmlAsset: KilledColonist

GAGARIN: Succeded in LoadableXmlAsset: KilledColonyAnimal

GAGARIN: Succeded in LoadableXmlAsset: OpinionOfMyLover

GAGARIN: Succeded in LoadableXmlAsset: BondedAnimalMaster

GAGARIN: Succeded in LoadableXmlAsset: NotBondedAnimalMaster

GAGARIN: Succeded in LoadableXmlAsset: WantToSleepWithSpouseOrLover

GAGARIN: Succeded in LoadableXmlAsset: SharedBed

GAGARIN: Succeded in LoadableXmlAsset: ColonistLeftUnburied

GAGARIN: Succeded in LoadableXmlAsset: Naked

GAGARIN: Succeded in LoadableXmlAsset: Pain

GAGARIN: Succeded in LoadableXmlAsset: PsychicEmanatorSoothe

GAGARIN: Succeded in LoadableXmlAsset: PsychicDrone

GAGARIN: Succeded in LoadableXmlAsset: Joywire

GAGARIN: Succeded in LoadableXmlAsset: Aurora

GAGARIN: Succeded in LoadableXmlAsset: DoingPassionateWork

GAGARIN: Succeded in LoadableXmlAsset: MissingTongue

GAGARIN: Succeded in LoadableXmlAsset: RotStink

GAGARIN: Succeded in LoadableXmlAsset: RotStinkLingering

GAGARIN: Succeded in LoadableXmlAsset: ToxicFallout

GAGARIN: Succeded in LoadableXmlAsset: MasochistPain

GAGARIN: Succeded in LoadableXmlAsset: ProsthophileNoProsthetic

GAGARIN: Succeded in LoadableXmlAsset: ProsthophileHappy

GAGARIN: Succeded in LoadableXmlAsset: ProsthophobeUnhappy

GAGARIN: Succeded in LoadableXmlAsset: BrawlerUnhappy

GAGARIN: Succeded in LoadableXmlAsset: PyromaniacHappy

GAGARIN: Succeded in LoadableXmlAsset: PyromaniacNearFire

GAGARIN: Succeded in LoadableXmlAsset: ClothedNudist

GAGARIN: Succeded in LoadableXmlAsset: HappyNude

GAGARIN: Succeded in LoadableXmlAsset: UndergrounderIndoors

GAGARIN: Succeded in LoadableXmlAsset: UndergrounderUnderground

GAGARIN: Succeded in LoadableXmlAsset: UndergrounderOutdoors

GAGARIN: Succeded in LoadableXmlAsset: NightOwlDuringTheDay

GAGARIN: Succeded in LoadableXmlAsset: NightOwlDuringTheNight

GAGARIN: Succeded in LoadableXmlAsset: Greedy

GAGARIN: Succeded in LoadableXmlAsset: Jealous

GAGARIN: Succeded in LoadableXmlAsset: Ascetic

GAGARIN: Succeded in LoadableXmlAsset: MoodOffsetSanguine

GAGARIN: Succeded in LoadableXmlAsset: MoodOffsetOptimist

GAGARIN: Succeded in LoadableXmlAsset: MoodOffsetPessimist

GAGARIN: Succeded in LoadableXmlAsset: MoodOffsetDepressive

GAGARIN: Succeded in LoadableXmlAsset: MoodOffsetTorturedArtist

GAGARIN: Succeded in LoadableXmlAsset: Stab

GAGARIN: Succeded in LoadableXmlAsset: Cut

GAGARIN: Succeded in LoadableXmlAsset: Blunt

GAGARIN: Succeded in LoadableXmlAsset: Scratch

GAGARIN: Succeded in LoadableXmlAsset: Poke

GAGARIN: Succeded in LoadableXmlAsset: Bite

GAGARIN: Succeded in LoadableXmlAsset: ToxicBite

GAGARIN: Succeded in LoadableXmlAsset: ScratchToxic

GAGARIN: Succeded in LoadableXmlAsset: KickMaterialInEyes

GAGARIN: Succeded in LoadableXmlAsset: Demolish

GAGARIN: Succeded in LoadableXmlAsset: Base_Neolithic_Standard

GAGARIN: Succeded in LoadableXmlAsset: Base_Outlander_Standard

GAGARIN: Succeded in LoadableXmlAsset: Caravan_Neolithic_BulkGoods

GAGARIN: Succeded in LoadableXmlAsset: Caravan_Neolithic_WarMerchant

GAGARIN: Succeded in LoadableXmlAsset: Caravan_Neolithic_Slaver

GAGARIN: Succeded in LoadableXmlAsset: Caravan_Neolithic_ShamanMerchant

GAGARIN: Succeded in LoadableXmlAsset: Caravan_Outlander_BulkGoods

GAGARIN: Succeded in LoadableXmlAsset: Caravan_Outlander_CombatSupplier

GAGARIN: Succeded in LoadableXmlAsset: Caravan_Outlander_PirateMerchant

GAGARIN: Succeded in LoadableXmlAsset: Caravan_Outlander_Exotic

GAGARIN: Succeded in LoadableXmlAsset: Orbital_BulkGoods

GAGARIN: Succeded in LoadableXmlAsset: Orbital_CombatSupplier

GAGARIN: Succeded in LoadableXmlAsset: Orbital_Exotic

GAGARIN: Succeded in LoadableXmlAsset: Orbital_PirateMerchant

GAGARIN: Succeded in LoadableXmlAsset: Visitor_Neolithic_Standard

GAGARIN: Succeded in LoadableXmlAsset: Visitor_Outlander_Standard

GAGARIN: Succeded in LoadableXmlAsset: Obedience

GAGARIN: Succeded in LoadableXmlAsset: Release

GAGARIN: Succeded in LoadableXmlAsset: Rescue

GAGARIN: Succeded in LoadableXmlAsset: Haul

GAGARIN: Succeded in LoadableXmlAsset: Tameness

GAGARIN: Succeded in LoadableXmlAsset: Nudist

GAGARIN: Succeded in LoadableXmlAsset: Bloodlust

GAGARIN: Succeded in LoadableXmlAsset: Kind

GAGARIN: Succeded in LoadableXmlAsset: Psychopath

GAGARIN: Succeded in LoadableXmlAsset: Cannibal

GAGARIN: Succeded in LoadableXmlAsset: Abrasive

GAGARIN: Succeded in LoadableXmlAsset: TooSmart

GAGARIN: Succeded in LoadableXmlAsset: Brawler

GAGARIN: Succeded in LoadableXmlAsset: Masochist

GAGARIN: Succeded in LoadableXmlAsset: NightOwl

GAGARIN: Succeded in LoadableXmlAsset: Greedy

GAGARIN: Succeded in LoadableXmlAsset: Jealous

GAGARIN: Succeded in LoadableXmlAsset: Ascetic

GAGARIN: Succeded in LoadableXmlAsset: Gay

GAGARIN: Succeded in LoadableXmlAsset: Bisexual

GAGARIN: Succeded in LoadableXmlAsset: Asexual

GAGARIN: Succeded in LoadableXmlAsset: AnnoyingVoice

GAGARIN: Succeded in LoadableXmlAsset: CreepyBreathing

GAGARIN: Succeded in LoadableXmlAsset: Pyromaniac

GAGARIN: Succeded in LoadableXmlAsset: Wimp

GAGARIN: Succeded in LoadableXmlAsset: Nimble

GAGARIN: Succeded in LoadableXmlAsset: FastLearner

GAGARIN: Succeded in LoadableXmlAsset: SlowLearner

GAGARIN: Succeded in LoadableXmlAsset: Undergrounder

GAGARIN: Succeded in LoadableXmlAsset: Transhumanist

GAGARIN: Succeded in LoadableXmlAsset: BodyPurist

GAGARIN: Succeded in LoadableXmlAsset: DislikesMen

GAGARIN: Succeded in LoadableXmlAsset: DislikesWomen

GAGARIN: Succeded in LoadableXmlAsset: GreatMemory

GAGARIN: Succeded in LoadableXmlAsset: Tough

GAGARIN: Succeded in LoadableXmlAsset: TorturedArtist

GAGARIN: Succeded in LoadableXmlAsset: Gourmand

GAGARIN: Succeded in LoadableXmlAsset: QuickSleeper

GAGARIN: Succeded in LoadableXmlAsset: SpeedOffset

GAGARIN: Succeded in LoadableXmlAsset: DrugDesire

GAGARIN: Succeded in LoadableXmlAsset: NaturalMood

GAGARIN: Succeded in LoadableXmlAsset: Nerves

GAGARIN: Succeded in LoadableXmlAsset: Neurotic

GAGARIN: Succeded in LoadableXmlAsset: Industriousness

GAGARIN: Succeded in LoadableXmlAsset: PsychicSensitivity

GAGARIN: Succeded in LoadableXmlAsset: ShootingAccuracy

GAGARIN: Succeded in LoadableXmlAsset: Beauty

GAGARIN: Succeded in LoadableXmlAsset: Immunity

GAGARIN: Succeded in LoadableXmlAsset: WorldCameraMovement

GAGARIN: Succeded in LoadableXmlAsset: ReformCaravan

GAGARIN: Succeded in LoadableXmlAsset: Rescuing

GAGARIN: Succeded in LoadableXmlAsset: Capturing

GAGARIN: Succeded in LoadableXmlAsset: ShieldBelts

GAGARIN: Succeded in LoadableXmlAsset: InteractingWithTraders

GAGARIN: Succeded in LoadableXmlAsset: Drafting

GAGARIN: Succeded in LoadableXmlAsset: GroupGotoHereDragging

GAGARIN: Succeded in LoadableXmlAsset: BuildOrbitalTradeBeacon

GAGARIN: Succeded in LoadableXmlAsset: AnimalsDontAttackDoors

GAGARIN: Succeded in LoadableXmlAsset: BillsTab

GAGARIN: Succeded in LoadableXmlAsset: OpeningComms

GAGARIN: Succeded in LoadableXmlAsset: DrugAddiction

GAGARIN: Succeded in LoadableXmlAsset: DrugPolicies

GAGARIN: Succeded in LoadableXmlAsset: TVForSickPeople

GAGARIN: Succeded in LoadableXmlAsset: PrisonerTab

GAGARIN: Succeded in LoadableXmlAsset: SetGrowingZonePlant

GAGARIN: Succeded in LoadableXmlAsset: DrugBurning

GAGARIN: Succeded in LoadableXmlAsset: DoorOpenSpeed

GAGARIN: Succeded in LoadableXmlAsset: QueueOrders

GAGARIN: Succeded in LoadableXmlAsset: Shelves

GAGARIN: Succeded in LoadableXmlAsset: Books

GAGARIN: Succeded in LoadableXmlAsset: CameraDolly

GAGARIN: Succeded in LoadableXmlAsset: CameraZoom

GAGARIN: Succeded in LoadableXmlAsset: TimeControls

GAGARIN: Succeded in LoadableXmlAsset: Pause

GAGARIN: Succeded in LoadableXmlAsset: Stockpiles

GAGARIN: Succeded in LoadableXmlAsset: Forbidding

GAGARIN: Succeded in LoadableXmlAsset: GrowingFood

GAGARIN: Succeded in LoadableXmlAsset: EquippingWeapons

GAGARIN: Succeded in LoadableXmlAsset: Alerts

GAGARIN: Succeded in LoadableXmlAsset: Mining

GAGARIN: Succeded in LoadableXmlAsset: WorkTab

GAGARIN: Succeded in LoadableXmlAsset: ForbiddingDoors

GAGARIN: Succeded in LoadableXmlAsset: CoverAndShooting

GAGARIN: Succeded in LoadableXmlAsset: FormCaravan

GAGARIN: Succeded in LoadableXmlAsset: AnimalTaming

GAGARIN: Succeded in LoadableXmlAsset: AnimalTraining

GAGARIN: Succeded in LoadableXmlAsset: InfoCard

GAGARIN: Succeded in LoadableXmlAsset: StorageTab

GAGARIN: Succeded in LoadableXmlAsset: HomeArea

GAGARIN: Succeded in LoadableXmlAsset: SpoilageAndFreezers

GAGARIN: Succeded in LoadableXmlAsset: Deterioration

GAGARIN: Succeded in LoadableXmlAsset: HostilityResponse

GAGARIN: Succeded in LoadableXmlAsset: AllowedAreas

GAGARIN: Succeded in LoadableXmlAsset: MedicalOperations

GAGARIN: Succeded in LoadableXmlAsset: TimeAssignments

GAGARIN: Succeded in LoadableXmlAsset: ManualWorkPriorities

GAGARIN: Succeded in LoadableXmlAsset: GettingMoreTraders

GAGARIN: Succeded in LoadableXmlAsset: TileInspector

GAGARIN: Succeded in LoadableXmlAsset: Outfits

GAGARIN: Succeded in LoadableXmlAsset: FirePreparation

GAGARIN: Succeded in LoadableXmlAsset: HistoryTab

GAGARIN: Succeded in LoadableXmlAsset: ClickingMessages

GAGARIN: Succeded in LoadableXmlAsset: ShotAccuracyTooltip

GAGARIN: Succeded in LoadableXmlAsset: FriendlyFireSafety

GAGARIN: Succeded in LoadableXmlAsset: TradeGoodsMustBeNearBeacon

GAGARIN: Succeded in LoadableXmlAsset: ArrestingCreatesEnemies

GAGARIN: Succeded in LoadableXmlAsset: SwitchFlickingDesignation

GAGARIN: Succeded in LoadableXmlAsset: MaxNumberOfPlayerSettlements

GAGARIN: Succeded in LoadableXmlAsset: TradingRequiresPermit

GAGARIN: Succeded in LoadableXmlAsset: SteamDeckControlsMainMenu

GAGARIN: Succeded in LoadableXmlAsset: SteamDeckControlsGame

GAGARIN: Succeded in LoadableXmlAsset: CreateWorldParams

GAGARIN: Succeded in LoadableXmlAsset: ChooseLandingSite

GAGARIN: Succeded in LoadableXmlAsset: ReorderCharacters

GAGARIN: Succeded in LoadableXmlAsset: RandomizeCharacter

GAGARIN: Succeded in LoadableXmlAsset: AcceptStartingPawns

GAGARIN: Succeded in LoadableXmlAsset: MapCameraDolly

GAGARIN: Succeded in LoadableXmlAsset: MapCameraZoom

GAGARIN: Succeded in LoadableXmlAsset: Pause

GAGARIN: Succeded in LoadableXmlAsset: TimeControls

GAGARIN: Succeded in LoadableXmlAsset: MakeStockpile

GAGARIN: Succeded in LoadableXmlAsset: EndStockpileDesignating

GAGARIN: Succeded in LoadableXmlAsset: UnforbidStartingResources

GAGARIN: Succeded in LoadableXmlAsset: BuildRoomWalls

GAGARIN: Succeded in LoadableXmlAsset: BuildRoomDoor

GAGARIN: Succeded in LoadableXmlAsset: BuildBeds

GAGARIN: Succeded in LoadableXmlAsset: BuildTorchLamp

GAGARIN: Succeded in LoadableXmlAsset: BuildAnimalSleepingSpot

GAGARIN: Succeded in LoadableXmlAsset: BuildHorseshoesPin

GAGARIN: Succeded in LoadableXmlAsset: MakeGrowingZone

GAGARIN: Succeded in LoadableXmlAsset: SetToGrowRice

GAGARIN: Succeded in LoadableXmlAsset: EquipWeapons

GAGARIN: Succeded in LoadableXmlAsset: BuildFueledStove

GAGARIN: Succeded in LoadableXmlAsset: AddBillSimpleMeal

GAGARIN: Succeded in LoadableXmlAsset: MineSteel

GAGARIN: Succeded in LoadableXmlAsset: ChopTrees

GAGARIN: Succeded in LoadableXmlAsset: OpenMainTabWork

GAGARIN: Succeded in LoadableXmlAsset: ChangeWorkSettings

GAGARIN: Succeded in LoadableXmlAsset: BuildSimpleResearchBench

GAGARIN: Succeded in LoadableXmlAsset: OpenMainTabResearch

GAGARIN: Succeded in LoadableXmlAsset: SelectResearchProject

GAGARIN: Succeded in LoadableXmlAsset: ExpandAreaHome

GAGARIN: Succeded in LoadableXmlAsset: ExpandAreaBuildRoof

GAGARIN: Succeded in LoadableXmlAsset: BuildSandbags

GAGARIN: Succeded in LoadableXmlAsset: FinishSandbags

GAGARIN: Succeded in LoadableXmlAsset: DownRaider

GAGARIN: Succeded in LoadableXmlAsset: UndraftAll

GAGARIN: Succeded in LoadableXmlAsset: ChooseStoryteller

GAGARIN: Succeded in LoadableXmlAsset: Melee

GAGARIN: Succeded in LoadableXmlAsset: Ranged

GAGARIN: Succeded in LoadableXmlAsset: MeleePiercer

GAGARIN: Succeded in LoadableXmlAsset: MeleeBlunt

GAGARIN: Succeded in LoadableXmlAsset: LongShots

GAGARIN: Succeded in LoadableXmlAsset: ShortShots

GAGARIN: Succeded in LoadableXmlAsset: RangedHeavy

GAGARIN: Succeded in LoadableXmlAsset: RangedLight

GAGARIN: Succeded in LoadableXmlAsset: Neolithic

GAGARIN: Succeded in LoadableXmlAsset: Ultratech

GAGARIN: Succeded in LoadableXmlAsset: Clear

GAGARIN: Succeded in LoadableXmlAsset: Fog

GAGARIN: Succeded in LoadableXmlAsset: Rain

GAGARIN: Succeded in LoadableXmlAsset: DryThunderstorm

GAGARIN: Succeded in LoadableXmlAsset: RainyThunderstorm

GAGARIN: Succeded in LoadableXmlAsset: FoggyRain

GAGARIN: Succeded in LoadableXmlAsset: SnowHard

GAGARIN: Succeded in LoadableXmlAsset: SnowGentle

GAGARIN: Succeded in LoadableXmlAsset: Underground

GAGARIN: Succeded in LoadableXmlAsset: FightFires

GAGARIN: Succeded in LoadableXmlAsset: PatientGoToBedEmergencyTreatment

GAGARIN: Succeded in LoadableXmlAsset: PatientGoToBedTreatment

GAGARIN: Succeded in LoadableXmlAsset: DoctorTendEmergency

GAGARIN: Succeded in LoadableXmlAsset: DoctorTendToHumanlikes

GAGARIN: Succeded in LoadableXmlAsset: DoctorTendToSelf

GAGARIN: Succeded in LoadableXmlAsset: DoctorTendToSelfEmergency

GAGARIN: Succeded in LoadableXmlAsset: DoctorFeedHumanlikes

GAGARIN: Succeded in LoadableXmlAsset: DoBillsMedicalHumanOperation

GAGARIN: Succeded in LoadableXmlAsset: DoctorRescue

GAGARIN: Succeded in LoadableXmlAsset: DoctorTendToAnimals

GAGARIN: Succeded in LoadableXmlAsset: DoctorFeedAnimals

GAGARIN: Succeded in LoadableXmlAsset: DoBillsMedicalAnimalOperation

GAGARIN: Succeded in LoadableXmlAsset: TakeToBedToOperate

GAGARIN: Succeded in LoadableXmlAsset: VisitSickPawn

GAGARIN: Succeded in LoadableXmlAsset: PatientGoToBedRecuperate

GAGARIN: Succeded in LoadableXmlAsset: Flick

GAGARIN: Succeded in LoadableXmlAsset: BasicReleasePrisoner

GAGARIN: Succeded in LoadableXmlAsset: Open

GAGARIN: Succeded in LoadableXmlAsset: EjectFuel

GAGARIN: Succeded in LoadableXmlAsset: ExtractSkull

GAGARIN: Succeded in LoadableXmlAsset: DoExecution

GAGARIN: Succeded in LoadableXmlAsset: ExecuteGuiltyColonist

GAGARIN: Succeded in LoadableXmlAsset: ReleasePrisoner

GAGARIN: Succeded in LoadableXmlAsset: TakePrisonerToBed

GAGARIN: Succeded in LoadableXmlAsset: FeedPrisoner

GAGARIN: Succeded in LoadableXmlAsset: DeliverFoodToPrisoner

GAGARIN: Succeded in LoadableXmlAsset: ChatWithPrisoner

GAGARIN: Succeded in LoadableXmlAsset: TakeRoamingAnimalsToPen

GAGARIN: Succeded in LoadableXmlAsset: HandlingFeedPatientAnimals

GAGARIN: Succeded in LoadableXmlAsset: TakeToPen

GAGARIN: Succeded in LoadableXmlAsset: Slaughter

GAGARIN: Succeded in LoadableXmlAsset: ReleaseToWild

GAGARIN: Succeded in LoadableXmlAsset: Milk

GAGARIN: Succeded in LoadableXmlAsset: Shear

GAGARIN: Succeded in LoadableXmlAsset: Tame

GAGARIN: Succeded in LoadableXmlAsset: Train

GAGARIN: Succeded in LoadableXmlAsset: RebalanceAnimalsInPens

GAGARIN: Succeded in LoadableXmlAsset: DoBillsCook

GAGARIN: Succeded in LoadableXmlAsset: DoBillsCookCampfire

GAGARIN: Succeded in LoadableXmlAsset: DoBillsButcherFlesh

GAGARIN: Succeded in LoadableXmlAsset: CookFillHopper

GAGARIN: Succeded in LoadableXmlAsset: DoBillsBrew

GAGARIN: Succeded in LoadableXmlAsset: HunterHunt

GAGARIN: Succeded in LoadableXmlAsset: FixBrokenDownBuilding

GAGARIN: Succeded in LoadableXmlAsset: Uninstall

GAGARIN: Succeded in LoadableXmlAsset: ExtractTree

GAGARIN: Succeded in LoadableXmlAsset: BuildRoofs

GAGARIN: Succeded in LoadableXmlAsset: RemoveRoofs

GAGARIN: Succeded in LoadableXmlAsset: DeconstructForBlueprint

GAGARIN: Succeded in LoadableXmlAsset: ConstructFinishFrames

GAGARIN: Succeded in LoadableXmlAsset: ConstructDeliverResourcesToFrames

GAGARIN: Succeded in LoadableXmlAsset: ConstructDeliverResourcesToBlueprints

GAGARIN: Succeded in LoadableXmlAsset: Replant

GAGARIN: Succeded in LoadableXmlAsset: FillIn

GAGARIN: Succeded in LoadableXmlAsset: Deconstruct

GAGARIN: Succeded in LoadableXmlAsset: Repair

GAGARIN: Succeded in LoadableXmlAsset: PaintBuilding

GAGARIN: Succeded in LoadableXmlAsset: PaintFloor

GAGARIN: Succeded in LoadableXmlAsset: RemovePaintBuilding

GAGARIN: Succeded in LoadableXmlAsset: RemovePaintFloor

GAGARIN: Succeded in LoadableXmlAsset: ConstructRemoveFloors

GAGARIN: Succeded in LoadableXmlAsset: ConstructRemoveFoundations

GAGARIN: Succeded in LoadableXmlAsset: ConstructSmoothFloors

GAGARIN: Succeded in LoadableXmlAsset: ConstructSmoothWalls

GAGARIN: Succeded in LoadableXmlAsset: GrowerHarvest

GAGARIN: Succeded in LoadableXmlAsset: GrowerSow

GAGARIN: Succeded in LoadableXmlAsset: Mine

GAGARIN: Succeded in LoadableXmlAsset: Drill

GAGARIN: Succeded in LoadableXmlAsset: PlantsCut

GAGARIN: Succeded in LoadableXmlAsset: DoBillsMakeWeapons

GAGARIN: Succeded in LoadableXmlAsset: DoBillsMachiningTable

GAGARIN: Succeded in LoadableXmlAsset: DoBillsFabricationBench

GAGARIN: Succeded in LoadableXmlAsset: DoBillsMakeApparel

GAGARIN: Succeded in LoadableXmlAsset: DoBillsSculpt

GAGARIN: Succeded in LoadableXmlAsset: DoBillsUseCraftingSpot

GAGARIN: Succeded in LoadableXmlAsset: DoBillsRefinery

GAGARIN: Succeded in LoadableXmlAsset: DoBillsProduceDrugs

GAGARIN: Succeded in LoadableXmlAsset: DoBillsStonecut

GAGARIN: Succeded in LoadableXmlAsset: DoBillsSmelter

GAGARIN: Succeded in LoadableXmlAsset: RearmTurrets

GAGARIN: Succeded in LoadableXmlAsset: Refuel

GAGARIN: Succeded in LoadableXmlAsset: UnloadCarriers

GAGARIN: Succeded in LoadableXmlAsset: HelpGatheringItemsForCaravan

GAGARIN: Succeded in LoadableXmlAsset: LoadTransporters

GAGARIN: Succeded in LoadableXmlAsset: HaulToPortal

GAGARIN: Succeded in LoadableXmlAsset: Strip

GAGARIN: Succeded in LoadableXmlAsset: HaulCorpses

GAGARIN: Succeded in LoadableXmlAsset: DoBillsCremate

GAGARIN: Succeded in LoadableXmlAsset: DoBillsHaulCampfire

GAGARIN: Succeded in LoadableXmlAsset: TakeBeerOutOfFermentingBarrel

GAGARIN: Succeded in LoadableXmlAsset: FillFermentingBarrel

GAGARIN: Succeded in LoadableXmlAsset: HaulGeneral

GAGARIN: Succeded in LoadableXmlAsset: DeliverResourcesToFrames

GAGARIN: Succeded in LoadableXmlAsset: DeliverResourcesToBlueprints

GAGARIN: Succeded in LoadableXmlAsset: HaulMerge

GAGARIN: Succeded in LoadableXmlAsset: EmptyEggBox

GAGARIN: Succeded in LoadableXmlAsset: CleanClearSnow

GAGARIN: Succeded in LoadableXmlAsset: CleanFilth

GAGARIN: Succeded in LoadableXmlAsset: Research

GAGARIN: Succeded in LoadableXmlAsset: LongRangeScan

GAGARIN: Succeded in LoadableXmlAsset: GroundPenetratingScan

GAGARIN: Succeded in LoadableXmlAsset: PlantSeed

GAGARIN: Succeded in LoadableXmlAsset: StudyArchotechStructures

GAGARIN: Succeded in LoadableXmlAsset: Hack

GAGARIN: Succeded in LoadableXmlAsset: Firefighter

GAGARIN: Succeded in LoadableXmlAsset: Patient

GAGARIN: Succeded in LoadableXmlAsset: Doctor

GAGARIN: Succeded in LoadableXmlAsset: PatientBedRest

GAGARIN: Succeded in LoadableXmlAsset: BasicWorker

GAGARIN: Succeded in LoadableXmlAsset: Warden

GAGARIN: Succeded in LoadableXmlAsset: Handling

GAGARIN: Succeded in LoadableXmlAsset: Cooking

GAGARIN: Succeded in LoadableXmlAsset: Hunting

GAGARIN: Succeded in LoadableXmlAsset: Construction

GAGARIN: Succeded in LoadableXmlAsset: Growing

GAGARIN: Succeded in LoadableXmlAsset: Mining

GAGARIN: Succeded in LoadableXmlAsset: PlantCutting

GAGARIN: Succeded in LoadableXmlAsset: Smithing

GAGARIN: Succeded in LoadableXmlAsset: Tailoring

GAGARIN: Succeded in LoadableXmlAsset: Art

GAGARIN: Succeded in LoadableXmlAsset: Crafting

GAGARIN: Succeded in LoadableXmlAsset: Hauling

GAGARIN: Succeded in LoadableXmlAsset: Cleaning

GAGARIN: Succeded in LoadableXmlAsset: Research

GAGARIN: Succeded in LoadableXmlAsset: Terrain

GAGARIN: Succeded in LoadableXmlAsset: Tiles

GAGARIN: Succeded in LoadableXmlAsset: Lakes

GAGARIN: Succeded in LoadableXmlAsset: Rivers

GAGARIN: Succeded in LoadableXmlAsset: AncientSites

GAGARIN: Succeded in LoadableXmlAsset: AncientRoads

GAGARIN: Succeded in LoadableXmlAsset: Factions

GAGARIN: Succeded in LoadableXmlAsset: Roads

GAGARIN: Succeded in LoadableXmlAsset: Mutators

GAGARIN: Succeded in LoadableXmlAsset: Features

GAGARIN: Succeded in LoadableXmlAsset: Caravan

GAGARIN: Succeded in LoadableXmlAsset: Settlement

GAGARIN: Succeded in LoadableXmlAsset: AbandonedSettlement

GAGARIN: Succeded in LoadableXmlAsset: DestroyedSettlement

GAGARIN: Succeded in LoadableXmlAsset: EscapeShip

GAGARIN: Succeded in LoadableXmlAsset: AttackedNonPlayerCaravan

GAGARIN: Succeded in LoadableXmlAsset: TravellingTransporters

GAGARIN: Succeded in LoadableXmlAsset: RoutePlannerWaypoint

GAGARIN: Succeded in LoadableXmlAsset: Site

GAGARIN: Succeded in LoadableXmlAsset: PeaceTalks

GAGARIN: Succeded in LoadableXmlAsset: PocketMap

GAGARIN: Succeded in LoadableXmlAsset: Camp

GAGARIN: Succeded in LoadableXmlAsset: AbandonedCamp

GAGARIN: Succeded in LoadableXmlAsset: Debug_Arena

GAGARIN: Succeded in LoadableXmlAsset: SewerKid57

GAGARIN: Succeded in LoadableXmlAsset: NavyScientist52

GAGARIN: Succeded in LoadableXmlAsset: GlitterworldEmpath26

GAGARIN: Succeded in LoadableXmlAsset: GlitterworldSurgeon15

GAGARIN: Succeded in LoadableXmlAsset: Novelist7

GAGARIN: Succeded in LoadableXmlAsset: CharityWorker36

GAGARIN: Succeded in LoadableXmlAsset: GlitterworldOfficer60

GAGARIN: Succeded in LoadableXmlAsset: BiosphereManager95

GAGARIN: Succeded in LoadableXmlAsset: VRDesigner87

GAGARIN: Succeded in LoadableXmlAsset: Architect28

GAGARIN: Succeded in LoadableXmlAsset: Sculptor63

GAGARIN: Succeded in LoadableXmlAsset: MedievalFarmOaf58

GAGARIN: Succeded in LoadableXmlAsset: MedievalLord57

GAGARIN: Succeded in LoadableXmlAsset: MedievalMinstrel95

GAGARIN: Succeded in LoadableXmlAsset: Taster16

GAGARIN: Succeded in LoadableXmlAsset: Blacksmith72

GAGARIN: Succeded in LoadableXmlAsset: MessageCarrier77

GAGARIN: Succeded in LoadableXmlAsset: MedievalDoctor40

GAGARIN: Succeded in LoadableXmlAsset: Herbalist54

GAGARIN: Succeded in LoadableXmlAsset: MedievalSailor97

GAGARIN: Succeded in LoadableXmlAsset: MedievalSlave49

GAGARIN: Succeded in LoadableXmlAsset: MedievalLordling19

GAGARIN: Succeded in LoadableXmlAsset: ConventChild16

GAGARIN: Succeded in LoadableXmlAsset: Policeman45

GAGARIN: Succeded in LoadableXmlAsset: Chef52

GAGARIN: Succeded in LoadableXmlAsset: Housemate8

GAGARIN: Succeded in LoadableXmlAsset: Inventor6

GAGARIN: Succeded in LoadableXmlAsset: Teacher20

GAGARIN: Succeded in LoadableXmlAsset: CivilServant2

GAGARIN: Succeded in LoadableXmlAsset: Bartender62

GAGARIN: Succeded in LoadableXmlAsset: ConceptualArtist39

GAGARIN: Succeded in LoadableXmlAsset: Evangelist39

GAGARIN: Succeded in LoadableXmlAsset: AsceticPriest84

GAGARIN: Succeded in LoadableXmlAsset: EscapedConvict90

GAGARIN: Succeded in LoadableXmlAsset: Nurse61

GAGARIN: Succeded in LoadableXmlAsset: HouseServant63

GAGARIN: Succeded in LoadableXmlAsset: Bodyguard58

GAGARIN: Succeded in LoadableXmlAsset: Mathematician6

GAGARIN: Succeded in LoadableXmlAsset: Paramedic45

GAGARIN: Succeded in LoadableXmlAsset: Gardener99

GAGARIN: Succeded in LoadableXmlAsset: Torturer37

GAGARIN: Succeded in LoadableXmlAsset: Defector78

GAGARIN: Succeded in LoadableXmlAsset: ConstructionEngineer32

GAGARIN: Succeded in LoadableXmlAsset: Rancher43

GAGARIN: Succeded in LoadableXmlAsset: LowWageWorker7

GAGARIN: Succeded in LoadableXmlAsset: Model99

GAGARIN: Succeded in LoadableXmlAsset: Geologist66

GAGARIN: Succeded in LoadableXmlAsset: Jailbird40

GAGARIN: Succeded in LoadableXmlAsset: Actor72

GAGARIN: Succeded in LoadableXmlAsset: Veterinarian99

GAGARIN: Succeded in LoadableXmlAsset: ExplosivesExpert26

GAGARIN: Succeded in LoadableXmlAsset: Counselor26

GAGARIN: Succeded in LoadableXmlAsset: Recruiter14

GAGARIN: Succeded in LoadableXmlAsset: Drifter67

GAGARIN: Succeded in LoadableXmlAsset: MachineCollector55

GAGARIN: Succeded in LoadableXmlAsset: ConArtist80

GAGARIN: Succeded in LoadableXmlAsset: CaveExplorer45

GAGARIN: Succeded in LoadableXmlAsset: QuarryWorker29

GAGARIN: Succeded in LoadableXmlAsset: ContractMiner86

GAGARIN: Succeded in LoadableXmlAsset: Logger95

GAGARIN: Succeded in LoadableXmlAsset: Ranger96

GAGARIN: Succeded in LoadableXmlAsset: Forester96

GAGARIN: Succeded in LoadableXmlAsset: FurnitureBuilder83

GAGARIN: Succeded in LoadableXmlAsset: Hunter89

GAGARIN: Succeded in LoadableXmlAsset: Slaughterer58

GAGARIN: Succeded in LoadableXmlAsset: AnimalFarmer21

GAGARIN: Succeded in LoadableXmlAsset: CropFarmer17

GAGARIN: Succeded in LoadableXmlAsset: CorporateManager76

GAGARIN: Succeded in LoadableXmlAsset: LivestockFarmer8

GAGARIN: Succeded in LoadableXmlAsset: VatgrownSoldier8

GAGARIN: Succeded in LoadableXmlAsset: SicklyChild55

GAGARIN: Succeded in LoadableXmlAsset: FrightenedChild43

GAGARIN: Succeded in LoadableXmlAsset: ComaChild93

GAGARIN: Succeded in LoadableXmlAsset: Pyromaniac18

GAGARIN: Succeded in LoadableXmlAsset: Mute34

GAGARIN: Succeded in LoadableXmlAsset: WarRefugee51

GAGARIN: Succeded in LoadableXmlAsset: MusicalKid86

GAGARIN: Succeded in LoadableXmlAsset: ChildStar74

GAGARIN: Succeded in LoadableXmlAsset: ChildSpy47

GAGARIN: Succeded in LoadableXmlAsset: ShopKid36

GAGARIN: Succeded in LoadableXmlAsset: OrganFarm67

GAGARIN: Succeded in LoadableXmlAsset: MedicalAssistant12

GAGARIN: Succeded in LoadableXmlAsset: CultChild3

GAGARIN: Succeded in LoadableXmlAsset: StoryWriter67

GAGARIN: Succeded in LoadableXmlAsset: FactoryWorker58

GAGARIN: Succeded in LoadableXmlAsset: PsychiatricPatient94

GAGARIN: Succeded in LoadableXmlAsset: HumanComputer83

GAGARIN: Succeded in LoadableXmlAsset: Sheriff52

GAGARIN: Succeded in LoadableXmlAsset: UrbworldEntrepreneur14

GAGARIN: Succeded in LoadableXmlAsset: JoywireArtist8

GAGARIN: Succeded in LoadableXmlAsset: MafiaBoss17

GAGARIN: Succeded in LoadableXmlAsset: UrbworldDrone32

GAGARIN: Succeded in LoadableXmlAsset: UrbworldRebel56

GAGARIN: Succeded in LoadableXmlAsset: CaveworldIlluminator95

GAGARIN: Succeded in LoadableXmlAsset: ColonySettler53

GAGARIN: Succeded in LoadableXmlAsset: DeepSpaceMiner3

GAGARIN: Succeded in LoadableXmlAsset: StarshipJanitor33

GAGARIN: Succeded in LoadableXmlAsset: Castaway57

GAGARIN: Succeded in LoadableXmlAsset: Taxonomist0

GAGARIN: Succeded in LoadableXmlAsset: SpaceTactician28

GAGARIN: Succeded in LoadableXmlAsset: IndustrialOrphan13

GAGARIN: Succeded in LoadableXmlAsset: UrbworldUrchin61

GAGARIN: Succeded in LoadableXmlAsset: TestSubject15

GAGARIN: Succeded in LoadableXmlAsset: WreckageExplorer93

GAGARIN: Succeded in LoadableXmlAsset: ApocalypseSurvivor23

GAGARIN: Succeded in LoadableXmlAsset: CaveworldTender26

GAGARIN: Succeded in LoadableXmlAsset: CaveworldTunneler48

GAGARIN: Succeded in LoadableXmlAsset: Scout44

GAGARIN: Succeded in LoadableXmlAsset: ShelterChild50

GAGARIN: Succeded in LoadableXmlAsset: Hermit82

GAGARIN: Succeded in LoadableXmlAsset: SpacePirate55

GAGARIN: Succeded in LoadableXmlAsset: PitBrawler76

GAGARIN: Succeded in LoadableXmlAsset: IllegalShipwright76

GAGARIN: Succeded in LoadableXmlAsset: Gigolo30

GAGARIN: Succeded in LoadableXmlAsset: SpaceMarine16

GAGARIN: Succeded in LoadableXmlAsset: Assassin20

GAGARIN: Succeded in LoadableXmlAsset: Newborn79

GAGARIN: Succeded in LoadableXmlAsset: Child27

GAGARIN: Succeded in LoadableXmlAsset: ChildTribal

GAGARIN: Succeded in LoadableXmlAsset: ColonyChild59

GAGARIN: Succeded in LoadableXmlAsset: TribeChild19

GAGARIN: Succeded in LoadableXmlAsset: VatgrownChild11

GAGARIN: Succeded in LoadableXmlAsset: Colonist97

GAGARIN: Succeded in LoadableXmlAsset: TribeMember57

GAGARIN: Succeded in LoadableXmlAsset: Hunter74

GAGARIN: Succeded in LoadableXmlAsset: Logger16

GAGARIN: Succeded in LoadableXmlAsset: Gatherer70

GAGARIN: Succeded in LoadableXmlAsset: Digger66

GAGARIN: Succeded in LoadableXmlAsset: Weaver63

GAGARIN: Succeded in LoadableXmlAsset: Framer37

GAGARIN: Succeded in LoadableXmlAsset: StewKeeper95

GAGARIN: Succeded in LoadableXmlAsset: Tamer79

GAGARIN: Succeded in LoadableXmlAsset: Carver1

GAGARIN: Succeded in LoadableXmlAsset: Healer46

GAGARIN: Succeded in LoadableXmlAsset: HearthTender66

GAGARIN: Succeded in LoadableXmlAsset: Warrior94

GAGARIN: Succeded in LoadableXmlAsset: Archer25

GAGARIN: Succeded in LoadableXmlAsset: Brave88

GAGARIN: Succeded in LoadableXmlAsset: Scout59

GAGARIN: Succeded in LoadableXmlAsset: VengefulHunter32

GAGARIN: Succeded in LoadableXmlAsset: MuffaloShaman95

GAGARIN: Succeded in LoadableXmlAsset: LoreKeeper51

GAGARIN: Succeded in LoadableXmlAsset: Loner61

GAGARIN: Succeded in LoadableXmlAsset: Banished68

GAGARIN: Succeded in LoadableXmlAsset: Malingerer28

GAGARIN: Succeded in LoadableXmlAsset: Excavator55

GAGARIN: Succeded in LoadableXmlAsset: Digger31

GAGARIN: Succeded in LoadableXmlAsset: CaveBuilder81

GAGARIN: Succeded in LoadableXmlAsset: TreehouseBuilder86

GAGARIN: Succeded in LoadableXmlAsset: PlankCutter72

GAGARIN: Succeded in LoadableXmlAsset: Herder33

GAGARIN: Succeded in LoadableXmlAsset: Butcher40

GAGARIN: Succeded in LoadableXmlAsset: TribeChild40

GAGARIN: Succeded in LoadableXmlAsset: AbandonedChild23

GAGARIN: Succeded in LoadableXmlAsset: ReclusiveChild81

GAGARIN: Succeded in LoadableXmlAsset: Herder19

GAGARIN: Succeded in LoadableXmlAsset: Scavenger22

GAGARIN: Succeded in LoadableXmlAsset: CaveChild30

GAGARIN: Succeded in LoadableXmlAsset: SoleSurvivor21

GAGARIN: Succeded in LoadableXmlAsset: VengefulChild43

GAGARIN: Succeded in LoadableXmlAsset: FireKeeper44

GAGARIN: Succeded in LoadableXmlAsset: Hideaway7

GAGARIN: Succeded in LoadableXmlAsset: CrashBaby32

GAGARIN: Succeded in LoadableXmlAsset: BuddingArtist44

GAGARIN: Succeded in LoadableXmlAsset: Bully70

GAGARIN: Succeded in LoadableXmlAsset: Bookworm19

GAGARIN: Succeded in LoadableXmlAsset: MadScientist22

GAGARIN: Succeded in LoadableXmlAsset: CivilEngineer2

GAGARIN: Succeded in LoadableXmlAsset: ArmyCook0

GAGARIN: Succeded in LoadableXmlAsset: UrbworldPolitican92

GAGARIN: Succeded in LoadableXmlAsset: GraphicDesigner33

GAGARIN: Succeded in LoadableXmlAsset: SpaceTechnician29

GAGARIN: Succeded in LoadableXmlAsset: DoomsdayPariah18

GAGARIN: Succeded in LoadableXmlAsset: CombatEngineer30

GAGARIN: Succeded in LoadableXmlAsset: MilitaryEngineer45

GAGARIN: Succeded in LoadableXmlAsset: ColiseumFighter22

GAGARIN: Succeded in LoadableXmlAsset: FighterController67

GAGARIN: Succeded in LoadableXmlAsset: FerventResearcher72

GAGARIN: Succeded in LoadableXmlAsset: VengefulExplorer54

GAGARIN: Succeded in LoadableXmlAsset: BanishedSoldier85

GAGARIN: Succeded in LoadableXmlAsset: StalwartFarmer21

GAGARIN: Succeded in LoadableXmlAsset: SpaceResearcher25

GAGARIN: Succeded in LoadableXmlAsset: GeneticScientist66

GAGARIN: Succeded in LoadableXmlAsset: Reporter71

GAGARIN: Succeded in LoadableXmlAsset: PopIdol59

GAGARIN: Succeded in LoadableXmlAsset: UnstableButcher31

GAGARIN: Succeded in LoadableXmlAsset: Archaeologist85

GAGARIN: Succeded in LoadableXmlAsset: PirateKing69

GAGARIN: Succeded in LoadableXmlAsset: MilitaryInventor35

GAGARIN: Succeded in LoadableXmlAsset: EngineeredPilot75

GAGARIN: Succeded in LoadableXmlAsset: BanditLeader74

GAGARIN: Succeded in LoadableXmlAsset: Gigolo68

GAGARIN: Succeded in LoadableXmlAsset: ColonialGovernor78

GAGARIN: Succeded in LoadableXmlAsset: MercenaryChef44

GAGARIN: Succeded in LoadableXmlAsset: CargoPilot58

GAGARIN: Succeded in LoadableXmlAsset: SpaceHumanitarian9

GAGARIN: Succeded in LoadableXmlAsset: ExecutiveOfficer5

GAGARIN: Succeded in LoadableXmlAsset: RugbyPlayer71

GAGARIN: Succeded in LoadableXmlAsset: StateEngineer60

GAGARIN: Succeded in LoadableXmlAsset: CombatNegotiator31

GAGARIN: Succeded in LoadableXmlAsset: SpaceStationCook63

GAGARIN: Succeded in LoadableXmlAsset: SpaceHunter79

GAGARIN: Succeded in LoadableXmlAsset: PoliticalAssassin46

GAGARIN: Succeded in LoadableXmlAsset: AIResearcher94

GAGARIN: Succeded in LoadableXmlAsset: ArmyScientist35

GAGARIN: Succeded in LoadableXmlAsset: FelineScientist76

GAGARIN: Succeded in LoadableXmlAsset: SpaceMarine51

GAGARIN: Succeded in LoadableXmlAsset: Mercenary55

GAGARIN: Succeded in LoadableXmlAsset: Microbiologist12

GAGARIN: Succeded in LoadableXmlAsset: AceFighterPilot54

GAGARIN: Succeded in LoadableXmlAsset: Brigand68

GAGARIN: Succeded in LoadableXmlAsset: Assassin7

GAGARIN: Succeded in LoadableXmlAsset: BusinessGangster58

GAGARIN: Succeded in LoadableXmlAsset: ParamilitaryAgent11

GAGARIN: Succeded in LoadableXmlAsset: Storyteller63

GAGARIN: Succeded in LoadableXmlAsset: InformationBroker77

GAGARIN: Succeded in LoadableXmlAsset: VersatileWorker13

GAGARIN: Succeded in LoadableXmlAsset: TestSubject90

GAGARIN: Succeded in LoadableXmlAsset: AerospaceEngineer44

GAGARIN: Succeded in LoadableXmlAsset: HiredMuscle5

GAGARIN: Succeded in LoadableXmlAsset: AlcoholicTrucker93

GAGARIN: Succeded in LoadableXmlAsset: IntelligenceAgent10

GAGARIN: Succeded in LoadableXmlAsset: WarChief97

GAGARIN: Succeded in LoadableXmlAsset: InvoluntaryHermit38

GAGARIN: Succeded in LoadableXmlAsset: MedicalScientist16

GAGARIN: Succeded in LoadableXmlAsset: VoidRaider74

GAGARIN: Succeded in LoadableXmlAsset: MidworldSailor91

GAGARIN: Succeded in LoadableXmlAsset: CoreworldJeweler19

GAGARIN: Succeded in LoadableXmlAsset: MedievalKnight26

GAGARIN: Succeded in LoadableXmlAsset: StarKnight5

GAGARIN: Succeded in LoadableXmlAsset: TestSubject39

GAGARIN: Succeded in LoadableXmlAsset: GeneticEngineer89

GAGARIN: Succeded in LoadableXmlAsset: NinjaAssassin31

GAGARIN: Succeded in LoadableXmlAsset: LazyProgrammer3

GAGARIN: Succeded in LoadableXmlAsset: MindwipedAssassin50

GAGARIN: Succeded in LoadableXmlAsset: TestSubject92

GAGARIN: Succeded in LoadableXmlAsset: SpaceshipSalesman34

GAGARIN: Succeded in LoadableXmlAsset: AIProgrammer22

GAGARIN: Succeded in LoadableXmlAsset: WhiteHatHacker82

GAGARIN: Succeded in LoadableXmlAsset: VinhoKing98

GAGARIN: Succeded in LoadableXmlAsset: SlaveChemist84

GAGARIN: Succeded in LoadableXmlAsset: RocketEngineer53

GAGARIN: Succeded in LoadableXmlAsset: SpaceMarine19

GAGARIN: Succeded in LoadableXmlAsset: CombatEngineer4

GAGARIN: Succeded in LoadableXmlAsset: PlanetaryDiplomat7

GAGARIN: Succeded in LoadableXmlAsset: Guardian55

GAGARIN: Succeded in LoadableXmlAsset: RenegadeEngineer43

GAGARIN: Succeded in LoadableXmlAsset: Osteologist74

GAGARIN: Succeded in LoadableXmlAsset: Gnomebiologist96

GAGARIN: Succeded in LoadableXmlAsset: CriminalKingpin36

GAGARIN: Succeded in LoadableXmlAsset: UrbworldSexSlave25

GAGARIN: Succeded in LoadableXmlAsset: UrbworldSergeant50

GAGARIN: Succeded in LoadableXmlAsset: SystemLord77

GAGARIN: Succeded in LoadableXmlAsset: HunterOfTheKing53

GAGARIN: Succeded in LoadableXmlAsset: Castaway81

GAGARIN: Succeded in LoadableXmlAsset: EnergyResearcher89

GAGARIN: Succeded in LoadableXmlAsset: BountyHunter93

GAGARIN: Succeded in LoadableXmlAsset: Missionary99

GAGARIN: Succeded in LoadableXmlAsset: MercenaryPilot63

GAGARIN: Succeded in LoadableXmlAsset: LoneTraveler95

GAGARIN: Succeded in LoadableXmlAsset: Undertaker93

GAGARIN: Succeded in LoadableXmlAsset: Mercenary4

GAGARIN: Succeded in LoadableXmlAsset: HiredAssassin37

GAGARIN: Succeded in LoadableXmlAsset: SpaceshipChef41

GAGARIN: Succeded in LoadableXmlAsset: DreadedDude58

GAGARIN: Succeded in LoadableXmlAsset: Engineer40

GAGARIN: Succeded in LoadableXmlAsset: Minister88

GAGARIN: Succeded in LoadableXmlAsset: Pirate56

GAGARIN: Succeded in LoadableXmlAsset: BountyHunter17

GAGARIN: Succeded in LoadableXmlAsset: Spiceminer81

GAGARIN: Succeded in LoadableXmlAsset: CrimeLord10

GAGARIN: Succeded in LoadableXmlAsset: MarbleDoctor99

GAGARIN: Succeded in LoadableXmlAsset: MobHenchman53

GAGARIN: Succeded in LoadableXmlAsset: MechWarVeteran77

GAGARIN: Succeded in LoadableXmlAsset: PoisonGardener29

GAGARIN: Succeded in LoadableXmlAsset: ArtificerRampant95

GAGARIN: Succeded in LoadableXmlAsset: SystemsEngineer1

GAGARIN: Succeded in LoadableXmlAsset: NeuroScientist19

GAGARIN: Succeded in LoadableXmlAsset: PirateCaptain69

GAGARIN: Succeded in LoadableXmlAsset: HedgeFundManager54

GAGARIN: Succeded in LoadableXmlAsset: ComputerEngineer10

GAGARIN: Succeded in LoadableXmlAsset: ExpertHandyman8

GAGARIN: Succeded in LoadableXmlAsset: MedicSoldier54

GAGARIN: Succeded in LoadableXmlAsset: ExiledResearcher44

GAGARIN: Succeded in LoadableXmlAsset: Villain89

GAGARIN: Succeded in LoadableXmlAsset: SpaceNavyDoctor72

GAGARIN: Succeded in LoadableXmlAsset: GovernmentAgent61

GAGARIN: Succeded in LoadableXmlAsset: SelflessHunter61

GAGARIN: Succeded in LoadableXmlAsset: AcolyteOfStars6

GAGARIN: Succeded in LoadableXmlAsset: SpaceRaider71

GAGARIN: Succeded in LoadableXmlAsset: Spy58

GAGARIN: Succeded in LoadableXmlAsset: WanderingHealer52

GAGARIN: Succeded in LoadableXmlAsset: CosmeticReject64

GAGARIN: Succeded in LoadableXmlAsset: RaiderKing38

GAGARIN: Succeded in LoadableXmlAsset: FrontierMarshal27

GAGARIN: Succeded in LoadableXmlAsset: ReligiousHierarch16

GAGARIN: Succeded in LoadableXmlAsset: AnarchistRebel77

GAGARIN: Succeded in LoadableXmlAsset: CriminalSurgeon99

GAGARIN: Succeded in LoadableXmlAsset: SanitationCaptain29

GAGARIN: Succeded in LoadableXmlAsset: OverwatchSniper42

GAGARIN: Succeded in LoadableXmlAsset: Sightseer70

GAGARIN: Succeded in LoadableXmlAsset: GameTester77

GAGARIN: Succeded in LoadableXmlAsset: WanderingCrafter42

GAGARIN: Succeded in LoadableXmlAsset: MutinousCaptain52

GAGARIN: Succeded in LoadableXmlAsset: IntimateAssassin35

GAGARIN: Succeded in LoadableXmlAsset: CorpResearcher93

GAGARIN: Succeded in LoadableXmlAsset: SoleSurvivor85

GAGARIN: Succeded in LoadableXmlAsset: AWOLSoldier49

GAGARIN: Succeded in LoadableXmlAsset: Explorer49

GAGARIN: Succeded in LoadableXmlAsset: StarshipDoctor37

GAGARIN: Succeded in LoadableXmlAsset: BountyHunter41

GAGARIN: Succeded in LoadableXmlAsset: FallenOfficial12

GAGARIN: Succeded in LoadableXmlAsset: OrbitalReservist22

GAGARIN: Succeded in LoadableXmlAsset: ShamanOfShadows47

GAGARIN: Succeded in LoadableXmlAsset: StationSecurity38

GAGARIN: Succeded in LoadableXmlAsset: SpaceTrafficker68

GAGARIN: Succeded in LoadableXmlAsset: PopIdolPirate39

GAGARIN: Succeded in LoadableXmlAsset: Roboticist1

GAGARIN: Succeded in LoadableXmlAsset: Chemist78

GAGARIN: Succeded in LoadableXmlAsset: StalwartFarmer90

GAGARIN: Succeded in LoadableXmlAsset: UrbworldPimp93

GAGARIN: Succeded in LoadableXmlAsset: ParticlePhysicist44

GAGARIN: Succeded in LoadableXmlAsset: DefenseLawyer71

GAGARIN: Succeded in LoadableXmlAsset: Ranger6

GAGARIN: Succeded in LoadableXmlAsset: ClanChief14

GAGARIN: Succeded in LoadableXmlAsset: FactionLeader74

GAGARIN: Succeded in LoadableXmlAsset: ProstheticSurgeon0

GAGARIN: Succeded in LoadableXmlAsset: CorpResearcher71

GAGARIN: Succeded in LoadableXmlAsset: SpaceMarine9

GAGARIN: Succeded in LoadableXmlAsset: TechnologyDoctor35

GAGARIN: Succeded in LoadableXmlAsset: PirateTrooper73

GAGARIN: Succeded in LoadableXmlAsset: CombatMedic82

GAGARIN: Succeded in LoadableXmlAsset: HiredGun70

GAGARIN: Succeded in LoadableXmlAsset: StilettoAssassin34

GAGARIN: Succeded in LoadableXmlAsset: Hunter73

GAGARIN: Succeded in LoadableXmlAsset: BattlefieldTech52

GAGARIN: Succeded in LoadableXmlAsset: MasterTrader65

GAGARIN: Succeded in LoadableXmlAsset: ExoticChef96

GAGARIN: Succeded in LoadableXmlAsset: MadScientist2

GAGARIN: Succeded in LoadableXmlAsset: Warrior73

GAGARIN: Succeded in LoadableXmlAsset: SpaceExplorer53

GAGARIN: Succeded in LoadableXmlAsset: Smuggler23

GAGARIN: Succeded in LoadableXmlAsset: DestroyerGeneral26

GAGARIN: Succeded in LoadableXmlAsset: SerialMurderer47

GAGARIN: Succeded in LoadableXmlAsset: MadScientist31

GAGARIN: Succeded in LoadableXmlAsset: SoftwareDeveloper84

GAGARIN: Succeded in LoadableXmlAsset: HumanTrafficker35

GAGARIN: Succeded in LoadableXmlAsset: MentalPatient69

GAGARIN: Succeded in LoadableXmlAsset: SpaceMarine94

GAGARIN: Succeded in LoadableXmlAsset: EnvoyOfTheStars19

GAGARIN: Succeded in LoadableXmlAsset: Blacksmith7

GAGARIN: Succeded in LoadableXmlAsset: CloneFarmer58

GAGARIN: Succeded in LoadableXmlAsset: GangBoss49

GAGARIN: Succeded in LoadableXmlAsset: LostMarine81

GAGARIN: Succeded in LoadableXmlAsset: Healer35

GAGARIN: Succeded in LoadableXmlAsset: ToasterRepairman22

GAGARIN: Succeded in LoadableXmlAsset: ArchotechSpy75

GAGARIN: Succeded in LoadableXmlAsset: BehaviourResearch74

GAGARIN: Succeded in LoadableXmlAsset: PoliticalActivist20

GAGARIN: Succeded in LoadableXmlAsset: Flaneur30

GAGARIN: Succeded in LoadableXmlAsset: ChiefEngineer62

GAGARIN: Succeded in LoadableXmlAsset: ReptileResearcher37

GAGARIN: Succeded in LoadableXmlAsset: BlacksmithShooter21

GAGARIN: Succeded in LoadableXmlAsset: AddictionCounsel60

GAGARIN: Succeded in LoadableXmlAsset: BloodgameSurvivor6

GAGARIN: Succeded in LoadableXmlAsset: VoidspaceRaider94

GAGARIN: Succeded in LoadableXmlAsset: Vagabond73

GAGARIN: Succeded in LoadableXmlAsset: MachineFixer31

GAGARIN: Succeded in LoadableXmlAsset: SpaceMerchant97

GAGARIN: Succeded in LoadableXmlAsset: BeastSlayer67

GAGARIN: Succeded in LoadableXmlAsset: DrugLieutenant98

GAGARIN: Succeded in LoadableXmlAsset: UrbworldEnforcer11

GAGARIN: Succeded in LoadableXmlAsset: ToolMechanic77

GAGARIN: Succeded in LoadableXmlAsset: CraftShaper37

GAGARIN: Succeded in LoadableXmlAsset: MercenaryLeader28

GAGARIN: Succeded in LoadableXmlAsset: SpecialForces13

GAGARIN: Succeded in LoadableXmlAsset: DromedaryKnight37

GAGARIN: Succeded in LoadableXmlAsset: BattleMechanic27

GAGARIN: Succeded in LoadableXmlAsset: DischargedSoldier53

GAGARIN: Succeded in LoadableXmlAsset: Chemist73

GAGARIN: Succeded in LoadableXmlAsset: SuperSoldier95

GAGARIN: Succeded in LoadableXmlAsset: CorporateBuilder58

GAGARIN: Succeded in LoadableXmlAsset: MechanicsEngineer64

GAGARIN: Succeded in LoadableXmlAsset: PlagueDoctor31

GAGARIN: Succeded in LoadableXmlAsset: NetworkEngineer34

GAGARIN: Succeded in LoadableXmlAsset: ImperialGeneral27

GAGARIN: Succeded in LoadableXmlAsset: Caravaneer53

GAGARIN: Succeded in LoadableXmlAsset: MilitaryGunsmith27

GAGARIN: Succeded in LoadableXmlAsset: Aromatherapist80

GAGARIN: Succeded in LoadableXmlAsset: RebelFighter39

GAGARIN: Succeded in LoadableXmlAsset: Roboticist41

GAGARIN: Succeded in LoadableXmlAsset: PrivateDetective66

GAGARIN: Succeded in LoadableXmlAsset: SpaceBartender0

GAGARIN: Succeded in LoadableXmlAsset: CosmeticSurgeon36

GAGARIN: Succeded in LoadableXmlAsset: UprightDiplomat49

GAGARIN: Succeded in LoadableXmlAsset: VideoProducer83

GAGARIN: Succeded in LoadableXmlAsset: BushSniper94

GAGARIN: Succeded in LoadableXmlAsset: PirateSympathizer24

GAGARIN: Succeded in LoadableXmlAsset: UnethicalDoctor29

GAGARIN: Succeded in LoadableXmlAsset: ShockTrooper15

GAGARIN: Succeded in LoadableXmlAsset: CombatMedtech59

GAGARIN: Succeded in LoadableXmlAsset: WildlifeRanger99

GAGARIN: Succeded in LoadableXmlAsset: TreasureHunter82

GAGARIN: Succeded in LoadableXmlAsset: StarfighterPilot79

GAGARIN: Succeded in LoadableXmlAsset: GangSoldier39

GAGARIN: Succeded in LoadableXmlAsset: SpaceMarine5

GAGARIN: Succeded in LoadableXmlAsset: Adventurer19

GAGARIN: Succeded in LoadableXmlAsset: BloodyWanderer28

GAGARIN: Succeded in LoadableXmlAsset: PirateDoctor0

GAGARIN: Succeded in LoadableXmlAsset: BloodyDentist9

GAGARIN: Succeded in LoadableXmlAsset: MasterChef48

GAGARIN: Succeded in LoadableXmlAsset: Mercenary20

GAGARIN: Succeded in LoadableXmlAsset: ExplorerWriter10

GAGARIN: Succeded in LoadableXmlAsset: MilitiaSoldier79

GAGARIN: Succeded in LoadableXmlAsset: WarshipCaptain67

GAGARIN: Succeded in LoadableXmlAsset: ForestProwler15

GAGARIN: Succeded in LoadableXmlAsset: RunawayDancer35

GAGARIN: Succeded in LoadableXmlAsset: ProstituteIdol28

GAGARIN: Succeded in LoadableXmlAsset: SicklyLawyer49

GAGARIN: Succeded in LoadableXmlAsset: Tinkerer86

GAGARIN: Succeded in LoadableXmlAsset: RocketPioneer19

GAGARIN: Succeded in LoadableXmlAsset: TheaterTechnician80

GAGARIN: Succeded in LoadableXmlAsset: ArmySergeant16

GAGARIN: Succeded in LoadableXmlAsset: StellarPirate10

GAGARIN: Succeded in LoadableXmlAsset: LostSoldier13

GAGARIN: Succeded in LoadableXmlAsset: LanguageAnalyst27

GAGARIN: Succeded in LoadableXmlAsset: PrisonerOfWar2

GAGARIN: Succeded in LoadableXmlAsset: MadAccountant61

GAGARIN: Succeded in LoadableXmlAsset: Politician57

GAGARIN: Succeded in LoadableXmlAsset: Philosopher97

GAGARIN: Succeded in LoadableXmlAsset: AdventurousWeirdo55

GAGARIN: Succeded in LoadableXmlAsset: CasketBuilder52

GAGARIN: Succeded in LoadableXmlAsset: MilitaryOfficer17

GAGARIN: Succeded in LoadableXmlAsset: FearfulChef49

GAGARIN: Succeded in LoadableXmlAsset: MuffaloResearcher67

GAGARIN: Succeded in LoadableXmlAsset: ArtifactHunter48

GAGARIN: Succeded in LoadableXmlAsset: Herpetologist3

GAGARIN: Succeded in LoadableXmlAsset: Fugitive4

GAGARIN: Succeded in LoadableXmlAsset: GunDealer14

GAGARIN: Succeded in LoadableXmlAsset: ColonyEngineer7

GAGARIN: Succeded in LoadableXmlAsset: DeepSpaceSurveyor1

GAGARIN: Succeded in LoadableXmlAsset: CostumeCrafter41

GAGARIN: Succeded in LoadableXmlAsset: Gunfighter51

GAGARIN: Succeded in LoadableXmlAsset: RenownedProfessor51

GAGARIN: Succeded in LoadableXmlAsset: NavyTechOfficer0

GAGARIN: Succeded in LoadableXmlAsset: KingOfPirates25

GAGARIN: Succeded in LoadableXmlAsset: SpaceNavyTech37

GAGARIN: Succeded in LoadableXmlAsset: Defector95

GAGARIN: Succeded in LoadableXmlAsset: SpaceMarineMedic10

GAGARIN: Succeded in LoadableXmlAsset: Technician9

GAGARIN: Succeded in LoadableXmlAsset: MercenaryLord13

GAGARIN: Succeded in LoadableXmlAsset: ShadowMarine63

GAGARIN: Succeded in LoadableXmlAsset: Warlordess56

GAGARIN: Succeded in LoadableXmlAsset: ComputerEngineer36

GAGARIN: Succeded in LoadableXmlAsset: CommonerLord45

GAGARIN: Succeded in LoadableXmlAsset: TournamentFighter28

GAGARIN: Succeded in LoadableXmlAsset: HypnocultLeader61

GAGARIN: Succeded in LoadableXmlAsset: ArtStudent79

GAGARIN: Succeded in LoadableXmlAsset: VengefulNomad67

GAGARIN: Succeded in LoadableXmlAsset: MercenaryCaptain98

GAGARIN: Succeded in LoadableXmlAsset: Restorer70

GAGARIN: Succeded in LoadableXmlAsset: RimworldExile32

GAGARIN: Succeded in LoadableXmlAsset: Streamer52

GAGARIN: Succeded in LoadableXmlAsset: CivilServant25

GAGARIN: Succeded in LoadableXmlAsset: TravelingBard93

GAGARIN: Succeded in LoadableXmlAsset: GameDeveloper95

GAGARIN: Succeded in LoadableXmlAsset: FallenProdigy40

GAGARIN: Succeded in LoadableXmlAsset: FarmKid60

GAGARIN: Succeded in LoadableXmlAsset: FarmerBoy88

GAGARIN: Succeded in LoadableXmlAsset: UrbworldCriminal6

GAGARIN: Succeded in LoadableXmlAsset: OptimisticChild30

GAGARIN: Succeded in LoadableXmlAsset: UrbworldHooligan12

GAGARIN: Succeded in LoadableXmlAsset: IndworldUrchin73

GAGARIN: Succeded in LoadableXmlAsset: ChildScientist30

GAGARIN: Succeded in LoadableXmlAsset: MechanoidNerd10

GAGARIN: Succeded in LoadableXmlAsset: ColiseumCleaner54

GAGARIN: Succeded in LoadableXmlAsset: OfficerCadet25

GAGARIN: Succeded in LoadableXmlAsset: ReclusiveProdigy96

GAGARIN: Succeded in LoadableXmlAsset: WarRefugee96

GAGARIN: Succeded in LoadableXmlAsset: WorkCampSlave37

GAGARIN: Succeded in LoadableXmlAsset: DisciplinedFarmer28

GAGARIN: Succeded in LoadableXmlAsset: VoyagerChild94

GAGARIN: Succeded in LoadableXmlAsset: VatgrownMedic53

GAGARIN: Succeded in LoadableXmlAsset: CoreDilettante33

GAGARIN: Succeded in LoadableXmlAsset: AspiringPopIdol28

GAGARIN: Succeded in LoadableXmlAsset: FarmBoy64

GAGARIN: Succeded in LoadableXmlAsset: LogicalChild2

GAGARIN: Succeded in LoadableXmlAsset: StationWhelp94

GAGARIN: Succeded in LoadableXmlAsset: ConstructionGrunt84

GAGARIN: Succeded in LoadableXmlAsset: StudentEngineer34

GAGARIN: Succeded in LoadableXmlAsset: StreetKid19

GAGARIN: Succeded in LoadableXmlAsset: PizzaLover94

GAGARIN: Succeded in LoadableXmlAsset: FrontierMarshal54

GAGARIN: Succeded in LoadableXmlAsset: MercenaryRecruit36

GAGARIN: Succeded in LoadableXmlAsset: AbandonedChild30

GAGARIN: Succeded in LoadableXmlAsset: TradersChild62

GAGARIN: Succeded in LoadableXmlAsset: CorpStudent95

GAGARIN: Succeded in LoadableXmlAsset: VRAddict29

GAGARIN: Succeded in LoadableXmlAsset: Nerd92

GAGARIN: Succeded in LoadableXmlAsset: RebelSlave14

GAGARIN: Succeded in LoadableXmlAsset: MedievalPlower14

GAGARIN: Succeded in LoadableXmlAsset: SonOfAHuntress75

GAGARIN: Succeded in LoadableXmlAsset: StudentSocialite89

GAGARIN: Succeded in LoadableXmlAsset: AwkwardNerd48

GAGARIN: Succeded in LoadableXmlAsset: MidworldGeek18

GAGARIN: Succeded in LoadableXmlAsset: CatHerder4

GAGARIN: Succeded in LoadableXmlAsset: Scavenger62

GAGARIN: Succeded in LoadableXmlAsset: VatgrownAssassin20

GAGARIN: Succeded in LoadableXmlAsset: UrbworldChild56

GAGARIN: Succeded in LoadableXmlAsset: StarforceCadet79

GAGARIN: Succeded in LoadableXmlAsset: Stableboy49

GAGARIN: Succeded in LoadableXmlAsset: ArtfulDodger78

GAGARIN: Succeded in LoadableXmlAsset: Pickpocket82

GAGARIN: Succeded in LoadableXmlAsset: DisasterSurvivor65

GAGARIN: Succeded in LoadableXmlAsset: HistoryStudent12

GAGARIN: Succeded in LoadableXmlAsset: NobleWard61

GAGARIN: Succeded in LoadableXmlAsset: FeralChild96

GAGARIN: Succeded in LoadableXmlAsset: SpoiledChild33

GAGARIN: Succeded in LoadableXmlAsset: AmateurEngineer3

GAGARIN: Succeded in LoadableXmlAsset: StreetUrchin45

GAGARIN: Succeded in LoadableXmlAsset: WildChild5

GAGARIN: Succeded in LoadableXmlAsset: HackerProdigy84

GAGARIN: Succeded in LoadableXmlAsset: MadScientist47

GAGARIN: Succeded in LoadableXmlAsset: YouthDelinquent30

GAGARIN: Succeded in LoadableXmlAsset: HillbillyProdigy60

GAGARIN: Succeded in LoadableXmlAsset: UrbworldUrchin90

GAGARIN: Succeded in LoadableXmlAsset: MidworldSketcher71

GAGARIN: Succeded in LoadableXmlAsset: CoreworldStudent50

GAGARIN: Succeded in LoadableXmlAsset: MedievalSquire5

GAGARIN: Succeded in LoadableXmlAsset: StarSquire9

GAGARIN: Succeded in LoadableXmlAsset: DrugMule80

GAGARIN: Succeded in LoadableXmlAsset: ArtisanFarmer23

GAGARIN: Succeded in LoadableXmlAsset: Pampered87

GAGARIN: Succeded in LoadableXmlAsset: MilitaryChild82

GAGARIN: Succeded in LoadableXmlAsset: GangMember83

GAGARIN: Succeded in LoadableXmlAsset: TestSubject82

GAGARIN: Succeded in LoadableXmlAsset: FireScarredChild1

GAGARIN: Succeded in LoadableXmlAsset: TechEnthusiast28

GAGARIN: Succeded in LoadableXmlAsset: DiplomatsChild97

GAGARIN: Succeded in LoadableXmlAsset: Winerunner8

GAGARIN: Succeded in LoadableXmlAsset: StreetChild4

GAGARIN: Succeded in LoadableXmlAsset: SlaveFarmer99

GAGARIN: Succeded in LoadableXmlAsset: MedievalSlave50

GAGARIN: Succeded in LoadableXmlAsset: FoundryApprentice76

GAGARIN: Succeded in LoadableXmlAsset: PrivilegedProdigy70

GAGARIN: Succeded in LoadableXmlAsset: PrivilegedChild86

GAGARIN: Succeded in LoadableXmlAsset: ChildProdigy76

GAGARIN: Succeded in LoadableXmlAsset: BoneCollector14

GAGARIN: Succeded in LoadableXmlAsset: GNomeSculptor34

GAGARIN: Succeded in LoadableXmlAsset: CircusPerformer37

GAGARIN: Succeded in LoadableXmlAsset: VatgrownSlavegirl8

GAGARIN: Succeded in LoadableXmlAsset: GunKid30

GAGARIN: Succeded in LoadableXmlAsset: FeudalLordling56

GAGARIN: Succeded in LoadableXmlAsset: FeudalFarmBoy0

GAGARIN: Succeded in LoadableXmlAsset: SpaceFanboy22

GAGARIN: Succeded in LoadableXmlAsset: GlitterworldNerd20

GAGARIN: Succeded in LoadableXmlAsset: WarChild24

GAGARIN: Succeded in LoadableXmlAsset: UpperUrbworlder12

GAGARIN: Succeded in LoadableXmlAsset: IdealisticCadet64

GAGARIN: Succeded in LoadableXmlAsset: ChildOfGlass61

GAGARIN: Succeded in LoadableXmlAsset: AmateurBotanist79

GAGARIN: Succeded in LoadableXmlAsset: ChildSlave58

GAGARIN: Succeded in LoadableXmlAsset: AdventuringChild30

GAGARIN: Succeded in LoadableXmlAsset: VideoGamer55

GAGARIN: Succeded in LoadableXmlAsset: DreadedBaby56

GAGARIN: Succeded in LoadableXmlAsset: Tinkerer79

GAGARIN: Succeded in LoadableXmlAsset: DisplacedNoble67

GAGARIN: Succeded in LoadableXmlAsset: ChessMaster67

GAGARIN: Succeded in LoadableXmlAsset: Orphan15

GAGARIN: Succeded in LoadableXmlAsset: Straggler71

GAGARIN: Succeded in LoadableXmlAsset: BrutalThief59

GAGARIN: Succeded in LoadableXmlAsset: BoySoldier14

GAGARIN: Succeded in LoadableXmlAsset: ApocalypseChild23

GAGARIN: Succeded in LoadableXmlAsset: OrphanOfWar60

GAGARIN: Succeded in LoadableXmlAsset: ImperialStudent49

GAGARIN: Succeded in LoadableXmlAsset: PowerMadScholar30

GAGARIN: Succeded in LoadableXmlAsset: TechHead8

GAGARIN: Succeded in LoadableXmlAsset: Orphan25

GAGARIN: Succeded in LoadableXmlAsset: Abductee43

GAGARIN: Succeded in LoadableXmlAsset: BlackjackPlayer76

GAGARIN: Succeded in LoadableXmlAsset: AcademyStudent58

GAGARIN: Succeded in LoadableXmlAsset: AspiringEngineer58

GAGARIN: Succeded in LoadableXmlAsset: MedicalStudent96

GAGARIN: Succeded in LoadableXmlAsset: HighBaroness37

GAGARIN: Succeded in LoadableXmlAsset: WorldSlider42

GAGARIN: Succeded in LoadableXmlAsset: MedicalStudent38

GAGARIN: Succeded in LoadableXmlAsset: AspergersRebel13

GAGARIN: Succeded in LoadableXmlAsset: ShootingComa59

GAGARIN: Succeded in LoadableXmlAsset: PsychologyStudent15

GAGARIN: Succeded in LoadableXmlAsset: SpaceSmuggler6

GAGARIN: Succeded in LoadableXmlAsset: Abductee7

GAGARIN: Succeded in LoadableXmlAsset: BlessedChild46

GAGARIN: Succeded in LoadableXmlAsset: GlitterworldKid85

GAGARIN: Succeded in LoadableXmlAsset: FeralChild85

GAGARIN: Succeded in LoadableXmlAsset: Scout6

GAGARIN: Succeded in LoadableXmlAsset: TraineeAlchemist64

GAGARIN: Succeded in LoadableXmlAsset: MilitaryCadet16

GAGARIN: Succeded in LoadableXmlAsset: Pickpocket61

GAGARIN: Succeded in LoadableXmlAsset: SpaceCadet77

GAGARIN: Succeded in LoadableXmlAsset: Naturalist14

GAGARIN: Succeded in LoadableXmlAsset: Drudge9

GAGARIN: Succeded in LoadableXmlAsset: BunkerKid41

GAGARIN: Succeded in LoadableXmlAsset: ChildOfDrifters18

GAGARIN: Succeded in LoadableXmlAsset: TribalThunderer45

GAGARIN: Succeded in LoadableXmlAsset: Gymnast48

GAGARIN: Succeded in LoadableXmlAsset: CorpBredStudent54

GAGARIN: Succeded in LoadableXmlAsset: Colonist22

GAGARIN: Succeded in LoadableXmlAsset: MilitaryTrainee20

GAGARIN: Succeded in LoadableXmlAsset: Bookworm3

GAGARIN: Succeded in LoadableXmlAsset: ColonyKid47

GAGARIN: Succeded in LoadableXmlAsset: CaravanChild53

GAGARIN: Succeded in LoadableXmlAsset: ReEducatedYouth23

GAGARIN: Succeded in LoadableXmlAsset: FarmMechanic1

GAGARIN: Succeded in LoadableXmlAsset: AccursedChild88

GAGARIN: Succeded in LoadableXmlAsset: AmateurAstronomer77

GAGARIN: Succeded in LoadableXmlAsset: FarmHand2

GAGARIN: Succeded in LoadableXmlAsset: EnergeticPopIdol61

GAGARIN: Succeded in LoadableXmlAsset: IcePlanetChild95

GAGARIN: Succeded in LoadableXmlAsset: Scrounger25

GAGARIN: Succeded in LoadableXmlAsset: ToxicChild96

GAGARIN: Succeded in LoadableXmlAsset: BoyScout42

GAGARIN: Succeded in LoadableXmlAsset: ScienceProdigy65

GAGARIN: Succeded in LoadableXmlAsset: SpeederRacer71

GAGARIN: Succeded in LoadableXmlAsset: MercenaryRecruit18

GAGARIN: Succeded in LoadableXmlAsset: MarineCadet73

GAGARIN: Succeded in LoadableXmlAsset: YoungPsychologist58

GAGARIN: Succeded in LoadableXmlAsset: Tinkerer11

GAGARIN: Succeded in LoadableXmlAsset: LabGrownChild22

GAGARIN: Succeded in LoadableXmlAsset: Orphan11

GAGARIN: Succeded in LoadableXmlAsset: TechScholar75

GAGARIN: Succeded in LoadableXmlAsset: PitGladiator19

GAGARIN: Succeded in LoadableXmlAsset: FactoryDrone58

GAGARIN: Succeded in LoadableXmlAsset: RichBoy9

GAGARIN: Succeded in LoadableXmlAsset: Athlete47

GAGARIN: Succeded in LoadableXmlAsset: SoleSurvivor63

GAGARIN: Succeded in LoadableXmlAsset: MechanoidHacker93

GAGARIN: Succeded in LoadableXmlAsset: ProjectSubject99

GAGARIN: Succeded in LoadableXmlAsset: HexCellArtist91

GAGARIN: Succeded in LoadableXmlAsset: PlagueProdigy12

GAGARIN: Succeded in LoadableXmlAsset: PoorKid18

GAGARIN: Succeded in LoadableXmlAsset: Dreamer79

GAGARIN: Succeded in LoadableXmlAsset: UrbworldUrchin6

GAGARIN: Succeded in LoadableXmlAsset: MilitaryRecruit49

GAGARIN: Succeded in LoadableXmlAsset: StreetUrchin53

GAGARIN: Succeded in LoadableXmlAsset: KidScientist53

GAGARIN: Succeded in LoadableXmlAsset: HelpDeskWorker31

GAGARIN: Succeded in LoadableXmlAsset: MedievalThief74

GAGARIN: Succeded in LoadableXmlAsset: TraumatizedYouth87

GAGARIN: Succeded in LoadableXmlAsset: YouthSoldier99

GAGARIN: Succeded in LoadableXmlAsset: GalacticPage37

GAGARIN: Succeded in LoadableXmlAsset: ApprenticeSmith37

GAGARIN: Succeded in LoadableXmlAsset: CloneFarmed21

GAGARIN: Succeded in LoadableXmlAsset: GangMember16

GAGARIN: Succeded in LoadableXmlAsset: MilitantChild49

GAGARIN: Succeded in LoadableXmlAsset: Killer41

GAGARIN: Succeded in LoadableXmlAsset: ProfessionalGamer76

GAGARIN: Succeded in LoadableXmlAsset: DataDecoder39

GAGARIN: Succeded in LoadableXmlAsset: WolfPackMember26

GAGARIN: Succeded in LoadableXmlAsset: RebelStudent14

GAGARIN: Succeded in LoadableXmlAsset: Cadet96

GAGARIN: Succeded in LoadableXmlAsset: ShipTechnician0

GAGARIN: Succeded in LoadableXmlAsset: FarmersDaughter81

GAGARIN: Succeded in LoadableXmlAsset: BlacksmithsSon73

GAGARIN: Succeded in LoadableXmlAsset: JoywireAddict76

GAGARIN: Succeded in LoadableXmlAsset: ChildKnave69

GAGARIN: Succeded in LoadableXmlAsset: WastelandWanderer81

GAGARIN: Succeded in LoadableXmlAsset: SocialPariah3

GAGARIN: Succeded in LoadableXmlAsset: PyroAssistant82

GAGARIN: Succeded in LoadableXmlAsset: StreetUrchin74

GAGARIN: Succeded in LoadableXmlAsset: RitualChild20

GAGARIN: Succeded in LoadableXmlAsset: BrothelGofer84

GAGARIN: Succeded in LoadableXmlAsset: LaborCampOrphan91

GAGARIN: Succeded in LoadableXmlAsset: GameFanatic86

GAGARIN: Succeded in LoadableXmlAsset: ClassClown96

GAGARIN: Succeded in LoadableXmlAsset: CrimeBossChild39

GAGARIN: Succeded in LoadableXmlAsset: SentimentalChild55

GAGARIN: Succeded in LoadableXmlAsset: DustyFarmHand75

GAGARIN: Succeded in LoadableXmlAsset: HackerKid98

GAGARIN: Succeded in LoadableXmlAsset: VideoGamer16

GAGARIN: Succeded in LoadableXmlAsset: Student65

GAGARIN: Succeded in LoadableXmlAsset: SuperSoldier99

GAGARIN: Succeded in LoadableXmlAsset: HeadjackAddict4

GAGARIN: Succeded in LoadableXmlAsset: UrbworldArmyBrat84

GAGARIN: Succeded in LoadableXmlAsset: PlagueChild44

GAGARIN: Succeded in LoadableXmlAsset: TechnicalKid1

GAGARIN: Succeded in LoadableXmlAsset: YoungMaster23

GAGARIN: Succeded in LoadableXmlAsset: CaravanTraveler6

GAGARIN: Succeded in LoadableXmlAsset: MidworldLoner80

GAGARIN: Succeded in LoadableXmlAsset: JungleKid35

GAGARIN: Succeded in LoadableXmlAsset: FarmersSon20

GAGARIN: Succeded in LoadableXmlAsset: WealthyStudent59

GAGARIN: Succeded in LoadableXmlAsset: StreetPeddler66

GAGARIN: Succeded in LoadableXmlAsset: BodyguardTrainee54

GAGARIN: Succeded in LoadableXmlAsset: SpoiledChild80

GAGARIN: Succeded in LoadableXmlAsset: Philosopher82

GAGARIN: Succeded in LoadableXmlAsset: CaveChild17

GAGARIN: Succeded in LoadableXmlAsset: RangerChild57

GAGARIN: Succeded in LoadableXmlAsset: GlitterworldRoyal24

GAGARIN: Succeded in LoadableXmlAsset: PlagueSurvivor39

GAGARIN: Succeded in LoadableXmlAsset: OffworldRecruit91

GAGARIN: Succeded in LoadableXmlAsset: ProdigalStudent67

GAGARIN: Succeded in LoadableXmlAsset: AnimalCaretaker20

GAGARIN: Succeded in LoadableXmlAsset: AdventurousYouth70

GAGARIN: Succeded in LoadableXmlAsset: PilotFan16

GAGARIN: Succeded in LoadableXmlAsset: MedicalHelper27

GAGARIN: Succeded in LoadableXmlAsset: CountryChild95

GAGARIN: Succeded in LoadableXmlAsset: RebelWriter82

GAGARIN: Succeded in LoadableXmlAsset: ExiledPrince58

GAGARIN: Succeded in LoadableXmlAsset: NewAgeDuelist27

GAGARIN: Succeded in LoadableXmlAsset: SpoiledBrat59

GAGARIN: Succeded in LoadableXmlAsset: CowFarmer39

GAGARIN: Succeded in LoadableXmlAsset: DiscardedYouth93

GAGARIN: Succeded in LoadableXmlAsset: DisasterSurvivor29

GAGARIN: Succeded in LoadableXmlAsset: RebelChild8

GAGARIN: Succeded in LoadableXmlAsset: MidworldCadet83

GAGARIN: Succeded in LoadableXmlAsset: ForestChild83

GAGARIN: Succeded in LoadableXmlAsset: VatgrownScientist91

GAGARIN: Succeded in LoadableXmlAsset: MusicIdol50

GAGARIN: Succeded in LoadableXmlAsset: SicklyLiar3

GAGARIN: Succeded in LoadableXmlAsset: IceworldSurvivor75

GAGARIN: Succeded in LoadableXmlAsset: TragicLoner87

GAGARIN: Succeded in LoadableXmlAsset: SchoolyardOutcast11

GAGARIN: Succeded in LoadableXmlAsset: AntisocialChild83

GAGARIN: Succeded in LoadableXmlAsset: YoungPirate71

GAGARIN: Succeded in LoadableXmlAsset: SoldierExperiment50

GAGARIN: Succeded in LoadableXmlAsset: DedicatedStudent12

GAGARIN: Succeded in LoadableXmlAsset: Infantry99

GAGARIN: Succeded in LoadableXmlAsset: AngryStudent88

GAGARIN: Succeded in LoadableXmlAsset: TransferStudent10

GAGARIN: Succeded in LoadableXmlAsset: DesertRat47

GAGARIN: Succeded in LoadableXmlAsset: ArtisticWeirdo56

GAGARIN: Succeded in LoadableXmlAsset: ApprenticeOracle83

GAGARIN: Succeded in LoadableXmlAsset: JunkyardMechanic51

GAGARIN: Succeded in LoadableXmlAsset: Empath47

GAGARIN: Succeded in LoadableXmlAsset: AnimalLabTech39

GAGARIN: Succeded in LoadableXmlAsset: ShipChild46

GAGARIN: Succeded in LoadableXmlAsset: PetKeeper7

GAGARIN: Succeded in LoadableXmlAsset: ChildResearcher32

GAGARIN: Succeded in LoadableXmlAsset: VidtubeStar98

GAGARIN: Succeded in LoadableXmlAsset: CorporateSlave22

GAGARIN: Succeded in LoadableXmlAsset: AspiringPhysicist47

GAGARIN: Succeded in LoadableXmlAsset: QuietNerd97

GAGARIN: Succeded in LoadableXmlAsset: SpacerOrphan77

GAGARIN: Succeded in LoadableXmlAsset: SmallTownKid41

GAGARIN: Succeded in LoadableXmlAsset: SteamworldTinker38

GAGARIN: Succeded in LoadableXmlAsset: AbandonedOrphan61

GAGARIN: Succeded in LoadableXmlAsset: SpaceNerd97

GAGARIN: Succeded in LoadableXmlAsset: ChildSpy84

GAGARIN: Succeded in LoadableXmlAsset: TurtleHerder41

GAGARIN: Succeded in LoadableXmlAsset: ComputerGeek62

GAGARIN: Succeded in LoadableXmlAsset: Freethinker38

GAGARIN: Succeded in LoadableXmlAsset: NavyPathfinder53

GAGARIN: Succeded in LoadableXmlAsset: HunterScavenger64

GAGARIN: Succeded in LoadableXmlAsset: Computer80

GAGARIN: Succeded in LoadableXmlAsset: CommonerHeir5

GAGARIN: Succeded in LoadableXmlAsset: RebelliousStudent74

GAGARIN: Succeded in LoadableXmlAsset: SpaceyachtPilot89

GAGARIN: Succeded in LoadableXmlAsset: ShunnedGirl30

GAGARIN: Succeded in LoadableXmlAsset: MedievalNomad12

GAGARIN: Succeded in LoadableXmlAsset: OrphanedAcrobat84

GAGARIN: Succeded in LoadableXmlAsset: CuriousChild33

GAGARIN: Succeded in LoadableXmlAsset: StewardsAssisant28

GAGARIN: Succeded in LoadableXmlAsset: MonkeyChild67

GAGARIN: Succeded in LoadableXmlAsset: OldMoneyHeir46

GAGARIN: Succeded in LoadableXmlAsset: MusicalKid14

GAGARIN: Succeded in LoadableXmlAsset: Punk30

GAGARIN: Succeded in LoadableXmlAsset: TynanCustomChildhood

GAGARIN: Succeded in LoadableXmlAsset: TynanCustomAdulthood

GAGARIN: Succeded in LoadableXmlAsset: JoeCustomChildhood

GAGARIN: Succeded in LoadableXmlAsset: JoeCustomAdulthood

GAGARIN: Succeded in LoadableXmlAsset: LiamCustomChildhood

GAGARIN: Succeded in LoadableXmlAsset: LiamCustomAdulthood

GAGARIN: Succeded in LoadableXmlAsset: CynapseCustomChildhood

GAGARIN: Succeded in LoadableXmlAsset: CynapseCustomAdulthood

GAGARIN: Succeded in LoadableXmlAsset: OskarCustomChildhood

GAGARIN: Succeded in LoadableXmlAsset: OskarCustomAdulthood

GAGARIN: Succeded in LoadableXmlAsset: WillCustomChildhood

GAGARIN: Succeded in LoadableXmlAsset: WillCustomAdulthood

GAGARIN: Succeded in LoadableXmlAsset: MateCustomChildhood

GAGARIN: Succeded in LoadableXmlAsset: MateCustomAdulthood

GAGARIN: Succeded in LoadableXmlAsset: NathanCustomChildhood

GAGARIN: Succeded in LoadableXmlAsset: NathanCustomAdulthood

GAGARIN: Succeded in LoadableXmlAsset: FeyCustomChildhood

GAGARIN: Succeded in LoadableXmlAsset: FeyCustomAdulthood

GAGARIN: Succeded in LoadableXmlAsset: ArchotechEye

GAGARIN: Succeded in LoadableXmlAsset: ArchotechEye

GAGARIN: Succeded in LoadableXmlAsset: InstallArchotechEye

GAGARIN: Succeded in LoadableXmlAsset: ArchotechArm

GAGARIN: Succeded in LoadableXmlAsset: ArchotechArm

GAGARIN: Succeded in LoadableXmlAsset: InstallArchotechArm

GAGARIN: Succeded in LoadableXmlAsset: ArchotechLeg

GAGARIN: Succeded in LoadableXmlAsset: ArchotechLeg

GAGARIN: Succeded in LoadableXmlAsset: InstallArchotechLeg

GAGARIN: Succeded in LoadableXmlAsset: BionicEye

GAGARIN: Succeded in LoadableXmlAsset: BionicEye

GAGARIN: Succeded in LoadableXmlAsset: InstallBionicEye

GAGARIN: Succeded in LoadableXmlAsset: BionicArm

GAGARIN: Succeded in LoadableXmlAsset: BionicArm

GAGARIN: Succeded in LoadableXmlAsset: InstallBionicArm

GAGARIN: Succeded in LoadableXmlAsset: BionicLeg

GAGARIN: Succeded in LoadableXmlAsset: BionicLeg

GAGARIN: Succeded in LoadableXmlAsset: InstallBionicLeg

GAGARIN: Succeded in LoadableXmlAsset: BionicSpine

GAGARIN: Succeded in LoadableXmlAsset: BionicSpine

GAGARIN: Succeded in LoadableXmlAsset: InstallBionicSpine

GAGARIN: Succeded in LoadableXmlAsset: BionicHeart

GAGARIN: Succeded in LoadableXmlAsset: BionicHeart

GAGARIN: Succeded in LoadableXmlAsset: InstallBionicHeart

GAGARIN: Succeded in LoadableXmlAsset: BionicStomach

GAGARIN: Succeded in LoadableXmlAsset: BionicStomach

GAGARIN: Succeded in LoadableXmlAsset: InstallBionicStomach

GAGARIN: Succeded in LoadableXmlAsset: DeathAcidifier

GAGARIN: Succeded in LoadableXmlAsset: DeathAcidifier

GAGARIN: Succeded in LoadableXmlAsset: InstallDeathAcidifier

GAGARIN: Succeded in LoadableXmlAsset: AcidCloud

GAGARIN: Succeded in LoadableXmlAsset: DeathAcidifier

GAGARIN: Succeded in LoadableXmlAsset: BionicEar

GAGARIN: Succeded in LoadableXmlAsset: BionicEar

GAGARIN: Succeded in LoadableXmlAsset: InstallBionicEar

GAGARIN: Succeded in LoadableXmlAsset: BionicTongue

GAGARIN: Succeded in LoadableXmlAsset: BionicTongue

GAGARIN: Succeded in LoadableXmlAsset: InstallBionicTongue

GAGARIN: Succeded in LoadableXmlAsset: BionicJaw

GAGARIN: Succeded in LoadableXmlAsset: BionicJaw

GAGARIN: Succeded in LoadableXmlAsset: InstallBionicJaw

GAGARIN: Succeded in LoadableXmlAsset: PegLeg

GAGARIN: Succeded in LoadableXmlAsset: InstallPegLeg

GAGARIN: Succeded in LoadableXmlAsset: WoodenHand

GAGARIN: Succeded in LoadableXmlAsset: InstallWoodenHand

GAGARIN: Succeded in LoadableXmlAsset: WoodenFoot

GAGARIN: Succeded in LoadableXmlAsset: InstallWoodenFoot

GAGARIN: Succeded in LoadableXmlAsset: Denture

GAGARIN: Succeded in LoadableXmlAsset: InstallDenture

GAGARIN: Succeded in LoadableXmlAsset: Heart

GAGARIN: Succeded in LoadableXmlAsset: InstallNaturalHeart

GAGARIN: Succeded in LoadableXmlAsset: Lung

GAGARIN: Succeded in LoadableXmlAsset: InstallNaturalLung

GAGARIN: Succeded in LoadableXmlAsset: Kidney

GAGARIN: Succeded in LoadableXmlAsset: InstallNaturalKidney

GAGARIN: Succeded in LoadableXmlAsset: Liver

GAGARIN: Succeded in LoadableXmlAsset: InstallNaturalLiver

GAGARIN: Succeded in LoadableXmlAsset: SimpleProstheticLeg

GAGARIN: Succeded in LoadableXmlAsset: SimpleProstheticLeg

GAGARIN: Succeded in LoadableXmlAsset: InstallSimpleProstheticLeg

GAGARIN: Succeded in LoadableXmlAsset: SimpleProstheticArm

GAGARIN: Succeded in LoadableXmlAsset: SimpleProstheticArm

GAGARIN: Succeded in LoadableXmlAsset: InstallSimpleProstheticArm

GAGARIN: Succeded in LoadableXmlAsset: SimpleProstheticHeart

GAGARIN: Succeded in LoadableXmlAsset: SimpleProstheticHeart

GAGARIN: Succeded in LoadableXmlAsset: InstallSimpleProstheticHeart

GAGARIN: Succeded in LoadableXmlAsset: CochlearImplant

GAGARIN: Succeded in LoadableXmlAsset: CochlearImplant

GAGARIN: Succeded in LoadableXmlAsset: InstallCochlearImplant

GAGARIN: Succeded in LoadableXmlAsset: PowerClaw

GAGARIN: Succeded in LoadableXmlAsset: PowerClaw

GAGARIN: Succeded in LoadableXmlAsset: InstallPowerClaw

GAGARIN: Succeded in LoadableXmlAsset: Joywire

GAGARIN: Succeded in LoadableXmlAsset: Joywire

GAGARIN: Succeded in LoadableXmlAsset: InstallJoywire

GAGARIN: Succeded in LoadableXmlAsset: Painstopper

GAGARIN: Succeded in LoadableXmlAsset: Painstopper

GAGARIN: Succeded in LoadableXmlAsset: InstallPainstopper

GAGARIN: Succeded in LoadableXmlAsset: RemovePainstopper

GAGARIN: Succeded in LoadableXmlAsset: OnSkin

GAGARIN: Succeded in LoadableXmlAsset: Middle

GAGARIN: Succeded in LoadableXmlAsset: Shell

GAGARIN: Succeded in LoadableXmlAsset: Belt

GAGARIN: Succeded in LoadableXmlAsset: Overhead

GAGARIN: Succeded in LoadableXmlAsset: EyeCover

GAGARIN: Succeded in LoadableXmlAsset: RepeatCount

GAGARIN: Succeded in LoadableXmlAsset: TargetCount

GAGARIN: Succeded in LoadableXmlAsset: Forever

GAGARIN: Succeded in LoadableXmlAsset: DropOnFloor

GAGARIN: Succeded in LoadableXmlAsset: BestStockpile

GAGARIN: Succeded in LoadableXmlAsset: SpecificStockpile

GAGARIN: Succeded in LoadableXmlAsset: BloodFiltrationSource

GAGARIN: Succeded in LoadableXmlAsset: BloodFiltrationLiver

GAGARIN: Succeded in LoadableXmlAsset: BloodFiltrationKidney

GAGARIN: Succeded in LoadableXmlAsset: BloodPumpingSource

GAGARIN: Succeded in LoadableXmlAsset: BreathingSource

GAGARIN: Succeded in LoadableXmlAsset: BreathingSourceCage

GAGARIN: Succeded in LoadableXmlAsset: BreathingPathway

GAGARIN: Succeded in LoadableXmlAsset: ConsciousnessSource

GAGARIN: Succeded in LoadableXmlAsset: EatingSource

GAGARIN: Succeded in LoadableXmlAsset: EatingPathway

GAGARIN: Succeded in LoadableXmlAsset: Tongue

GAGARIN: Succeded in LoadableXmlAsset: HearingSource

GAGARIN: Succeded in LoadableXmlAsset: MetabolismSource

GAGARIN: Succeded in LoadableXmlAsset: ManipulationLimbCore

GAGARIN: Succeded in LoadableXmlAsset: ManipulationLimbSegment

GAGARIN: Succeded in LoadableXmlAsset: ManipulationLimbDigit

GAGARIN: Succeded in LoadableXmlAsset: MovingLimbCore

GAGARIN: Succeded in LoadableXmlAsset: MovingLimbSegment

GAGARIN: Succeded in LoadableXmlAsset: MovingLimbDigit

GAGARIN: Succeded in LoadableXmlAsset: Pelvis

GAGARIN: Succeded in LoadableXmlAsset: SightSource

GAGARIN: Succeded in LoadableXmlAsset: Spine

GAGARIN: Succeded in LoadableXmlAsset: TalkingSource

GAGARIN: Succeded in LoadableXmlAsset: TalkingPathway

GAGARIN: Succeded in LoadableXmlAsset: Mirrored

GAGARIN: Succeded in LoadableXmlAsset: Male

GAGARIN: Succeded in LoadableXmlAsset: Female

GAGARIN: Succeded in LoadableXmlAsset: Thin

GAGARIN: Succeded in LoadableXmlAsset: Hulk

GAGARIN: Succeded in LoadableXmlAsset: Fat

GAGARIN: Succeded in LoadableXmlAsset: Movement

GAGARIN: Succeded in LoadableXmlAsset: Harm

GAGARIN: Succeded in LoadableXmlAsset: Construction

GAGARIN: Succeded in LoadableXmlAsset: Impact

GAGARIN: Succeded in LoadableXmlAsset: Ability

GAGARIN: Succeded in LoadableXmlAsset: Sharp

GAGARIN: Succeded in LoadableXmlAsset: Blunt

GAGARIN: Succeded in LoadableXmlAsset: Heat

GAGARIN: Succeded in LoadableXmlAsset: Orders

GAGARIN: Succeded in LoadableXmlAsset: Zone

GAGARIN: Succeded in LoadableXmlAsset: Structure

GAGARIN: Succeded in LoadableXmlAsset: Production

GAGARIN: Succeded in LoadableXmlAsset: Furniture

GAGARIN: Succeded in LoadableXmlAsset: Power

GAGARIN: Succeded in LoadableXmlAsset: Security

GAGARIN: Succeded in LoadableXmlAsset: Misc

GAGARIN: Succeded in LoadableXmlAsset: Floors

GAGARIN: Succeded in LoadableXmlAsset: Joy

GAGARIN: Succeded in LoadableXmlAsset: Ship

GAGARIN: Succeded in LoadableXmlAsset: Temperature

GAGARIN: Succeded in LoadableXmlAsset: Plan

GAGARIN: Succeded in LoadableXmlAsset: Mine

GAGARIN: Succeded in LoadableXmlAsset: MineVein

GAGARIN: Succeded in LoadableXmlAsset: Haul

GAGARIN: Succeded in LoadableXmlAsset: Deconstruct

GAGARIN: Succeded in LoadableXmlAsset: Uninstall

GAGARIN: Succeded in LoadableXmlAsset: ExtractTree

GAGARIN: Succeded in LoadableXmlAsset: CutPlant

GAGARIN: Succeded in LoadableXmlAsset: HarvestPlant

GAGARIN: Succeded in LoadableXmlAsset: Hunt

GAGARIN: Succeded in LoadableXmlAsset: SmoothFloor

GAGARIN: Succeded in LoadableXmlAsset: SmoothWall

GAGARIN: Succeded in LoadableXmlAsset: PaintBuilding

GAGARIN: Succeded in LoadableXmlAsset: PaintFloor

GAGARIN: Succeded in LoadableXmlAsset: RemovePaintBuilding

GAGARIN: Succeded in LoadableXmlAsset: RemovePaintFloor

GAGARIN: Succeded in LoadableXmlAsset: RemoveFloor

GAGARIN: Succeded in LoadableXmlAsset: RemoveFoundation

GAGARIN: Succeded in LoadableXmlAsset: Flick

GAGARIN: Succeded in LoadableXmlAsset: Strip

GAGARIN: Succeded in LoadableXmlAsset: Slaughter

GAGARIN: Succeded in LoadableXmlAsset: Tame

GAGARIN: Succeded in LoadableXmlAsset: Open

GAGARIN: Succeded in LoadableXmlAsset: EjectFuel

GAGARIN: Succeded in LoadableXmlAsset: ReleaseAnimalToWild

GAGARIN: Succeded in LoadableXmlAsset: ExtractSkull

GAGARIN: Succeded in LoadableXmlAsset: FillIn

GAGARIN: Succeded in LoadableXmlAsset: Floor_Carpet

GAGARIN: Succeded in LoadableXmlAsset: Floor_Carpet_Fine

GAGARIN: Succeded in LoadableXmlAsset: Floor_Tile

GAGARIN: Succeded in LoadableXmlAsset: Floor_Tile_Fine

GAGARIN: Succeded in LoadableXmlAsset: Floor_Tile_Metal

GAGARIN: Succeded in LoadableXmlAsset: Floor_Flagstone

GAGARIN: Succeded in LoadableXmlAsset: StandingLampColored

GAGARIN: Succeded in LoadableXmlAsset: Peaceful

GAGARIN: Succeded in LoadableXmlAsset: Easy

GAGARIN: Succeded in LoadableXmlAsset: Medium

GAGARIN: Succeded in LoadableXmlAsset: Rough

GAGARIN: Succeded in LoadableXmlAsset: Hard

GAGARIN: Succeded in LoadableXmlAsset: Extreme

GAGARIN: Succeded in LoadableXmlAsset: Custom

GAGARIN: Succeded in LoadableXmlAsset: Core

GAGARIN: Succeded in LoadableXmlAsset: Royalty

GAGARIN: Succeded in LoadableXmlAsset: Ideology

GAGARIN: Succeded in LoadableXmlAsset: Biotech

GAGARIN: Succeded in LoadableXmlAsset: Anomaly

GAGARIN: Succeded in LoadableXmlAsset: Odyssey

GAGARIN: Succeded in LoadableXmlAsset: ExtremelyLow

GAGARIN: Succeded in LoadableXmlAsset: VeryLow

GAGARIN: Succeded in LoadableXmlAsset: Low

GAGARIN: Succeded in LoadableXmlAsset: Moderate

GAGARIN: Succeded in LoadableXmlAsset: High

GAGARIN: Succeded in LoadableXmlAsset: SkyHigh

GAGARIN: Succeded in LoadableXmlAsset: Noble

GAGARIN: Succeded in LoadableXmlAsset: Royal

GAGARIN: Succeded in LoadableXmlAsset: Expectations

GAGARIN: Succeded in LoadableXmlAsset: Island

GAGARIN: Succeded in LoadableXmlAsset: Archipelago

GAGARIN: Succeded in LoadableXmlAsset: Peninsula

GAGARIN: Succeded in LoadableXmlAsset: Bay

GAGARIN: Succeded in LoadableXmlAsset: Lake

GAGARIN: Succeded in LoadableXmlAsset: Sea

GAGARIN: Succeded in LoadableXmlAsset: OceanBay

GAGARIN: Succeded in LoadableXmlAsset: Ocean

GAGARIN: Succeded in LoadableXmlAsset: OuterOcean

GAGARIN: Succeded in LoadableXmlAsset: MountainRange

GAGARIN: Succeded in LoadableXmlAsset: Desert

GAGARIN: Succeded in LoadableXmlAsset: TemperateSwamp

GAGARIN: Succeded in LoadableXmlAsset: TropicalSwamp

GAGARIN: Succeded in LoadableXmlAsset: ColdBog

GAGARIN: Succeded in LoadableXmlAsset: TemperateForest

GAGARIN: Succeded in LoadableXmlAsset: TropicalRainforest

GAGARIN: Succeded in LoadableXmlAsset: BorealForest

GAGARIN: Succeded in LoadableXmlAsset: AridShrubland

GAGARIN: Succeded in LoadableXmlAsset: IceSheet

GAGARIN: Succeded in LoadableXmlAsset: Tundra

GAGARIN: Succeded in LoadableXmlAsset: Normal

GAGARIN: Succeded in LoadableXmlAsset: Mechanoid

GAGARIN: Succeded in LoadableXmlAsset: Insectoid

GAGARIN: Succeded in LoadableXmlAsset: Grids

GAGARIN: Succeded in LoadableXmlAsset: Components

GAGARIN: Succeded in LoadableXmlAsset: TileElementsCore

GAGARIN: Succeded in LoadableXmlAsset: BriefPonytail

GAGARIN: Succeded in LoadableXmlAsset: Princess

GAGARIN: Succeded in LoadableXmlAsset: Scatman

GAGARIN: Succeded in LoadableXmlAsset: Lackland

GAGARIN: Succeded in LoadableXmlAsset: Revolt

GAGARIN: Succeded in LoadableXmlAsset: Pigtails

GAGARIN: Succeded in LoadableXmlAsset: Afro

GAGARIN: Succeded in LoadableXmlAsset: Bob

GAGARIN: Succeded in LoadableXmlAsset: Burgundy

GAGARIN: Succeded in LoadableXmlAsset: Troubadour

GAGARIN: Succeded in LoadableXmlAsset: GreasySwoop

GAGARIN: Succeded in LoadableXmlAsset: Cleopatra

GAGARIN: Succeded in LoadableXmlAsset: Cute

GAGARIN: Succeded in LoadableXmlAsset: Decent

GAGARIN: Succeded in LoadableXmlAsset: FancyBun

GAGARIN: Succeded in LoadableXmlAsset: Senorita

GAGARIN: Succeded in LoadableXmlAsset: Flowy

GAGARIN: Succeded in LoadableXmlAsset: Long

GAGARIN: Succeded in LoadableXmlAsset: Mop

GAGARIN: Succeded in LoadableXmlAsset: Wavy

GAGARIN: Succeded in LoadableXmlAsset: Messy

GAGARIN: Succeded in LoadableXmlAsset: Curly

GAGARIN: Succeded in LoadableXmlAsset: Fringe

GAGARIN: Succeded in LoadableXmlAsset: Frozen

GAGARIN: Succeded in LoadableXmlAsset: Ponytails

GAGARIN: Succeded in LoadableXmlAsset: Bowlcut

GAGARIN: Succeded in LoadableXmlAsset: Bravo

GAGARIN: Succeded in LoadableXmlAsset: Recruit

GAGARIN: Succeded in LoadableXmlAsset: Rockstar

GAGARIN: Succeded in LoadableXmlAsset: Snazzy

GAGARIN: Succeded in LoadableXmlAsset: Firestarter

GAGARIN: Succeded in LoadableXmlAsset: Junkie

GAGARIN: Succeded in LoadableXmlAsset: Scrapper

GAGARIN: Succeded in LoadableXmlAsset: Randy

GAGARIN: Succeded in LoadableXmlAsset: Rookie

GAGARIN: Succeded in LoadableXmlAsset: Spikes

GAGARIN: Succeded in LoadableXmlAsset: ShaveTopBraid

GAGARIN: Succeded in LoadableXmlAsset: BraidedKnot

GAGARIN: Succeded in LoadableXmlAsset: Keeper

GAGARIN: Succeded in LoadableXmlAsset: Primal

GAGARIN: Succeded in LoadableXmlAsset: Warden

GAGARIN: Succeded in LoadableXmlAsset: Elder

GAGARIN: Succeded in LoadableXmlAsset: Locks

GAGARIN: Succeded in LoadableXmlAsset: Savage

GAGARIN: Succeded in LoadableXmlAsset: Sticky

GAGARIN: Succeded in LoadableXmlAsset: Bald

GAGARIN: Succeded in LoadableXmlAsset: Shaved

GAGARIN: Succeded in LoadableXmlAsset: Tuft

GAGARIN: Succeded in LoadableXmlAsset: ScorpionTail

GAGARIN: Succeded in LoadableXmlAsset: Topdog

GAGARIN: Succeded in LoadableXmlAsset: Mohawk

GAGARIN: Succeded in LoadableXmlAsset: Minimal

GAGARIN: Succeded in LoadableXmlAsset: Tribal

GAGARIN: Succeded in LoadableXmlAsset: Cannibal

GAGARIN: Succeded in LoadableXmlAsset: Punk

GAGARIN: Succeded in LoadableXmlAsset: Urban

GAGARIN: Succeded in LoadableXmlAsset: Rural

GAGARIN: Succeded in LoadableXmlAsset: Royal

GAGARIN: Succeded in LoadableXmlAsset: Soldier

GAGARIN: Succeded in LoadableXmlAsset: Moustache

GAGARIN: Succeded in LoadableXmlAsset: Misc

GAGARIN: Succeded in LoadableXmlAsset: Running

GAGARIN: Succeded in LoadableXmlAsset: Starting

GAGARIN: Succeded in LoadableXmlAsset: Hibernating

GAGARIN: Succeded in LoadableXmlAsset: Wealth

GAGARIN: Succeded in LoadableXmlAsset: Population

GAGARIN: Succeded in LoadableXmlAsset: ColonistMood

GAGARIN: Succeded in LoadableXmlAsset: Debug

GAGARIN: Succeded in LoadableXmlAsset: Wealth_Total

GAGARIN: Succeded in LoadableXmlAsset: Wealth_Items

GAGARIN: Succeded in LoadableXmlAsset: Wealth_Buildings

GAGARIN: Succeded in LoadableXmlAsset: Wealth_Pawns

GAGARIN: Succeded in LoadableXmlAsset: FreeColonists

GAGARIN: Succeded in LoadableXmlAsset: Prisoners

GAGARIN: Succeded in LoadableXmlAsset: ColonistMood

GAGARIN: Succeded in LoadableXmlAsset: Adaptation

GAGARIN: Succeded in LoadableXmlAsset: ThreatPoints

GAGARIN: Succeded in LoadableXmlAsset: PopAdaptation

GAGARIN: Succeded in LoadableXmlAsset: PopIntent

GAGARIN: Succeded in LoadableXmlAsset: Bullet

GAGARIN: Succeded in LoadableXmlAsset: Slice

GAGARIN: Succeded in LoadableXmlAsset: Blunt

GAGARIN: Succeded in LoadableXmlAsset: Electric

GAGARIN: Succeded in LoadableXmlAsset: Tornado

GAGARIN: Succeded in LoadableXmlAsset: Toxic

GAGARIN: Succeded in LoadableXmlAsset: Weapon

GAGARIN: Succeded in LoadableXmlAsset: Bodypart

GAGARIN: Succeded in LoadableXmlAsset: Hediff

GAGARIN: Succeded in LoadableXmlAsset: Terrain

GAGARIN: Succeded in LoadableXmlAsset: NativeVerb

GAGARIN: Succeded in LoadableXmlAsset: Special

GAGARIN: Succeded in LoadableXmlAsset: Misc

GAGARIN: Succeded in LoadableXmlAsset: ThreatSmall

GAGARIN: Succeded in LoadableXmlAsset: ThreatBig

GAGARIN: Succeded in LoadableXmlAsset: FactionArrival

GAGARIN: Succeded in LoadableXmlAsset: OrbitalVisitor

GAGARIN: Succeded in LoadableXmlAsset: ShipChunkDrop

GAGARIN: Succeded in LoadableXmlAsset: DiseaseHuman

GAGARIN: Succeded in LoadableXmlAsset: DiseaseAnimal

GAGARIN: Succeded in LoadableXmlAsset: AllyAssistance

GAGARIN: Succeded in LoadableXmlAsset: EndGame_ShipEscape

GAGARIN: Succeded in LoadableXmlAsset: GiveQuest

GAGARIN: Succeded in LoadableXmlAsset: DeepDrillInfestation

GAGARIN: Succeded in LoadableXmlAsset: Map_PlayerHome

GAGARIN: Succeded in LoadableXmlAsset: Map_TempIncident

GAGARIN: Succeded in LoadableXmlAsset: Map_Misc

GAGARIN: Succeded in LoadableXmlAsset: Map_RaidBeacon

GAGARIN: Succeded in LoadableXmlAsset: Caravan

GAGARIN: Succeded in LoadableXmlAsset: World

GAGARIN: Succeded in LoadableXmlAsset: Medicine

GAGARIN: Succeded in LoadableXmlAsset: GameMapCamera

GAGARIN: Succeded in LoadableXmlAsset: Game

GAGARIN: Succeded in LoadableXmlAsset: SelectionMisc

GAGARIN: Succeded in LoadableXmlAsset: SelectionSpecial

GAGARIN: Succeded in LoadableXmlAsset: Architect

GAGARIN: Succeded in LoadableXmlAsset: MainTabs

GAGARIN: Succeded in LoadableXmlAsset: Modifiers

GAGARIN: Succeded in LoadableXmlAsset: Development

GAGARIN: Succeded in LoadableXmlAsset: DebugMenu

GAGARIN: Succeded in LoadableXmlAsset: MapDolly_Up

GAGARIN: Succeded in LoadableXmlAsset: MapDolly_Down

GAGARIN: Succeded in LoadableXmlAsset: MapDolly_Left

GAGARIN: Succeded in LoadableXmlAsset: MapDolly_Right

GAGARIN: Succeded in LoadableXmlAsset: MapZoom_In

GAGARIN: Succeded in LoadableXmlAsset: MapZoom_Out

GAGARIN: Succeded in LoadableXmlAsset: Accept

GAGARIN: Succeded in LoadableXmlAsset: Cancel

GAGARIN: Succeded in LoadableXmlAsset: TakeScreenshot

GAGARIN: Succeded in LoadableXmlAsset: ToggleScreenshotMode

GAGARIN: Succeded in LoadableXmlAsset: SelectNextInCell

GAGARIN: Succeded in LoadableXmlAsset: TogglePause

GAGARIN: Succeded in LoadableXmlAsset: TimeSpeed_Normal

GAGARIN: Succeded in LoadableXmlAsset: TimeSpeed_Fast

GAGARIN: Succeded in LoadableXmlAsset: TimeSpeed_Superfast

GAGARIN: Succeded in LoadableXmlAsset: TimeSpeed_Ultrafast

GAGARIN: Succeded in LoadableXmlAsset: TimeSpeed_Slower

GAGARIN: Succeded in LoadableXmlAsset: TimeSpeed_Faster

GAGARIN: Succeded in LoadableXmlAsset: PreviousColonist

GAGARIN: Succeded in LoadableXmlAsset: NextColonist

GAGARIN: Succeded in LoadableXmlAsset: ToggleRoomStatsDisplay

GAGARIN: Succeded in LoadableXmlAsset: ToggleBeautyDisplay

GAGARIN: Succeded in LoadableXmlAsset: OpenMapSearch

GAGARIN: Succeded in LoadableXmlAsset: ShowCellInspector

GAGARIN: Succeded in LoadableXmlAsset: ShowEyedropper

GAGARIN: Succeded in LoadableXmlAsset: Misc1

GAGARIN: Succeded in LoadableXmlAsset: Misc2

GAGARIN: Succeded in LoadableXmlAsset: Misc3

GAGARIN: Succeded in LoadableXmlAsset: Misc4

GAGARIN: Succeded in LoadableXmlAsset: Misc5

GAGARIN: Succeded in LoadableXmlAsset: Misc6

GAGARIN: Succeded in LoadableXmlAsset: Misc7

GAGARIN: Succeded in LoadableXmlAsset: Misc8

GAGARIN: Succeded in LoadableXmlAsset: Misc9

GAGARIN: Succeded in LoadableXmlAsset: Misc10

GAGARIN: Succeded in LoadableXmlAsset: Misc11

GAGARIN: Succeded in LoadableXmlAsset: Misc12

GAGARIN: Succeded in LoadableXmlAsset: Command_TogglePower

GAGARIN: Succeded in LoadableXmlAsset: Command_ItemForbid

GAGARIN: Succeded in LoadableXmlAsset: Command_ColonistDraft

GAGARIN: Succeded in LoadableXmlAsset: Designator_Cancel

GAGARIN: Succeded in LoadableXmlAsset: Designator_Deconstruct

GAGARIN: Succeded in LoadableXmlAsset: Designator_RotateLeft

GAGARIN: Succeded in LoadableXmlAsset: Designator_RotateRight

GAGARIN: Succeded in LoadableXmlAsset: Designator_PreviousDrawStyle

GAGARIN: Succeded in LoadableXmlAsset: Designator_NextDrawStyle

GAGARIN: Succeded in LoadableXmlAsset: Designator_ShapeSnap

GAGARIN: Succeded in LoadableXmlAsset: ModifierIncrement_10x

GAGARIN: Succeded in LoadableXmlAsset: ModifierIncrement_100x

GAGARIN: Succeded in LoadableXmlAsset: QueueOrder

GAGARIN: Succeded in LoadableXmlAsset: Dev_TickOnce

GAGARIN: Succeded in LoadableXmlAsset: Dev_ToggleGodMode

GAGARIN: Succeded in LoadableXmlAsset: Dev_ToggleDebugLog

GAGARIN: Succeded in LoadableXmlAsset: Dev_ToggleDebugActionsMenu

GAGARIN: Succeded in LoadableXmlAsset: Dev_ToggleDebugLogMenu

GAGARIN: Succeded in LoadableXmlAsset: Dev_ToggleDebugInspector

GAGARIN: Succeded in LoadableXmlAsset: Dev_ToggleDebugSettingsMenu

GAGARIN: Succeded in LoadableXmlAsset: Dev_ToggleDevPalette

GAGARIN: Succeded in LoadableXmlAsset: Dev_ChangeSelectedDebugAction

GAGARIN: Succeded in LoadableXmlAsset: RansomDemand

GAGARIN: Succeded in LoadableXmlAsset: ChoosePawn

GAGARIN: Succeded in LoadableXmlAsset: AcceptVisitors

GAGARIN: Succeded in LoadableXmlAsset: AcceptJoiner

GAGARIN: Succeded in LoadableXmlAsset: BetrayVisitors

GAGARIN: Succeded in LoadableXmlAsset: GameEnded

GAGARIN: Succeded in LoadableXmlAsset: Death

GAGARIN: Succeded in LoadableXmlAsset: NewQuest

GAGARIN: Succeded in LoadableXmlAsset: NewQuest_ThreatBig

GAGARIN: Succeded in LoadableXmlAsset: RitualOutcomePositive

GAGARIN: Succeded in LoadableXmlAsset: RitualOutcomeNegative

GAGARIN: Succeded in LoadableXmlAsset: BundleLetter

GAGARIN: Succeded in LoadableXmlAsset: ThreatBig

GAGARIN: Succeded in LoadableXmlAsset: ThreatSmall

GAGARIN: Succeded in LoadableXmlAsset: NegativeEvent

GAGARIN: Succeded in LoadableXmlAsset: NeutralEvent

GAGARIN: Succeded in LoadableXmlAsset: PositiveEvent

GAGARIN: Succeded in LoadableXmlAsset: MechanoidFullyFormed

GAGARIN: Succeded in LoadableXmlAsset: HumanlikeBaby

GAGARIN: Succeded in LoadableXmlAsset: HumanlikeChild

GAGARIN: Succeded in LoadableXmlAsset: HumanlikeTeenager

GAGARIN: Succeded in LoadableXmlAsset: HumanlikeAdult

GAGARIN: Succeded in LoadableXmlAsset: EusocialInsectLarva

GAGARIN: Succeded in LoadableXmlAsset: EusocialInsectJuvenile

GAGARIN: Succeded in LoadableXmlAsset: EusocialInsectAdult

GAGARIN: Succeded in LoadableXmlAsset: AnimalBaby

GAGARIN: Succeded in LoadableXmlAsset: AnimalBabyTiny

GAGARIN: Succeded in LoadableXmlAsset: AnimalJuvenile

GAGARIN: Succeded in LoadableXmlAsset: AnimalAdult

GAGARIN: Succeded in LoadableXmlAsset: MeleeAttack

GAGARIN: Succeded in LoadableXmlAsset: SandInEyes

GAGARIN: Succeded in LoadableXmlAsset: Inspect

GAGARIN: Succeded in LoadableXmlAsset: Architect

GAGARIN: Succeded in LoadableXmlAsset: Work

GAGARIN: Succeded in LoadableXmlAsset: Schedule

GAGARIN: Succeded in LoadableXmlAsset: Assign

GAGARIN: Succeded in LoadableXmlAsset: Animals

GAGARIN: Succeded in LoadableXmlAsset: Wildlife

GAGARIN: Succeded in LoadableXmlAsset: Research

GAGARIN: Succeded in LoadableXmlAsset: Quests

GAGARIN: Succeded in LoadableXmlAsset: World

GAGARIN: Succeded in LoadableXmlAsset: History

GAGARIN: Succeded in LoadableXmlAsset: Factions

GAGARIN: Succeded in LoadableXmlAsset: Menu

GAGARIN: Succeded in LoadableXmlAsset: ThreatBig

GAGARIN: Succeded in LoadableXmlAsset: ThreatSmall

GAGARIN: Succeded in LoadableXmlAsset: PawnDeath

GAGARIN: Succeded in LoadableXmlAsset: NegativeHealthEvent

GAGARIN: Succeded in LoadableXmlAsset: NegativeEvent

GAGARIN: Succeded in LoadableXmlAsset: NeutralEvent

GAGARIN: Succeded in LoadableXmlAsset: TaskCompletion

GAGARIN: Succeded in LoadableXmlAsset: PositiveEvent

GAGARIN: Succeded in LoadableXmlAsset: SituationResolved

GAGARIN: Succeded in LoadableXmlAsset: RejectInput

GAGARIN: Succeded in LoadableXmlAsset: CautionInput

GAGARIN: Succeded in LoadableXmlAsset: SilentInput

GAGARIN: Succeded in LoadableXmlAsset: General

GAGARIN: Succeded in LoadableXmlAsset: Graphics

GAGARIN: Succeded in LoadableXmlAsset: Audio

GAGARIN: Succeded in LoadableXmlAsset: Gameplay

GAGARIN: Succeded in LoadableXmlAsset: Interface

GAGARIN: Succeded in LoadableXmlAsset: Controls

GAGARIN: Succeded in LoadableXmlAsset: Dev

GAGARIN: Succeded in LoadableXmlAsset: Mods

GAGARIN: Succeded in LoadableXmlAsset: Medicine

GAGARIN: Succeded in LoadableXmlAsset: Drug

GAGARIN: Succeded in LoadableXmlAsset: Slaughter

GAGARIN: Succeded in LoadableXmlAsset: Sterile

GAGARIN: Succeded in LoadableXmlAsset: ReleaseAnimalToWild

GAGARIN: Succeded in LoadableXmlAsset: FollowDrafted

GAGARIN: Succeded in LoadableXmlAsset: FollowFieldwork

GAGARIN: Succeded in LoadableXmlAsset: Hunt

GAGARIN: Succeded in LoadableXmlAsset: Tame

GAGARIN: Succeded in LoadableXmlAsset: CopyPasteWorkPriorities

GAGARIN: Succeded in LoadableXmlAsset: CopyPasteTimetable

GAGARIN: Succeded in LoadableXmlAsset: Gender

GAGARIN: Succeded in LoadableXmlAsset: LifeStage

GAGARIN: Succeded in LoadableXmlAsset: Pregnant

GAGARIN: Succeded in LoadableXmlAsset: Bond

GAGARIN: Succeded in LoadableXmlAsset: Info

GAGARIN: Succeded in LoadableXmlAsset: Predator

GAGARIN: Succeded in LoadableXmlAsset: MentalState

GAGARIN: Succeded in LoadableXmlAsset: Faction

GAGARIN: Succeded in LoadableXmlAsset: GapTiny

GAGARIN: Succeded in LoadableXmlAsset: GapSmall

GAGARIN: Succeded in LoadableXmlAsset: Gap

GAGARIN: Succeded in LoadableXmlAsset: GapWide

GAGARIN: Succeded in LoadableXmlAsset: RemainingSpace

GAGARIN: Succeded in LoadableXmlAsset: Label

GAGARIN: Succeded in LoadableXmlAsset: LabelWithIcon

GAGARIN: Succeded in LoadableXmlAsset: LabelShortWithIcon

GAGARIN: Succeded in LoadableXmlAsset: Age

GAGARIN: Succeded in LoadableXmlAsset: Master

GAGARIN: Succeded in LoadableXmlAsset: MedicalCare

GAGARIN: Succeded in LoadableXmlAsset: AllowedArea

GAGARIN: Succeded in LoadableXmlAsset: AllowedAreaWide

GAGARIN: Succeded in LoadableXmlAsset: HostilityResponse

GAGARIN: Succeded in LoadableXmlAsset: Outfit

GAGARIN: Succeded in LoadableXmlAsset: DrugPolicy

GAGARIN: Succeded in LoadableXmlAsset: FoodRestriction

GAGARIN: Succeded in LoadableXmlAsset: Reading

GAGARIN: Succeded in LoadableXmlAsset: Timetable

GAGARIN: Succeded in LoadableXmlAsset: Carry

GAGARIN: Succeded in LoadableXmlAsset: ManhunterOnDamageChance

GAGARIN: Succeded in LoadableXmlAsset: ManhunterOnTameFailChance

GAGARIN: Succeded in LoadableXmlAsset: Combat

GAGARIN: Succeded in LoadableXmlAsset: Trader

GAGARIN: Succeded in LoadableXmlAsset: Peaceful

GAGARIN: Succeded in LoadableXmlAsset: Settlement

GAGARIN: Succeded in LoadableXmlAsset: Settlement_RangedOnly

GAGARIN: Succeded in LoadableXmlAsset: EdgeWalkIn

GAGARIN: Succeded in LoadableXmlAsset: EdgeDrop

GAGARIN: Succeded in LoadableXmlAsset: EdgeWalkInGroups

GAGARIN: Succeded in LoadableXmlAsset: EdgeDropGroups

GAGARIN: Succeded in LoadableXmlAsset: CenterDrop

GAGARIN: Succeded in LoadableXmlAsset: RandomDrop

GAGARIN: Succeded in LoadableXmlAsset: MechClusterDrop

GAGARIN: Succeded in LoadableXmlAsset: EmergeFromWater

GAGARIN: Succeded in LoadableXmlAsset: EdgeWalkInDistributed

GAGARIN: Succeded in LoadableXmlAsset: SpecificDropDebug

GAGARIN: Succeded in LoadableXmlAsset: Work

GAGARIN: Succeded in LoadableXmlAsset: Assign

GAGARIN: Succeded in LoadableXmlAsset: Restrict

GAGARIN: Succeded in LoadableXmlAsset: Animals

GAGARIN: Succeded in LoadableXmlAsset: Wildlife

GAGARIN: Succeded in LoadableXmlAsset: MaintainOnly

GAGARIN: Succeded in LoadableXmlAsset: AttemptRecruit

GAGARIN: Succeded in LoadableXmlAsset: ReduceResistance

GAGARIN: Succeded in LoadableXmlAsset: Release

GAGARIN: Succeded in LoadableXmlAsset: Execution

GAGARIN: Succeded in LoadableXmlAsset: Kills

GAGARIN: Succeded in LoadableXmlAsset: KillsHumanlikes

GAGARIN: Succeded in LoadableXmlAsset: KillsAnimals

GAGARIN: Succeded in LoadableXmlAsset: KillsMechanoids

GAGARIN: Succeded in LoadableXmlAsset: PawnsDowned

GAGARIN: Succeded in LoadableXmlAsset: PawnsDownedHumanlikes

GAGARIN: Succeded in LoadableXmlAsset: PawnsDownedAnimals

GAGARIN: Succeded in LoadableXmlAsset: PawnsDownedMechanoids

GAGARIN: Succeded in LoadableXmlAsset: ShotsFired

GAGARIN: Succeded in LoadableXmlAsset: Headshots

GAGARIN: Succeded in LoadableXmlAsset: DamageDealt

GAGARIN: Succeded in LoadableXmlAsset: DamageTaken

GAGARIN: Succeded in LoadableXmlAsset: TimesInMentalState

GAGARIN: Succeded in LoadableXmlAsset: TimesOnFire

GAGARIN: Succeded in LoadableXmlAsset: FiresExtinguished

GAGARIN: Succeded in LoadableXmlAsset: OperationsReceived

GAGARIN: Succeded in LoadableXmlAsset: OperationsPerformed

GAGARIN: Succeded in LoadableXmlAsset: TimesTendedTo

GAGARIN: Succeded in LoadableXmlAsset: TimesTendedOther

GAGARIN: Succeded in LoadableXmlAsset: PeopleCaptured

GAGARIN: Succeded in LoadableXmlAsset: PrisonersRecruited

GAGARIN: Succeded in LoadableXmlAsset: PrisonersChatted

GAGARIN: Succeded in LoadableXmlAsset: AnimalsTamed

GAGARIN: Succeded in LoadableXmlAsset: AnimalsSlaughtered

GAGARIN: Succeded in LoadableXmlAsset: MealsCooked

GAGARIN: Succeded in LoadableXmlAsset: ThingsConstructed

GAGARIN: Succeded in LoadableXmlAsset: ThingsInstalled

GAGARIN: Succeded in LoadableXmlAsset: ThingsRepaired

GAGARIN: Succeded in LoadableXmlAsset: ThingsCrafted

GAGARIN: Succeded in LoadableXmlAsset: ThingsHauled

GAGARIN: Succeded in LoadableXmlAsset: PlantsSown

GAGARIN: Succeded in LoadableXmlAsset: PlantsHarvested

GAGARIN: Succeded in LoadableXmlAsset: CellsMined

GAGARIN: Succeded in LoadableXmlAsset: MessesCleaned

GAGARIN: Succeded in LoadableXmlAsset: ResearchPointsResearched

GAGARIN: Succeded in LoadableXmlAsset: CorpsesBuried

GAGARIN: Succeded in LoadableXmlAsset: NutritionEaten

GAGARIN: Succeded in LoadableXmlAsset: BodiesStripped

GAGARIN: Succeded in LoadableXmlAsset: ThingsUninstalled

GAGARIN: Succeded in LoadableXmlAsset: ThingsDeconstructed

GAGARIN: Succeded in LoadableXmlAsset: ArtifactsActivated

GAGARIN: Succeded in LoadableXmlAsset: ContainersOpened

GAGARIN: Succeded in LoadableXmlAsset: SwitchesFlicked

GAGARIN: Succeded in LoadableXmlAsset: TimeAsColonistOrColonyAnimal

GAGARIN: Succeded in LoadableXmlAsset: TimeAsQuestLodger

GAGARIN: Succeded in LoadableXmlAsset: TimeAsPrisoner

GAGARIN: Succeded in LoadableXmlAsset: TimeInBed

GAGARIN: Succeded in LoadableXmlAsset: TimeInBedForMedicalReasons

GAGARIN: Succeded in LoadableXmlAsset: TimeDowned

GAGARIN: Succeded in LoadableXmlAsset: TimeGettingFood

GAGARIN: Succeded in LoadableXmlAsset: TimeGettingJoy

GAGARIN: Succeded in LoadableXmlAsset: TimeUnderRoof

GAGARIN: Succeded in LoadableXmlAsset: TimeDrafted

GAGARIN: Succeded in LoadableXmlAsset: TimeOnFire

GAGARIN: Succeded in LoadableXmlAsset: TimeInMentalState

GAGARIN: Succeded in LoadableXmlAsset: TimeHauling

GAGARIN: Succeded in LoadableXmlAsset: TimeHandlingAnimals

GAGARIN: Succeded in LoadableXmlAsset: TimeFirefighting

GAGARIN: Succeded in LoadableXmlAsset: TimeWardening

GAGARIN: Succeded in LoadableXmlAsset: TimeHunting

GAGARIN: Succeded in LoadableXmlAsset: TimeConstructing

GAGARIN: Succeded in LoadableXmlAsset: TimeTreatingAndFeeding

GAGARIN: Succeded in LoadableXmlAsset: TimeResearching

GAGARIN: Succeded in LoadableXmlAsset: TimeCleaning

GAGARIN: Succeded in LoadableXmlAsset: TimeRepairing

GAGARIN: Succeded in LoadableXmlAsset: TimeMining

GAGARIN: Succeded in LoadableXmlAsset: TimeSowingAndHarvesting

GAGARIN: Succeded in LoadableXmlAsset: ClassicStart

GAGARIN: Succeded in LoadableXmlAsset: TribalStart

GAGARIN: Succeded in LoadableXmlAsset: ShipRelated

GAGARIN: Succeded in LoadableXmlAsset: ClassicStartTechprints

GAGARIN: Succeded in LoadableXmlAsset: TribalStartTechprints

GAGARIN: Succeded in LoadableXmlAsset: Floor

GAGARIN: Succeded in LoadableXmlAsset: Ceiling

GAGARIN: Succeded in LoadableXmlAsset: Empty

GAGARIN: Succeded in LoadableXmlAsset: RoofConstructed

GAGARIN: Succeded in LoadableXmlAsset: RoofRockThin

GAGARIN: Succeded in LoadableXmlAsset: RoofRockThick

GAGARIN: Succeded in LoadableXmlAsset: DebrisStoneA

GAGARIN: Succeded in LoadableXmlAsset: DebrisStoneB

GAGARIN: Succeded in LoadableXmlAsset: DirtSmearA

GAGARIN: Succeded in LoadableXmlAsset: DirtSmearB

GAGARIN: Succeded in LoadableXmlAsset: GraySmearA

GAGARIN: Succeded in LoadableXmlAsset: GraySmearB

GAGARIN: Succeded in LoadableXmlAsset: Cutout

GAGARIN: Succeded in LoadableXmlAsset: CutoutHair

GAGARIN: Succeded in LoadableXmlAsset: CutoutWithOverlay

GAGARIN: Succeded in LoadableXmlAsset: CutoutTiling

GAGARIN: Succeded in LoadableXmlAsset: CutoutFlying

GAGARIN: Succeded in LoadableXmlAsset: CutoutFlying01

GAGARIN: Succeded in LoadableXmlAsset: CutoutPlant

GAGARIN: Succeded in LoadableXmlAsset: CutoutComplex

GAGARIN: Succeded in LoadableXmlAsset: CutoutComplexUI

GAGARIN: Succeded in LoadableXmlAsset: ExpandingIcon

GAGARIN: Succeded in LoadableXmlAsset: CutoutComplexBlend

GAGARIN: Succeded in LoadableXmlAsset: CutoutSkin

GAGARIN: Succeded in LoadableXmlAsset: CutoutSkinOverlay

GAGARIN: Succeded in LoadableXmlAsset: Transparent

GAGARIN: Succeded in LoadableXmlAsset: TransparentPostLight

GAGARIN: Succeded in LoadableXmlAsset: TransparentPlant

GAGARIN: Succeded in LoadableXmlAsset: MetaOverlay

GAGARIN: Succeded in LoadableXmlAsset: Mote

GAGARIN: Succeded in LoadableXmlAsset: MoteGlow

GAGARIN: Succeded in LoadableXmlAsset: MoteGlowDistorted

GAGARIN: Succeded in LoadableXmlAsset: MoteDistorted

GAGARIN: Succeded in LoadableXmlAsset: MoteGlowDistortBackground

GAGARIN: Succeded in LoadableXmlAsset: MoteGlowPulseLink

GAGARIN: Succeded in LoadableXmlAsset: MotePulse

GAGARIN: Succeded in LoadableXmlAsset: MotePsychicConditionCauser

GAGARIN: Succeded in LoadableXmlAsset: PsyfocusMeditationPulse

GAGARIN: Succeded in LoadableXmlAsset: MoteProximityScannerRadius

GAGARIN: Succeded in LoadableXmlAsset: MoteGlowPulse

GAGARIN: Succeded in LoadableXmlAsset: MoteGlowPulseLow

GAGARIN: Succeded in LoadableXmlAsset: MoteWater

GAGARIN: Succeded in LoadableXmlAsset: EdgeDetect

GAGARIN: Succeded in LoadableXmlAsset: MoteActivatedVoidStructure

GAGARIN: Succeded in LoadableXmlAsset: MotePsychicWarmupWordOf

GAGARIN: Succeded in LoadableXmlAsset: MotePsychicWarmupNeuroquake

GAGARIN: Succeded in LoadableXmlAsset: MoteLargeDistortionWave

GAGARIN: Succeded in LoadableXmlAsset: CutoutAnimated

GAGARIN: Succeded in LoadableXmlAsset: GlowAnimated

GAGARIN: Succeded in LoadableXmlAsset: TransparentAnimated

GAGARIN: Succeded in LoadableXmlAsset: AdditiveChangeHue

GAGARIN: Succeded in LoadableXmlAsset: RitualStencil

GAGARIN: Succeded in LoadableXmlAsset: PawnSilhouetteStencil

GAGARIN: Succeded in LoadableXmlAsset: PawnSilhouetteStencilGlow

GAGARIN: Succeded in LoadableXmlAsset: PawnSilhouetteStencilColorAnimated

GAGARIN: Succeded in LoadableXmlAsset: TerrainFadeRoughSoftLight

GAGARIN: Succeded in LoadableXmlAsset: TerrainFadeRoughLinearAdd

GAGARIN: Succeded in LoadableXmlAsset: TerrainFadeRoughDifference

GAGARIN: Succeded in LoadableXmlAsset: TransparentBelowSnow

GAGARIN: Succeded in LoadableXmlAsset: MoteHeatDiffusion

GAGARIN: Succeded in LoadableXmlAsset: MoteMultiplyAddScroll

GAGARIN: Succeded in LoadableXmlAsset: MoteGlowCircularScrolling

GAGARIN: Succeded in LoadableXmlAsset: MoteMultiplyAddCircular

GAGARIN: Succeded in LoadableXmlAsset: MoteMultiplyAddCircularGrayscale

GAGARIN: Succeded in LoadableXmlAsset: MoteCircularSparks

GAGARIN: Succeded in LoadableXmlAsset: MotePsychicSkipFlash

GAGARIN: Succeded in LoadableXmlAsset: MotePsychicSkipInner

GAGARIN: Succeded in LoadableXmlAsset: MotePsychicSkipRing

GAGARIN: Succeded in LoadableXmlAsset: PsychicDistortionRibbon

GAGARIN: Succeded in LoadableXmlAsset: DarkHighlightRing

GAGARIN: Succeded in LoadableXmlAsset: PsychicRitualCandleMote

GAGARIN: Succeded in LoadableXmlAsset: MoteBouncing

GAGARIN: Succeded in LoadableXmlAsset: MoteChargingPulse

GAGARIN: Succeded in LoadableXmlAsset: BioferriteHarvestPulse

GAGARIN: Succeded in LoadableXmlAsset: MoteHellfireCannon_Aim

GAGARIN: Succeded in LoadableXmlAsset: MoteHellfireCannon_Charge

GAGARIN: Succeded in LoadableXmlAsset: MoteHellfireCannon_Target

GAGARIN: Succeded in LoadableXmlAsset: MoteIncineratorBeam

GAGARIN: Succeded in LoadableXmlAsset: MoteBeam

GAGARIN: Succeded in LoadableXmlAsset: Lightshaft

GAGARIN: Succeded in LoadableXmlAsset: OrbitalDebris

GAGARIN: Succeded in LoadableXmlAsset: MoteMultiplyCircularGrayscale

GAGARIN: Succeded in LoadableXmlAsset: ShadowMask

GAGARIN: Succeded in LoadableXmlAsset: EntrySong

GAGARIN: Succeded in LoadableXmlAsset: Noodle_Planetfall_a

GAGARIN: Succeded in LoadableXmlAsset: Noodle_Planetfall_b

GAGARIN: Succeded in LoadableXmlAsset: Noodle_Planetfall_c

GAGARIN: Succeded in LoadableXmlAsset: Noodle_Planetfall_d

GAGARIN: Succeded in LoadableXmlAsset: Noodle_Planetfall_e

GAGARIN: Succeded in LoadableXmlAsset: A_New_Day

GAGARIN: Succeded in LoadableXmlAsset: Noodle_Starscape_a

GAGARIN: Succeded in LoadableXmlAsset: Noodle_Starscape_b

GAGARIN: Succeded in LoadableXmlAsset: Noodle_Starscape_c

GAGARIN: Succeded in LoadableXmlAsset: Noodle_Starscape_d

GAGARIN: Succeded in LoadableXmlAsset: Noodle_Starscape_e

GAGARIN: Succeded in LoadableXmlAsset: Noodle_Starscape_f

GAGARIN: Succeded in LoadableXmlAsset: Noodle_Mirage_b

GAGARIN: Succeded in LoadableXmlAsset: Noodle_Mirage_c

GAGARIN: Succeded in LoadableXmlAsset: Noodle_Mirage_d

GAGARIN: Succeded in LoadableXmlAsset: Noodle_Mirage_e

GAGARIN: Succeded in LoadableXmlAsset: I_Like_It_Here

GAGARIN: Succeded in LoadableXmlAsset: Cruel_Sunrise

GAGARIN: Succeded in LoadableXmlAsset: Terraformer

GAGARIN: Succeded in LoadableXmlAsset: Moving_On

GAGARIN: Succeded in LoadableXmlAsset: Night_And_Day

GAGARIN: Succeded in LoadableXmlAsset: Tribal_Assembly

GAGARIN: Succeded in LoadableXmlAsset: Ice_Shaman

GAGARIN: Succeded in LoadableXmlAsset: Barnstar

GAGARIN: Succeded in LoadableXmlAsset: Ceta

GAGARIN: Succeded in LoadableXmlAsset: Alpaca

GAGARIN: Succeded in LoadableXmlAsset: Jovian_Cycle

GAGARIN: Succeded in LoadableXmlAsset: Rough_Trail

GAGARIN: Succeded in LoadableXmlAsset: Moon_Harvest

GAGARIN: Succeded in LoadableXmlAsset: Space_Junk

GAGARIN: Succeded in LoadableXmlAsset: These_Lands

GAGARIN: Succeded in LoadableXmlAsset: Gathering_In

GAGARIN: Succeded in LoadableXmlAsset: Seasons_Turn

GAGARIN: Succeded in LoadableXmlAsset: What_Gravity

GAGARIN: Succeded in LoadableXmlAsset: Traces

GAGARIN: Succeded in LoadableXmlAsset: EndCreditsSong

GAGARIN: Succeded in LoadableXmlAsset: Here_It_Comes

GAGARIN: Succeded in LoadableXmlAsset: Close_The_Gates

GAGARIN: Succeded in LoadableXmlAsset: Riding_Out

GAGARIN: Succeded in LoadableXmlAsset: Dont_Freeze_Up

GAGARIN: Succeded in LoadableXmlAsset: Chaos_Bringer

GAGARIN: Succeded in LoadableXmlAsset: AllowCorpsesColonist

GAGARIN: Succeded in LoadableXmlAsset: AllowCorpsesStranger

GAGARIN: Succeded in LoadableXmlAsset: AllowLargeCorpses

GAGARIN: Succeded in LoadableXmlAsset: AllowRotten

GAGARIN: Succeded in LoadableXmlAsset: AllowFresh

GAGARIN: Succeded in LoadableXmlAsset: AllowPlantFood

GAGARIN: Succeded in LoadableXmlAsset: AllowSmeltableApparel

GAGARIN: Succeded in LoadableXmlAsset: AllowNonSmeltableApparel

GAGARIN: Succeded in LoadableXmlAsset: AllowBurnableApparel

GAGARIN: Succeded in LoadableXmlAsset: AllowNonBurnableApparel

GAGARIN: Succeded in LoadableXmlAsset: AllowSmeltable

GAGARIN: Succeded in LoadableXmlAsset: AllowUnfinished

GAGARIN: Succeded in LoadableXmlAsset: AllowNonSmeltableWeapons

GAGARIN: Succeded in LoadableXmlAsset: AllowNonBurnableWeapons

GAGARIN: Succeded in LoadableXmlAsset: AllowBurnableWeapons

GAGARIN: Succeded in LoadableXmlAsset: AllowBiocodedWeapons

GAGARIN: Succeded in LoadableXmlAsset: AllowNonBiocodedWeapons

GAGARIN: Succeded in LoadableXmlAsset: AllowBiocodedApparel

GAGARIN: Succeded in LoadableXmlAsset: AllowNonBiocodedApparel

GAGARIN: Succeded in LoadableXmlAsset: AllowNonDeadmansApparel

GAGARIN: Succeded in LoadableXmlAsset: AllowDeadmansApparel

GAGARIN: Succeded in LoadableXmlAsset: AllowChildOnlyApparel

GAGARIN: Succeded in LoadableXmlAsset: AllowAdultOnlyApparel

GAGARIN: Succeded in LoadableXmlAsset: AllowFemaleGender

GAGARIN: Succeded in LoadableXmlAsset: AllowMaleGender

GAGARIN: Succeded in LoadableXmlAsset: AllowMainResearch

GAGARIN: Succeded in LoadableXmlAsset: AllowBookShooting

GAGARIN: Succeded in LoadableXmlAsset: AllowBookMelee

GAGARIN: Succeded in LoadableXmlAsset: AllowBookConstruction

GAGARIN: Succeded in LoadableXmlAsset: AllowBookMining

GAGARIN: Succeded in LoadableXmlAsset: AllowBookCooking

GAGARIN: Succeded in LoadableXmlAsset: AllowBookPlants

GAGARIN: Succeded in LoadableXmlAsset: AllowBookAnimals

GAGARIN: Succeded in LoadableXmlAsset: AllowBookCrafting

GAGARIN: Succeded in LoadableXmlAsset: AllowBookArtistic

GAGARIN: Succeded in LoadableXmlAsset: AllowBookMedicine

GAGARIN: Succeded in LoadableXmlAsset: AllowBookSocial

GAGARIN: Succeded in LoadableXmlAsset: AllowBookIntellectual

GAGARIN: Succeded in LoadableXmlAsset: Smooth

GAGARIN: Succeded in LoadableXmlAsset: Planks

GAGARIN: Succeded in LoadableXmlAsset: Bricks

GAGARIN: Succeded in LoadableXmlAsset: Metal

GAGARIN: Succeded in LoadableXmlAsset: Metallic

GAGARIN: Succeded in LoadableXmlAsset: Woody

GAGARIN: Succeded in LoadableXmlAsset: Stony

GAGARIN: Succeded in LoadableXmlAsset: Fabric

GAGARIN: Succeded in LoadableXmlAsset: Leathery

GAGARIN: Succeded in LoadableXmlAsset: WaterDepth

GAGARIN: Succeded in LoadableXmlAsset: Light

GAGARIN: Succeded in LoadableXmlAsset: Medium

GAGARIN: Succeded in LoadableXmlAsset: Heavy

GAGARIN: Succeded in LoadableXmlAsset: ShallowWater

GAGARIN: Succeded in LoadableXmlAsset: MovingFluid

GAGARIN: Succeded in LoadableXmlAsset: Bridgeable

GAGARIN: Succeded in LoadableXmlAsset: GrowSoil

GAGARIN: Succeded in LoadableXmlAsset: Diggable

GAGARIN: Succeded in LoadableXmlAsset: SmoothableStone

GAGARIN: Succeded in LoadableXmlAsset: Walkable

GAGARIN: Succeded in LoadableXmlAsset: WaterproofConduitable

GAGARIN: Succeded in LoadableXmlAsset: Anything

GAGARIN: Succeded in LoadableXmlAsset: Work

GAGARIN: Succeded in LoadableXmlAsset: Joy

GAGARIN: Succeded in LoadableXmlAsset: Sleep

GAGARIN: Succeded in LoadableXmlAsset: GameplayTips

GAGARIN: Succeded in LoadableXmlAsset: None

GAGARIN: Succeded in LoadableXmlAsset: Name

GAGARIN: Succeded in LoadableXmlAsset: MarketValue

GAGARIN: Succeded in LoadableXmlAsset: Category

GAGARIN: Succeded in LoadableXmlAsset: Quality

GAGARIN: Succeded in LoadableXmlAsset: Mass

GAGARIN: Succeded in LoadableXmlAsset: HitPointsPercentage

GAGARIN: Succeded in LoadableXmlAsset: None

GAGARIN: Succeded in LoadableXmlAsset: Intermediate

GAGARIN: Succeded in LoadableXmlAsset: Advanced

GAGARIN: Succeded in LoadableXmlAsset: ReleasePrisoner

GAGARIN: Succeded in LoadableXmlAsset: FeedPatientAnimals

GAGARIN: Succeded in LoadableXmlAsset: AssistInConstruction

GAGARIN: Succeded in LoadableXmlAsset: Surface

GAGARIN: Succeded in LoadableXmlAsset: Description_SkillBook

GAGARIN: Succeded in LoadableXmlAsset: Description_Schematic

GAGARIN: Succeded in LoadableXmlAsset: Description_Novel

GAGARIN: Succeded in LoadableXmlAsset: Namer_TextBook

GAGARIN: Succeded in LoadableXmlAsset: Namer_Schematic

GAGARIN: Succeded in LoadableXmlAsset: Namer_Novel

GAGARIN: Succeded in LoadableXmlAsset: AmbushEdge

GAGARIN: Succeded in LoadableXmlAsset: AmbushEdge

GAGARIN: Succeded in LoadableXmlAsset: AmbushHidden

GAGARIN: Succeded in LoadableXmlAsset: AmbushHidden

GAGARIN: Succeded in LoadableXmlAsset: BanditCamp

GAGARIN: Succeded in LoadableXmlAsset: BanditCamp

GAGARIN: Succeded in LoadableXmlAsset: BanditCampPower

GAGARIN: Succeded in LoadableXmlAsset: DownedRefugee

GAGARIN: Succeded in LoadableXmlAsset: DownedRefugee

GAGARIN: Succeded in LoadableXmlAsset: ItemStash

GAGARIN: Succeded in LoadableXmlAsset: ItemStash

GAGARIN: Succeded in LoadableXmlAsset: Manhunters

GAGARIN: Succeded in LoadableXmlAsset: Manhunters

GAGARIN: Succeded in LoadableXmlAsset: Outpost

GAGARIN: Succeded in LoadableXmlAsset: Outpost

GAGARIN: Succeded in LoadableXmlAsset: OutpostPower

GAGARIN: Succeded in LoadableXmlAsset: PossibleUnknownThreatMarker

GAGARIN: Succeded in LoadableXmlAsset: PreciousLump

GAGARIN: Succeded in LoadableXmlAsset: PreciousLump

GAGARIN: Succeded in LoadableXmlAsset: PrisonerWillingToJoin

GAGARIN: Succeded in LoadableXmlAsset: PrisonerWillingToJoin

GAGARIN: Succeded in LoadableXmlAsset: SleepingMechanoids

GAGARIN: Succeded in LoadableXmlAsset: SleepingMechanoids

GAGARIN: Succeded in LoadableXmlAsset: Turrets

GAGARIN: Succeded in LoadableXmlAsset: Turrets

GAGARIN: Succeded in LoadableXmlAsset: TurretsPower

GAGARIN: Succeded in LoadableXmlAsset: MeleeWeapon_BreachAxe

GAGARIN: Succeded in LoadableXmlAsset: MeleeWeapon_Mace

GAGARIN: Succeded in LoadableXmlAsset: MeleeWeapon_Gladius

GAGARIN: Succeded in LoadableXmlAsset: MeleeWeapon_LongSword

GAGARIN: Succeded in LoadableXmlAsset: MeleeWeapon_Club

GAGARIN: Succeded in LoadableXmlAsset: MeleeWeapon_Knife

GAGARIN: Succeded in LoadableXmlAsset: MeleeWeapon_Ikwa

GAGARIN: Succeded in LoadableXmlAsset: MeleeWeapon_Spear

GAGARIN: Succeded in LoadableXmlAsset: Bullet_Revolver

GAGARIN: Succeded in LoadableXmlAsset: Gun_Revolver

GAGARIN: Succeded in LoadableXmlAsset: Gun_Autopistol

GAGARIN: Succeded in LoadableXmlAsset: Bullet_Autopistol

GAGARIN: Succeded in LoadableXmlAsset: Gun_MachinePistol

GAGARIN: Succeded in LoadableXmlAsset: Bullet_MachinePistol

GAGARIN: Succeded in LoadableXmlAsset: Gun_IncendiaryLauncher

GAGARIN: Succeded in LoadableXmlAsset: Bullet_IncendiaryLauncher

GAGARIN: Succeded in LoadableXmlAsset: Gun_SmokeLauncher

GAGARIN: Succeded in LoadableXmlAsset: Bullet_SmokeLauncher

GAGARIN: Succeded in LoadableXmlAsset: Gun_EmpLauncher

GAGARIN: Succeded in LoadableXmlAsset: Bullet_EMPLauncher

GAGARIN: Succeded in LoadableXmlAsset: Gun_BoltActionRifle

GAGARIN: Succeded in LoadableXmlAsset: Bullet_BoltActionRifle

GAGARIN: Succeded in LoadableXmlAsset: Gun_PumpShotgun

GAGARIN: Succeded in LoadableXmlAsset: Bullet_Shotgun

GAGARIN: Succeded in LoadableXmlAsset: Gun_ChainShotgun

GAGARIN: Succeded in LoadableXmlAsset: Gun_HeavySMG

GAGARIN: Succeded in LoadableXmlAsset: Bullet_HeavySMG

GAGARIN: Succeded in LoadableXmlAsset: Gun_LMG

GAGARIN: Succeded in LoadableXmlAsset: Bullet_LMG

GAGARIN: Succeded in LoadableXmlAsset: Gun_AssaultRifle

GAGARIN: Succeded in LoadableXmlAsset: Bullet_AssaultRifle

GAGARIN: Succeded in LoadableXmlAsset: Gun_SniperRifle

GAGARIN: Succeded in LoadableXmlAsset: Bullet_SniperRifle

GAGARIN: Succeded in LoadableXmlAsset: Gun_Minigun

GAGARIN: Succeded in LoadableXmlAsset: Bullet_Minigun

GAGARIN: Succeded in LoadableXmlAsset: Gun_TripleRocket

GAGARIN: Succeded in LoadableXmlAsset: Bullet_Rocket

GAGARIN: Succeded in LoadableXmlAsset: Gun_DoomsdayRocket

GAGARIN: Succeded in LoadableXmlAsset: Bullet_DoomsdayRocket

GAGARIN: Succeded in LoadableXmlAsset: Weapon_GrenadeFrag

GAGARIN: Succeded in LoadableXmlAsset: Proj_GrenadeFrag

GAGARIN: Succeded in LoadableXmlAsset: Weapon_GrenadeMolotov

GAGARIN: Succeded in LoadableXmlAsset: Proj_GrenadeMolotov

GAGARIN: Succeded in LoadableXmlAsset: Weapon_GrenadeEMP

GAGARIN: Succeded in LoadableXmlAsset: Proj_GrenadeEMP

GAGARIN: Succeded in LoadableXmlAsset: Bullet_ChargeBlasterHeavy

GAGARIN: Succeded in LoadableXmlAsset: Gun_ChargeBlasterHeavy

GAGARIN: Succeded in LoadableXmlAsset: Bullet_InfernoCannon

GAGARIN: Succeded in LoadableXmlAsset: Gun_InfernoCannon

GAGARIN: Succeded in LoadableXmlAsset: Gun_Needle

GAGARIN: Succeded in LoadableXmlAsset: Bullet_NeedleGun

GAGARIN: Succeded in LoadableXmlAsset: Bow_Short

GAGARIN: Succeded in LoadableXmlAsset: Arrow_Short

GAGARIN: Succeded in LoadableXmlAsset: Pila

GAGARIN: Succeded in LoadableXmlAsset: Pilum_Thrown

GAGARIN: Succeded in LoadableXmlAsset: Bow_Recurve

GAGARIN: Succeded in LoadableXmlAsset: Arrow_Recurve

GAGARIN: Succeded in LoadableXmlAsset: Bow_Great

GAGARIN: Succeded in LoadableXmlAsset: Arrow_Great

GAGARIN: Succeded in LoadableXmlAsset: Gun_ChargeRifle

GAGARIN: Succeded in LoadableXmlAsset: Bullet_ChargeRifle

GAGARIN: Succeded in LoadableXmlAsset: Gun_ChargeLance

GAGARIN: Succeded in LoadableXmlAsset: Bullet_ChargeLance

GAGARIN: Succeded in LoadableXmlAsset: OrbitalTargeterBombardment

GAGARIN: Succeded in LoadableXmlAsset: OrbitalTargeterPowerBeam

GAGARIN: Succeded in LoadableXmlAsset: TornadoGenerator

GAGARIN: Succeded in LoadableXmlAsset: Gun_ThumpCannon

GAGARIN: Succeded in LoadableXmlAsset: Bullet_ThumpCannon

GAGARIN: Succeded in LoadableXmlAsset: Painblock

GAGARIN: Succeded in LoadableXmlAsset: Stun

GAGARIN: Succeded in LoadableXmlAsset: Burden

GAGARIN: Succeded in LoadableXmlAsset: BlindingPulse

GAGARIN: Succeded in LoadableXmlAsset: EntropyDump

GAGARIN: Succeded in LoadableXmlAsset: Beckon

GAGARIN: Succeded in LoadableXmlAsset: VertigoPulse

GAGARIN: Succeded in LoadableXmlAsset: ChaosSkip

GAGARIN: Succeded in LoadableXmlAsset: Skip

GAGARIN: Succeded in LoadableXmlAsset: Wallraise

GAGARIN: Succeded in LoadableXmlAsset: Smokepop

GAGARIN: Succeded in LoadableXmlAsset: Focus

GAGARIN: Succeded in LoadableXmlAsset: Berserk

GAGARIN: Succeded in LoadableXmlAsset: Invisibility

GAGARIN: Succeded in LoadableXmlAsset: BerserkPulse

GAGARIN: Succeded in LoadableXmlAsset: ManhunterPulse

GAGARIN: Succeded in LoadableXmlAsset: MassChaosSkip

GAGARIN: Succeded in LoadableXmlAsset: Waterskip

GAGARIN: Succeded in LoadableXmlAsset: Flashstorm

GAGARIN: Succeded in LoadableXmlAsset: BulletShield

GAGARIN: Succeded in LoadableXmlAsset: Speech

GAGARIN: Succeded in LoadableXmlAsset: SolarPinhole

GAGARIN: Succeded in LoadableXmlAsset: WordOfTrust

GAGARIN: Succeded in LoadableXmlAsset: WordOfJoy

GAGARIN: Succeded in LoadableXmlAsset: WordOfLove

GAGARIN: Succeded in LoadableXmlAsset: WordOfSerenity

GAGARIN: Succeded in LoadableXmlAsset: WordOfInspiration

GAGARIN: Succeded in LoadableXmlAsset: Farskip

GAGARIN: Succeded in LoadableXmlAsset: Neuroquake

GAGARIN: Succeded in LoadableXmlAsset: Chunkskip

GAGARIN: Succeded in LoadableXmlAsset: WordOf

GAGARIN: Succeded in LoadableXmlAsset: Psychic

GAGARIN: Succeded in LoadableXmlAsset: Skip

GAGARIN: Succeded in LoadableXmlAsset: Sophian

GAGARIN: Succeded in LoadableXmlAsset: Concert

GAGARIN: Succeded in LoadableXmlAsset: Bestow

GAGARIN: Succeded in LoadableXmlAsset: LinkWithAnimaTree

GAGARIN: Succeded in LoadableXmlAsset: LinkWithAnimaTreeSecondary

GAGARIN: Succeded in LoadableXmlAsset: ActivatorProximityTriggered

GAGARIN: Succeded in LoadableXmlAsset: MechDropBeaconActivated

GAGARIN: Succeded in LoadableXmlAsset: Interceptor_BlockedProjectilePsychic

GAGARIN: Succeded in LoadableXmlAsset: JumpFlightEffect

GAGARIN: Succeded in LoadableXmlAsset: JumpWarmupEffect

GAGARIN: Succeded in LoadableXmlAsset: Broadshield_Burnout

GAGARIN: Succeded in LoadableXmlAsset: FlashstormAreaEffect

GAGARIN: Succeded in LoadableXmlAsset: BulletShieldAreaEffect

GAGARIN: Succeded in LoadableXmlAsset: WordOfApply

GAGARIN: Succeded in LoadableXmlAsset: PsychicApplyNeuroquake

GAGARIN: Succeded in LoadableXmlAsset: WaterskipSplashParticles

GAGARIN: Succeded in LoadableXmlAsset: BroadshieldActivation

GAGARIN: Succeded in LoadableXmlAsset: PsycastSkipEffect

GAGARIN: Succeded in LoadableXmlAsset: EntropyPulse

GAGARIN: Succeded in LoadableXmlAsset: JumpFlame

GAGARIN: Succeded in LoadableXmlAsset: JumpFlameGlow

GAGARIN: Succeded in LoadableXmlAsset: MechDropBeaconActivated

GAGARIN: Succeded in LoadableXmlAsset: Mote_CastPsycast

GAGARIN: Succeded in LoadableXmlAsset: Mote_PsyfocusPulse

GAGARIN: Succeded in LoadableXmlAsset: Mote_PsychicLinkLine

GAGARIN: Succeded in LoadableXmlAsset: Mote_PsychicLinkPulse

GAGARIN: Succeded in LoadableXmlAsset: Mote_ProximityScannerRadius

GAGARIN: Succeded in LoadableXmlAsset: Mote_ProximityScannerActivated

GAGARIN: Succeded in LoadableXmlAsset: Mote_WarmupWordOf

GAGARIN: Succeded in LoadableXmlAsset: Mote_WarmupNeuroquake

GAGARIN: Succeded in LoadableXmlAsset: Mote_Bestow

GAGARIN: Succeded in LoadableXmlAsset: OutlanderRefugee

GAGARIN: Succeded in LoadableXmlAsset: Empire

GAGARIN: Succeded in LoadableXmlAsset: EmpireRaidLootMaker

GAGARIN: Succeded in LoadableXmlAsset: NamerFactionEmpire

GAGARIN: Succeded in LoadableXmlAsset: NamerSettlementEmpire

GAGARIN: Succeded in LoadableXmlAsset: NamerPersonSophian

GAGARIN: Succeded in LoadableXmlAsset: NamerPersonSophianFemale

GAGARIN: Succeded in LoadableXmlAsset: Concert

GAGARIN: Succeded in LoadableXmlAsset: Artist

GAGARIN: Succeded in LoadableXmlAsset: Mary

GAGARIN: Succeded in LoadableXmlAsset: Anne

GAGARIN: Succeded in LoadableXmlAsset: Elisabeth

GAGARIN: Succeded in LoadableXmlAsset: Jane

GAGARIN: Succeded in LoadableXmlAsset: Lisa

GAGARIN: Succeded in LoadableXmlAsset: Victoria

GAGARIN: Succeded in LoadableXmlAsset: Henry

GAGARIN: Succeded in LoadableXmlAsset: Richard

GAGARIN: Succeded in LoadableXmlAsset: Stephen

GAGARIN: Succeded in LoadableXmlAsset: William

GAGARIN: Succeded in LoadableXmlAsset: PsychicSensitizer

GAGARIN: Succeded in LoadableXmlAsset: PsychicSensitizer

GAGARIN: Succeded in LoadableXmlAsset: InstallPsychicSensitizer

GAGARIN: Succeded in LoadableXmlAsset: RemovePsychicSensitizer

GAGARIN: Succeded in LoadableXmlAsset: PsychicHarmonization

GAGARIN: Succeded in LoadableXmlAsset: PsychicHarmonizer

GAGARIN: Succeded in LoadableXmlAsset: PsychicHarmonizer

GAGARIN: Succeded in LoadableXmlAsset: InstallPsychicHarmonizer

GAGARIN: Succeded in LoadableXmlAsset: RemovePsychicHarmonizer

GAGARIN: Succeded in LoadableXmlAsset: PsychicReader

GAGARIN: Succeded in LoadableXmlAsset: PsychicReader

GAGARIN: Succeded in LoadableXmlAsset: InstallPsychicReader

GAGARIN: Succeded in LoadableXmlAsset: RemovePsychicReader

GAGARIN: Succeded in LoadableXmlAsset: Neurocalculator

GAGARIN: Succeded in LoadableXmlAsset: Neurocalculator

GAGARIN: Succeded in LoadableXmlAsset: InstallNeurocalculator

GAGARIN: Succeded in LoadableXmlAsset: RemoveNeurocalculator

GAGARIN: Succeded in LoadableXmlAsset: LearningAssistant

GAGARIN: Succeded in LoadableXmlAsset: LearningAssistant

GAGARIN: Succeded in LoadableXmlAsset: InstallLearningAssistant

GAGARIN: Succeded in LoadableXmlAsset: RemoveLearningAssistant

GAGARIN: Succeded in LoadableXmlAsset: GastroAnalyzer

GAGARIN: Succeded in LoadableXmlAsset: GastroAnalyzer

GAGARIN: Succeded in LoadableXmlAsset: InstallGastroAnalyzer

GAGARIN: Succeded in LoadableXmlAsset: RemoveGastroAnalyzer

GAGARIN: Succeded in LoadableXmlAsset: Immunoenhancer

GAGARIN: Succeded in LoadableXmlAsset: Immunoenhancer

GAGARIN: Succeded in LoadableXmlAsset: InstallImmunoenhancer

GAGARIN: Succeded in LoadableXmlAsset: RemoveImmunoenhancer

GAGARIN: Succeded in LoadableXmlAsset: Coagulator

GAGARIN: Succeded in LoadableXmlAsset: Coagulator

GAGARIN: Succeded in LoadableXmlAsset: InstallCoagulator

GAGARIN: Succeded in LoadableXmlAsset: RemoveCoagulator

GAGARIN: Succeded in LoadableXmlAsset: HealingEnhancer

GAGARIN: Succeded in LoadableXmlAsset: HealingEnhancer

GAGARIN: Succeded in LoadableXmlAsset: InstallHealingEnhancer

GAGARIN: Succeded in LoadableXmlAsset: RemoveHealingEnhancer

GAGARIN: Succeded in LoadableXmlAsset: ToughskinGland

GAGARIN: Succeded in LoadableXmlAsset: ToughskinGland

GAGARIN: Succeded in LoadableXmlAsset: InstallToughskinGland

GAGARIN: Succeded in LoadableXmlAsset: RemoveToughskinGland

GAGARIN: Succeded in LoadableXmlAsset: ArmorskinGland

GAGARIN: Succeded in LoadableXmlAsset: ArmorskinGland

GAGARIN: Succeded in LoadableXmlAsset: InstallArmorskinGland

GAGARIN: Succeded in LoadableXmlAsset: RemoveArmorskinGland

GAGARIN: Succeded in LoadableXmlAsset: StoneskinGland

GAGARIN: Succeded in LoadableXmlAsset: StoneskinGland

GAGARIN: Succeded in LoadableXmlAsset: InstallStoneskinGland

GAGARIN: Succeded in LoadableXmlAsset: RemoveStoneskinGland

GAGARIN: Succeded in LoadableXmlAsset: AestheticShaper

GAGARIN: Succeded in LoadableXmlAsset: AestheticShaper

GAGARIN: Succeded in LoadableXmlAsset: InstallAestheticShaper

GAGARIN: Succeded in LoadableXmlAsset: RemoveAestheticShaper

GAGARIN: Succeded in LoadableXmlAsset: AestheticNose

GAGARIN: Succeded in LoadableXmlAsset: AestheticNose

GAGARIN: Succeded in LoadableXmlAsset: InstallAestheticNose

GAGARIN: Succeded in LoadableXmlAsset: RemoveAestheticNose

GAGARIN: Succeded in LoadableXmlAsset: LoveEnhancer

GAGARIN: Succeded in LoadableXmlAsset: LoveEnhancer

GAGARIN: Succeded in LoadableXmlAsset: InstallLoveEnhancer

GAGARIN: Succeded in LoadableXmlAsset: RemoveLoveEnhancer

GAGARIN: Succeded in LoadableXmlAsset: DetoxifierStomach

GAGARIN: Succeded in LoadableXmlAsset: DetoxifierStomach

GAGARIN: Succeded in LoadableXmlAsset: InstallDetoxifierStomach

GAGARIN: Succeded in LoadableXmlAsset: ReprocessorStomach

GAGARIN: Succeded in LoadableXmlAsset: ReprocessorStomach

GAGARIN: Succeded in LoadableXmlAsset: InstallReprocessorStomach

GAGARIN: Succeded in LoadableXmlAsset: NuclearStomach

GAGARIN: Succeded in LoadableXmlAsset: NuclearStomach

GAGARIN: Succeded in LoadableXmlAsset: InstallNuclearStomach

GAGARIN: Succeded in LoadableXmlAsset: CircadianAssistant

GAGARIN: Succeded in LoadableXmlAsset: CircadianAssistant

GAGARIN: Succeded in LoadableXmlAsset: InstallCircadianAssistant

GAGARIN: Succeded in LoadableXmlAsset: RemoveCircadianAssistant

GAGARIN: Succeded in LoadableXmlAsset: CircadianHalfCycler

GAGARIN: Succeded in LoadableXmlAsset: CircadianHalfCycler

GAGARIN: Succeded in LoadableXmlAsset: InstallCircadianHalfCycler

GAGARIN: Succeded in LoadableXmlAsset: RemoveCircadianHalfCycler

GAGARIN: Succeded in LoadableXmlAsset: Mindscrew

GAGARIN: Succeded in LoadableXmlAsset: Mindscrew

GAGARIN: Succeded in LoadableXmlAsset: InstallMindscrew

GAGARIN: Succeded in LoadableXmlAsset: DrillArm

GAGARIN: Succeded in LoadableXmlAsset: DrillArm

GAGARIN: Succeded in LoadableXmlAsset: InstallDrillArm

GAGARIN: Succeded in LoadableXmlAsset: FieldHand

GAGARIN: Succeded in LoadableXmlAsset: FieldHand

GAGARIN: Succeded in LoadableXmlAsset: InstallFieldHand

GAGARIN: Succeded in LoadableXmlAsset: HandTalon

GAGARIN: Succeded in LoadableXmlAsset: HandTalon

GAGARIN: Succeded in LoadableXmlAsset: InstallHandTalon

GAGARIN: Succeded in LoadableXmlAsset: RemoveHandTalon

GAGARIN: Succeded in LoadableXmlAsset: ElbowBlade

GAGARIN: Succeded in LoadableXmlAsset: ElbowBlade

GAGARIN: Succeded in LoadableXmlAsset: InstallElbowBlade

GAGARIN: Succeded in LoadableXmlAsset: RemoveElbowBlade

GAGARIN: Succeded in LoadableXmlAsset: KneeSpike

GAGARIN: Succeded in LoadableXmlAsset: KneeSpike

GAGARIN: Succeded in LoadableXmlAsset: InstallKneeSpike

GAGARIN: Succeded in LoadableXmlAsset: RemoveKneeSpike

GAGARIN: Succeded in LoadableXmlAsset: VenomFangs

GAGARIN: Succeded in LoadableXmlAsset: VenomFangs

GAGARIN: Succeded in LoadableXmlAsset: InstallVenomFangs

GAGARIN: Succeded in LoadableXmlAsset: RemoveVenomFangs

GAGARIN: Succeded in LoadableXmlAsset: VenomTalon

GAGARIN: Succeded in LoadableXmlAsset: VenomTalon

GAGARIN: Succeded in LoadableXmlAsset: InstallVenomTalon

GAGARIN: Succeded in LoadableXmlAsset: RemoveVenomTalon

GAGARIN: Succeded in LoadableXmlAsset: BloodRot

GAGARIN: Succeded in LoadableXmlAsset: CureBloodRot

GAGARIN: Succeded in LoadableXmlAsset: Abasia

GAGARIN: Succeded in LoadableXmlAsset: CureAbasia

GAGARIN: Succeded in LoadableXmlAsset: PsychicEntropy

GAGARIN: Succeded in LoadableXmlAsset: PsychicBreakdown

GAGARIN: Succeded in LoadableXmlAsset: PsychicAnesthesia

GAGARIN: Succeded in LoadableXmlAsset: PsychicBurden

GAGARIN: Succeded in LoadableXmlAsset: PsychicBlindness

GAGARIN: Succeded in LoadableXmlAsset: PsychicVertigo

GAGARIN: Succeded in LoadableXmlAsset: PsychicFocus

GAGARIN: Succeded in LoadableXmlAsset: EntropyLink

GAGARIN: Succeded in LoadableXmlAsset: Joyfuzz

GAGARIN: Succeded in LoadableXmlAsset: PsychicLove

GAGARIN: Succeded in LoadableXmlAsset: WandererJoinAbasia

GAGARIN: Succeded in LoadableXmlAsset: MechCluster

GAGARIN: Succeded in LoadableXmlAsset: CaravanArrivalTributeCollector

GAGARIN: Succeded in LoadableXmlAsset: AnimaTreeSpawn

GAGARIN: Succeded in LoadableXmlAsset: GiveQuest_EndGame_RoyalAscent

GAGARIN: Succeded in LoadableXmlAsset: GiveQuest_Intro_Wimp

GAGARIN: Succeded in LoadableXmlAsset: GiveQuest_Intro_Deserter

GAGARIN: Succeded in LoadableXmlAsset: ProblemCauser

GAGARIN: Succeded in LoadableXmlAsset: WordOfTrust

GAGARIN: Succeded in LoadableXmlAsset: WordOfJoy

GAGARIN: Succeded in LoadableXmlAsset: WordOfLove

GAGARIN: Succeded in LoadableXmlAsset: WordOfSerenity

GAGARIN: Succeded in LoadableXmlAsset: WordOfInspiration

GAGARIN: Succeded in LoadableXmlAsset: Reign

GAGARIN: Succeded in LoadableXmlAsset: LinkPsylinkable

GAGARIN: Succeded in LoadableXmlAsset: BestowingCeremony

GAGARIN: Succeded in LoadableXmlAsset: Play_MusicalInstrument

GAGARIN: Succeded in LoadableXmlAsset: AnimaTrees

GAGARIN: Succeded in LoadableXmlAsset: WildDecree

GAGARIN: Succeded in LoadableXmlAsset: Sophiamunda

GAGARIN: Succeded in LoadableXmlAsset: BulletShieldPsychic

GAGARIN: Succeded in LoadableXmlAsset: CloudOverlay

GAGARIN: Succeded in LoadableXmlAsset: MoteBestowWarmup

GAGARIN: Succeded in LoadableXmlAsset: Authority

GAGARIN: Succeded in LoadableXmlAsset: Slave_Empire

GAGARIN: Succeded in LoadableXmlAsset: Empire_Common_Lodger

GAGARIN: Succeded in LoadableXmlAsset: Empire_Common_Trader

GAGARIN: Succeded in LoadableXmlAsset: Empire_Common_Laborer

GAGARIN: Succeded in LoadableXmlAsset: Empire_Fighter_Trooper

GAGARIN: Succeded in LoadableXmlAsset: Empire_Fighter_Grenadier

GAGARIN: Succeded in LoadableXmlAsset: Empire_Fighter_Janissary

GAGARIN: Succeded in LoadableXmlAsset: Empire_Fighter_Champion

GAGARIN: Succeded in LoadableXmlAsset: Empire_Fighter_Cataphract

GAGARIN: Succeded in LoadableXmlAsset: Empire_Fighter_StellicGuardRanged

GAGARIN: Succeded in LoadableXmlAsset: Empire_Fighter_StellicGuardMelee

GAGARIN: Succeded in LoadableXmlAsset: Empire_Royal_NobleWimp

GAGARIN: Succeded in LoadableXmlAsset: Empire_Royal_Yeoman

GAGARIN: Succeded in LoadableXmlAsset: Empire_Royal_Acolyte

GAGARIN: Succeded in LoadableXmlAsset: Empire_Royal_Knight

GAGARIN: Succeded in LoadableXmlAsset: Empire_Royal_Praetor

GAGARIN: Succeded in LoadableXmlAsset: Empire_Royal_Baron

GAGARIN: Succeded in LoadableXmlAsset: Empire_Royal_Count

GAGARIN: Succeded in LoadableXmlAsset: Empire_Royal_Duke

GAGARIN: Succeded in LoadableXmlAsset: Empire_Royal_Consul

GAGARIN: Succeded in LoadableXmlAsset: Empire_Royal_Stellarch

GAGARIN: Succeded in LoadableXmlAsset: Empire_Royal_Bestower

GAGARIN: Succeded in LoadableXmlAsset: Refugee

GAGARIN: Succeded in LoadableXmlAsset: ThroneSpeech

GAGARIN: Succeded in LoadableXmlAsset: AnimaTreeLinking

GAGARIN: Succeded in LoadableXmlAsset: Mission_BanditCamp

GAGARIN: Succeded in LoadableXmlAsset: Permit_CallLaborers

GAGARIN: Succeded in LoadableXmlAsset: ProblemCauser

GAGARIN: Succeded in LoadableXmlAsset: Util_TransportShip_DropOff

GAGARIN: Succeded in LoadableXmlAsset: Util_TransportShip_Pickup

GAGARIN: Succeded in LoadableXmlAsset: BestowingCeremony

GAGARIN: Succeded in LoadableXmlAsset: ChangeRoyalHeir

GAGARIN: Succeded in LoadableXmlAsset: Hospitality_Refugee

GAGARIN: Succeded in LoadableXmlAsset: RefugeeDelayedReward

GAGARIN: Succeded in LoadableXmlAsset: RefugeeBetrayal

GAGARIN: Succeded in LoadableXmlAsset: PawnLend

GAGARIN: Succeded in LoadableXmlAsset: ShuttleCrash_Rescue

GAGARIN: Succeded in LoadableXmlAsset: WandererJoinAbasia

GAGARIN: Succeded in LoadableXmlAsset: NobleApparel

GAGARIN: Succeded in LoadableXmlAsset: RoyalApparel

GAGARIN: Succeded in LoadableXmlAsset: CataphractArmor

GAGARIN: Succeded in LoadableXmlAsset: JumpPack

GAGARIN: Succeded in LoadableXmlAsset: Gunlink

GAGARIN: Succeded in LoadableXmlAsset: BrainWiring

GAGARIN: Succeded in LoadableXmlAsset: SpecializedLimbs

GAGARIN: Succeded in LoadableXmlAsset: CompactWeaponry

GAGARIN: Succeded in LoadableXmlAsset: VenomSynthesis

GAGARIN: Succeded in LoadableXmlAsset: ArtificialMetabolism

GAGARIN: Succeded in LoadableXmlAsset: NeuralComputation

GAGARIN: Succeded in LoadableXmlAsset: SkinHardening

GAGARIN: Succeded in LoadableXmlAsset: HealingFactors

GAGARIN: Succeded in LoadableXmlAsset: FleshShaping

GAGARIN: Succeded in LoadableXmlAsset: MolecularAnalysis

GAGARIN: Succeded in LoadableXmlAsset: CircadianInfluence

GAGARIN: Succeded in LoadableXmlAsset: Harp

GAGARIN: Succeded in LoadableXmlAsset: Harpsichord

GAGARIN: Succeded in LoadableXmlAsset: Piano

GAGARIN: Succeded in LoadableXmlAsset: RechargePsyfocus

GAGARIN: Succeded in LoadableXmlAsset: ThroneSpeech

GAGARIN: Succeded in LoadableXmlAsset: AnimaTreeLinking

GAGARIN: Succeded in LoadableXmlAsset: BestowingCeremony

GAGARIN: Succeded in LoadableXmlAsset: AnimaTreeLinking

GAGARIN: Succeded in LoadableXmlAsset: UsableThrone

GAGARIN: Succeded in LoadableXmlAsset: SelectedThing

GAGARIN: Succeded in LoadableXmlAsset: AnimaTree

GAGARIN: Succeded in LoadableXmlAsset: ThroneRoom

GAGARIN: Succeded in LoadableXmlAsset: TradeSettlement

GAGARIN: Succeded in LoadableXmlAsset: TradeOrbital

GAGARIN: Succeded in LoadableXmlAsset: TradeCaravan

GAGARIN: Succeded in LoadableXmlAsset: SteelDrop

GAGARIN: Succeded in LoadableXmlAsset: FoodDrop

GAGARIN: Succeded in LoadableXmlAsset: SilverDrop

GAGARIN: Succeded in LoadableXmlAsset: GlitterMedDrop

GAGARIN: Succeded in LoadableXmlAsset: CallLaborerTeam

GAGARIN: Succeded in LoadableXmlAsset: CallLaborerGang

GAGARIN: Succeded in LoadableXmlAsset: CallMilitaryAidSmall

GAGARIN: Succeded in LoadableXmlAsset: CallMilitaryAidLarge

GAGARIN: Succeded in LoadableXmlAsset: CallMilitaryAidGrand

GAGARIN: Succeded in LoadableXmlAsset: CallOrbitalStrike

GAGARIN: Succeded in LoadableXmlAsset: CallOrbitalSalvo

GAGARIN: Succeded in LoadableXmlAsset: CallTransportShuttle

GAGARIN: Succeded in LoadableXmlAsset: Freeholder

GAGARIN: Succeded in LoadableXmlAsset: Yeoman

GAGARIN: Succeded in LoadableXmlAsset: Acolyte

GAGARIN: Succeded in LoadableXmlAsset: Knight

GAGARIN: Succeded in LoadableXmlAsset: Praetor

GAGARIN: Succeded in LoadableXmlAsset: Baron

GAGARIN: Succeded in LoadableXmlAsset: Count

GAGARIN: Succeded in LoadableXmlAsset: Duke

GAGARIN: Succeded in LoadableXmlAsset: Consul

GAGARIN: Succeded in LoadableXmlAsset: Stellarch

GAGARIN: Succeded in LoadableXmlAsset: Emperor

GAGARIN: Succeded in LoadableXmlAsset: GainedTitle

GAGARIN: Succeded in LoadableXmlAsset: LostTitle

GAGARIN: Succeded in LoadableXmlAsset: TitleApparelRequirementNotMet

GAGARIN: Succeded in LoadableXmlAsset: TitleApparelMinQualityNotMet

GAGARIN: Succeded in LoadableXmlAsset: TitleThroneroomRequirementsNotMet

GAGARIN: Succeded in LoadableXmlAsset: TitleBedroomRequirementsNotMet

GAGARIN: Succeded in LoadableXmlAsset: TitleNoThroneRoom

GAGARIN: Succeded in LoadableXmlAsset: TitleNoPersonalBedroom

GAGARIN: Succeded in LoadableXmlAsset: LandingPad

GAGARIN: Succeded in LoadableXmlAsset: ThroneRoom

GAGARIN: Succeded in LoadableXmlAsset: Interior_ThroneRoom

GAGARIN: Succeded in LoadableXmlAsset: NamerFactionRefugee

GAGARIN: Succeded in LoadableXmlAsset: Ship_Shuttle

GAGARIN: Succeded in LoadableXmlAsset: MechCluster

GAGARIN: Succeded in LoadableXmlAsset: MechClusterWalls

GAGARIN: Succeded in LoadableXmlAsset: Alignment

GAGARIN: Succeded in LoadableXmlAsset: Architect

GAGARIN: Succeded in LoadableXmlAsset: Believe

GAGARIN: Succeded in LoadableXmlAsset: Block_Universe

GAGARIN: Succeded in LoadableXmlAsset: Detatched_Viewpoint

GAGARIN: Succeded in LoadableXmlAsset: Fealty

GAGARIN: Succeded in LoadableXmlAsset: Information_Entropy

GAGARIN: Succeded in LoadableXmlAsset: Meditate

GAGARIN: Succeded in LoadableXmlAsset: Mind_Map

GAGARIN: Succeded in LoadableXmlAsset: On_The_Surface

GAGARIN: Succeded in LoadableXmlAsset: String_Theory

GAGARIN: Succeded in LoadableXmlAsset: Succession

GAGARIN: Succeded in LoadableXmlAsset: Baselius

GAGARIN: Succeded in LoadableXmlAsset: SunBlocker_Ambience

GAGARIN: Succeded in LoadableXmlAsset: GasSpewer_Ambience

GAGARIN: Succeded in LoadableXmlAsset: WeatherAffecter_Ambience

GAGARIN: Succeded in LoadableXmlAsset: EMIDynamo_Ambience

GAGARIN: Succeded in LoadableXmlAsset: ActivatorCountdown_Ambience

GAGARIN: Succeded in LoadableXmlAsset: ActivatorProximity_Ambience

GAGARIN: Succeded in LoadableXmlAsset: Broadshield_Ambience

GAGARIN: Succeded in LoadableXmlAsset: MechAssembler_Spawn

GAGARIN: Succeded in LoadableXmlAsset: Harp_Play

GAGARIN: Succeded in LoadableXmlAsset: Harpsichord_Play

GAGARIN: Succeded in LoadableXmlAsset: Piano_Play

GAGARIN: Succeded in LoadableXmlAsset: MechClusterDefeated

GAGARIN: Succeded in LoadableXmlAsset: Broadshield_Startup

GAGARIN: Succeded in LoadableXmlAsset: AnimaTreeProgress

GAGARIN: Succeded in LoadableXmlAsset: AnimaTreeScream

GAGARIN: Succeded in LoadableXmlAsset: AnimaTreeLink

GAGARIN: Succeded in LoadableXmlAsset: Bestowing_Start

GAGARIN: Succeded in LoadableXmlAsset: Bestowing_Finished

GAGARIN: Succeded in LoadableXmlAsset: Bestowing_Warmup

GAGARIN: Succeded in LoadableXmlAsset: MeleeHit_BladelinkMonoSword

GAGARIN: Succeded in LoadableXmlAsset: MeleeHit_BladelinkZeusHammer

GAGARIN: Succeded in LoadableXmlAsset: MeleeHit_BladelinkPlasmaSword

GAGARIN: Succeded in LoadableXmlAsset: MeleeHit_MonoSword

GAGARIN: Succeded in LoadableXmlAsset: MeleeHit_ZeusHammer

GAGARIN: Succeded in LoadableXmlAsset: MeleeHit_PlasmaSword

GAGARIN: Succeded in LoadableXmlAsset: MeleeHit_DrillArm

GAGARIN: Succeded in LoadableXmlAsset: MeleeMiss_DrillArm

GAGARIN: Succeded in LoadableXmlAsset: MeleeHit_FieldHand

GAGARIN: Succeded in LoadableXmlAsset: MeleeMiss_FieldHand

GAGARIN: Succeded in LoadableXmlAsset: MeleeHit_BionicSlash

GAGARIN: Succeded in LoadableXmlAsset: MeleeMiss_BionicSlash

GAGARIN: Succeded in LoadableXmlAsset: PsycastPsychicEffect

GAGARIN: Succeded in LoadableXmlAsset: Psycast_Skip_Exit

GAGARIN: Succeded in LoadableXmlAsset: PsycastPsychicPulse

GAGARIN: Succeded in LoadableXmlAsset: Psycast_Skip_Pulse

GAGARIN: Succeded in LoadableXmlAsset: PsycastWallraise

GAGARIN: Succeded in LoadableXmlAsset: PsycastCastLoop

GAGARIN: Succeded in LoadableXmlAsset: PsychicEntropyOverloaded

GAGARIN: Succeded in LoadableXmlAsset: PsychicEntropyHyperloaded

GAGARIN: Succeded in LoadableXmlAsset: PsychicEntropyBrainCharring

GAGARIN: Succeded in LoadableXmlAsset: PsychicEntropyBrainRoasting

GAGARIN: Succeded in LoadableXmlAsset: MeditationGainPsyfocus

GAGARIN: Succeded in LoadableXmlAsset: Psycast_WordOf_Warmup

GAGARIN: Succeded in LoadableXmlAsset: Psycast_WordOf_Effect

GAGARIN: Succeded in LoadableXmlAsset: Psycast_Neuroquake_CastLoop

GAGARIN: Succeded in LoadableXmlAsset: Psycast_Neuroquake_CastStart

GAGARIN: Succeded in LoadableXmlAsset: Psycast_Neuroquake_CastEnd

GAGARIN: Succeded in LoadableXmlAsset: Psycast_Neuroquake_Effect

GAGARIN: Succeded in LoadableXmlAsset: TechprintApplied

GAGARIN: Succeded in LoadableXmlAsset: OrbitalStrike_Ordered

GAGARIN: Succeded in LoadableXmlAsset: JumpPackLand

GAGARIN: Succeded in LoadableXmlAsset: JumpPackLaunch

GAGARIN: Succeded in LoadableXmlAsset: JumpPackPreLaunch

GAGARIN: Succeded in LoadableXmlAsset: ActivatorProximityTriggered

GAGARIN: Succeded in LoadableXmlAsset: Interact_BladelinkMonoSword

GAGARIN: Succeded in LoadableXmlAsset: Interact_BladelinkPlasmaSword

GAGARIN: Succeded in LoadableXmlAsset: Interact_BladelinkZeusHammer

GAGARIN: Succeded in LoadableXmlAsset: Interact_MonoSword

GAGARIN: Succeded in LoadableXmlAsset: Interact_PlasmaSword

GAGARIN: Succeded in LoadableXmlAsset: Interact_ZeusHammer

GAGARIN: Succeded in LoadableXmlAsset: JumpRange

GAGARIN: Succeded in LoadableXmlAsset: MeditationPlantGrowthOffset

GAGARIN: Succeded in LoadableXmlAsset: PsychicEntropyGain

GAGARIN: Succeded in LoadableXmlAsset: Disease_Abasia

GAGARIN: Succeded in LoadableXmlAsset: Disease_BloodRot

GAGARIN: Succeded in LoadableXmlAsset: Gathering_Concert

GAGARIN: Succeded in LoadableXmlAsset: AttendedConcert

GAGARIN: Succeded in LoadableXmlAsset: HeldConcert

GAGARIN: Succeded in LoadableXmlAsset: CarpetFine

GAGARIN: Succeded in LoadableXmlAsset: FineTileSandstone

GAGARIN: Succeded in LoadableXmlAsset: FineTileGranite

GAGARIN: Succeded in LoadableXmlAsset: FineTileLimestone

GAGARIN: Succeded in LoadableXmlAsset: FineTileSlate

GAGARIN: Succeded in LoadableXmlAsset: FineTileMarble

GAGARIN: Succeded in LoadableXmlAsset: FineTileVacstone

GAGARIN: Succeded in LoadableXmlAsset: ConditionCauserRoom

GAGARIN: Succeded in LoadableXmlAsset: Interior_ConditionCauserRoom

GAGARIN: Succeded in LoadableXmlAsset: SunBlocker

GAGARIN: Succeded in LoadableXmlAsset: SunBlocker

GAGARIN: Succeded in LoadableXmlAsset: SunBlocker

GAGARIN: Succeded in LoadableXmlAsset: SunBlocker

GAGARIN: Succeded in LoadableXmlAsset: SmokeSpewer

GAGARIN: Succeded in LoadableXmlAsset: GiantSmokeCloud

GAGARIN: Succeded in LoadableXmlAsset: SmokeSpewer

GAGARIN: Succeded in LoadableXmlAsset: SmokeSpewer

GAGARIN: Succeded in LoadableXmlAsset: ToxicSpewer

GAGARIN: Succeded in LoadableXmlAsset: ToxicSpewer

GAGARIN: Succeded in LoadableXmlAsset: ToxicSpewer

GAGARIN: Succeded in LoadableXmlAsset: ToxicSpewer

GAGARIN: Succeded in LoadableXmlAsset: WeatherController

GAGARIN: Succeded in LoadableXmlAsset: WeatherController

GAGARIN: Succeded in LoadableXmlAsset: WeatherController

GAGARIN: Succeded in LoadableXmlAsset: WeatherController

GAGARIN: Succeded in LoadableXmlAsset: ClimateAdjuster

GAGARIN: Succeded in LoadableXmlAsset: ClimateAdjustment

GAGARIN: Succeded in LoadableXmlAsset: ClimateAdjuster

GAGARIN: Succeded in LoadableXmlAsset: ClimateAdjuster

GAGARIN: Succeded in LoadableXmlAsset: PsychicDroner

GAGARIN: Succeded in LoadableXmlAsset: PsychicDroner

GAGARIN: Succeded in LoadableXmlAsset: PsychicDroner

GAGARIN: Succeded in LoadableXmlAsset: PsychicSuppressor

GAGARIN: Succeded in LoadableXmlAsset: PsychicSuppression

GAGARIN: Succeded in LoadableXmlAsset: PsychicSuppression

GAGARIN: Succeded in LoadableXmlAsset: PsychicSuppressor

GAGARIN: Succeded in LoadableXmlAsset: PsychicSuppressor

GAGARIN: Succeded in LoadableXmlAsset: EMIDynamo

GAGARIN: Succeded in LoadableXmlAsset: EMIField

GAGARIN: Succeded in LoadableXmlAsset: EMIDynamo

GAGARIN: Succeded in LoadableXmlAsset: EMIDynamo

GAGARIN: Succeded in LoadableXmlAsset: BroadshieldProjector

GAGARIN: Succeded in LoadableXmlAsset: Drape

GAGARIN: Succeded in LoadableXmlAsset: Brazier

GAGARIN: Succeded in LoadableXmlAsset: DarklightBrazier

GAGARIN: Succeded in LoadableXmlAsset: Throne

GAGARIN: Succeded in LoadableXmlAsset: GrandThrone

GAGARIN: Succeded in LoadableXmlAsset: UnstablePowerCell

GAGARIN: Succeded in LoadableXmlAsset: Defoliator

GAGARIN: Succeded in LoadableXmlAsset: ActivatorCountdown

GAGARIN: Succeded in LoadableXmlAsset: ActivatorProximity

GAGARIN: Succeded in LoadableXmlAsset: ShieldGeneratorBullets

GAGARIN: Succeded in LoadableXmlAsset: ShieldGeneratorMortar

GAGARIN: Succeded in LoadableXmlAsset: MechCapsule

GAGARIN: Succeded in LoadableXmlAsset: MechAssembler

GAGARIN: Succeded in LoadableXmlAsset: MechDropBeacon

GAGARIN: Succeded in LoadableXmlAsset: ShipLandingBeacon

GAGARIN: Succeded in LoadableXmlAsset: MeditationSpot

GAGARIN: Succeded in LoadableXmlAsset: NatureShrine_Small

GAGARIN: Succeded in LoadableXmlAsset: NatureShrine_Large

GAGARIN: Succeded in LoadableXmlAsset: AnimusStone

GAGARIN: Succeded in LoadableXmlAsset: Harp

GAGARIN: Succeded in LoadableXmlAsset: Harpsichord

GAGARIN: Succeded in LoadableXmlAsset: UnfinishedPiano

GAGARIN: Succeded in LoadableXmlAsset: Piano

GAGARIN: Succeded in LoadableXmlAsset: Apparel_PackJump

GAGARIN: Succeded in LoadableXmlAsset: Apparel_PackBroadshield

GAGARIN: Succeded in LoadableXmlAsset: Apparel_PsyfocusHelmet

GAGARIN: Succeded in LoadableXmlAsset: Apparel_EltexSkullcap

GAGARIN: Succeded in LoadableXmlAsset: Apparel_PsyfocusShirt

GAGARIN: Succeded in LoadableXmlAsset: Apparel_PsyfocusVest

GAGARIN: Succeded in LoadableXmlAsset: Apparel_PsyfocusRobe

GAGARIN: Succeded in LoadableXmlAsset: Apparel_ShirtRuffle

GAGARIN: Succeded in LoadableXmlAsset: Apparel_Corset

GAGARIN: Succeded in LoadableXmlAsset: Apparel_VestRoyal

GAGARIN: Succeded in LoadableXmlAsset: Apparel_RobeRoyal

GAGARIN: Succeded in LoadableXmlAsset: Apparel_HatLadies

GAGARIN: Succeded in LoadableXmlAsset: Apparel_HatTop

GAGARIN: Succeded in LoadableXmlAsset: Apparel_Coronet

GAGARIN: Succeded in LoadableXmlAsset: Apparel_Crown

GAGARIN: Succeded in LoadableXmlAsset: Apparel_CrownStellic

GAGARIN: Succeded in LoadableXmlAsset: Apparel_Beret

GAGARIN: Succeded in LoadableXmlAsset: Apparel_ArmorReconPrestige

GAGARIN: Succeded in LoadableXmlAsset: Apparel_ArmorHelmetReconPrestige

GAGARIN: Succeded in LoadableXmlAsset: Apparel_ArmorMarinePrestige

GAGARIN: Succeded in LoadableXmlAsset: Apparel_ArmorMarineHelmetPrestige

GAGARIN: Succeded in LoadableXmlAsset: Apparel_ArmorCataphract

GAGARIN: Succeded in LoadableXmlAsset: Apparel_ArmorHelmetCataphract

GAGARIN: Succeded in LoadableXmlAsset: Apparel_ArmorCataphractPrestige

GAGARIN: Succeded in LoadableXmlAsset: Apparel_ArmorHelmetCataphractPrestige

GAGARIN: Succeded in LoadableXmlAsset: Apparel_ArmorLocust

GAGARIN: Succeded in LoadableXmlAsset: Apparel_ArmorMarineGrenadier

GAGARIN: Succeded in LoadableXmlAsset: Proj_GrenadierGrenade

GAGARIN: Succeded in LoadableXmlAsset: Apparel_ArmorCataphractPhoenix

GAGARIN: Succeded in LoadableXmlAsset: Proj_GrenadePhoenixFire

GAGARIN: Succeded in LoadableXmlAsset: Apparel_Gunlink

GAGARIN: Succeded in LoadableXmlAsset: ShuttleIncoming

GAGARIN: Succeded in LoadableXmlAsset: ShuttleLeaving

GAGARIN: Succeded in LoadableXmlAsset: MonumentMarker

GAGARIN: Succeded in LoadableXmlAsset: BulletShieldPsychic

GAGARIN: Succeded in LoadableXmlAsset: Flashstorm

GAGARIN: Succeded in LoadableXmlAsset: SolarPinhole

GAGARIN: Succeded in LoadableXmlAsset: BroadshieldCore

GAGARIN: Succeded in LoadableXmlAsset: Plant_TreeAnima

GAGARIN: Succeded in LoadableXmlAsset: ChoppedStump_Anima

GAGARIN: Succeded in LoadableXmlAsset: SmashedStump_Anima

GAGARIN: Succeded in LoadableXmlAsset: Plant_GrassAnima

GAGARIN: Succeded in LoadableXmlAsset: PrestigeMarineHelmet_Samurai

GAGARIN: Succeded in LoadableXmlAsset: OtherTravelerDied

GAGARIN: Succeded in LoadableXmlAsset: AteFoodInappropriateForTitle

GAGARIN: Succeded in LoadableXmlAsset: OtherTravelerArrested

GAGARIN: Succeded in LoadableXmlAsset: OtherTravelerSurgicallyViolated

GAGARIN: Succeded in LoadableXmlAsset: OtherTravelerLeftBehind

GAGARIN: Succeded in LoadableXmlAsset: TerribleBestowingCeremony

GAGARIN: Succeded in LoadableXmlAsset: UnimpressiveBestowingCeremony

GAGARIN: Succeded in LoadableXmlAsset: HonorableBestowingCeremony

GAGARIN: Succeded in LoadableXmlAsset: GrandioseBestowingCeremony

GAGARIN: Succeded in LoadableXmlAsset: ReignedInThroneroom

GAGARIN: Succeded in LoadableXmlAsset: DecreeMet

GAGARIN: Succeded in LoadableXmlAsset: DecreeFailed

GAGARIN: Succeded in LoadableXmlAsset: Disinherited

GAGARIN: Succeded in LoadableXmlAsset: NeuroquakeEcho

GAGARIN: Succeded in LoadableXmlAsset: ListeningToHarp

GAGARIN: Succeded in LoadableXmlAsset: ListeningToHarpsichord

GAGARIN: Succeded in LoadableXmlAsset: ListeningToPiano

GAGARIN: Succeded in LoadableXmlAsset: DecreeUnmet

GAGARIN: Succeded in LoadableXmlAsset: PsychicEntropyOverloaded

GAGARIN: Succeded in LoadableXmlAsset: AnimaScream

GAGARIN: Succeded in LoadableXmlAsset: Joyfuzz

GAGARIN: Succeded in LoadableXmlAsset: PsychicLove

GAGARIN: Succeded in LoadableXmlAsset: Meditate

GAGARIN: Succeded in LoadableXmlAsset: RoyaltyTips

GAGARIN: Succeded in LoadableXmlAsset: Base_Empire_Standard

GAGARIN: Succeded in LoadableXmlAsset: Empire_Caravan_TraderGeneral

GAGARIN: Succeded in LoadableXmlAsset: Empire_Caravan_TributeCollector

GAGARIN: Succeded in LoadableXmlAsset: Orbital_Empire

GAGARIN: Succeded in LoadableXmlAsset: MeditationSchedule

GAGARIN: Succeded in LoadableXmlAsset: MeditationDesiredPsyfocus

GAGARIN: Succeded in LoadableXmlAsset: BladeLink

GAGARIN: Succeded in LoadableXmlAsset: PsychicSensitivityUpMajor

GAGARIN: Succeded in LoadableXmlAsset: PsychicSensitivityUpMinor

GAGARIN: Succeded in LoadableXmlAsset: PsychicSensitivityDownMinor

GAGARIN: Succeded in LoadableXmlAsset: PsychicSensitivityDownMajor

GAGARIN: Succeded in LoadableXmlAsset: ThoughtKind

GAGARIN: Succeded in LoadableXmlAsset: BondedThoughtKind

GAGARIN: Succeded in LoadableXmlAsset: ThoughtCalm

GAGARIN: Succeded in LoadableXmlAsset: BondedThoughtCalm

GAGARIN: Succeded in LoadableXmlAsset: ThoughtMuttering

GAGARIN: Succeded in LoadableXmlAsset: BondedThoughtMuttering

GAGARIN: Succeded in LoadableXmlAsset: ThoughtWailing

GAGARIN: Succeded in LoadableXmlAsset: BondedThoughtWailing

GAGARIN: Succeded in LoadableXmlAsset: OnKill_PsyfocusGain

GAGARIN: Succeded in LoadableXmlAsset: OnKill_ThoughtGood

GAGARIN: Succeded in LoadableXmlAsset: OnKill_GoodThought

GAGARIN: Succeded in LoadableXmlAsset: OnKill_ThoughtBad

GAGARIN: Succeded in LoadableXmlAsset: OnKill_BadThought

GAGARIN: Succeded in LoadableXmlAsset: NeedKill

GAGARIN: Succeded in LoadableXmlAsset: KillThirst_Weapon

GAGARIN: Succeded in LoadableXmlAsset: PsyfocusMeditationBonus

GAGARIN: Succeded in LoadableXmlAsset: NoPain

GAGARIN: Succeded in LoadableXmlAsset: NoPain

GAGARIN: Succeded in LoadableXmlAsset: SpeedBoost

GAGARIN: Succeded in LoadableXmlAsset: SpeedBoost

GAGARIN: Succeded in LoadableXmlAsset: HungerMaker

GAGARIN: Succeded in LoadableXmlAsset: HungerMaker

GAGARIN: Succeded in LoadableXmlAsset: NeuralHeatRecoveryGain

GAGARIN: Succeded in LoadableXmlAsset: NeuralHeatRecoveryGain

GAGARIN: Succeded in LoadableXmlAsset: NeverBond

GAGARIN: Succeded in LoadableXmlAsset: Jealous

GAGARIN: Succeded in LoadableXmlAsset: JealousRage

GAGARIN: Succeded in LoadableXmlAsset: TravelingShuttle

GAGARIN: Succeded in LoadableXmlAsset: HouseServant86

GAGARIN: Succeded in LoadableXmlAsset: HeadButler50

GAGARIN: Succeded in LoadableXmlAsset: RoyalMasseuse43

GAGARIN: Succeded in LoadableXmlAsset: MenagerieKeeper1

GAGARIN: Succeded in LoadableXmlAsset: BalletDancer81

GAGARIN: Succeded in LoadableXmlAsset: OrnamentMaker56

GAGARIN: Succeded in LoadableXmlAsset: RoyalCook18

GAGARIN: Succeded in LoadableXmlAsset: ImperialPriest24

GAGARIN: Succeded in LoadableXmlAsset: ImperialInquisitor53

GAGARIN: Succeded in LoadableXmlAsset: ChurchPsychic98

GAGARIN: Succeded in LoadableXmlAsset: CorporateDrone10

GAGARIN: Succeded in LoadableXmlAsset: CorporateFixer36

GAGARIN: Succeded in LoadableXmlAsset: PlanetaryMiner64

GAGARIN: Succeded in LoadableXmlAsset: Mailman2

GAGARIN: Succeded in LoadableXmlAsset: Assembler69

GAGARIN: Succeded in LoadableXmlAsset: Builder96

GAGARIN: Succeded in LoadableXmlAsset: ServingBoy97

GAGARIN: Succeded in LoadableXmlAsset: RoyalBastard64

GAGARIN: Succeded in LoadableXmlAsset: WarBastard60

GAGARIN: Succeded in LoadableXmlAsset: LineInfanteer20

GAGARIN: Succeded in LoadableXmlAsset: PiousSoldier67

GAGARIN: Succeded in LoadableXmlAsset: InfantryEngineer46

GAGARIN: Succeded in LoadableXmlAsset: InfantryMedic6

GAGARIN: Succeded in LoadableXmlAsset: MilitaryCook18

GAGARIN: Succeded in LoadableXmlAsset: LoyalJanissary59

GAGARIN: Succeded in LoadableXmlAsset: ReconSniper89

GAGARIN: Succeded in LoadableXmlAsset: Shipcracker37

GAGARIN: Succeded in LoadableXmlAsset: BrokenSoldier29

GAGARIN: Succeded in LoadableXmlAsset: IntelligenceAgent21

GAGARIN: Succeded in LoadableXmlAsset: Deserter65

GAGARIN: Succeded in LoadableXmlAsset: Warmonger35

GAGARIN: Succeded in LoadableXmlAsset: InfantryOfficer49

GAGARIN: Succeded in LoadableXmlAsset: DisgracedOfficer19

GAGARIN: Succeded in LoadableXmlAsset: MilitaryCommissar71

GAGARIN: Succeded in LoadableXmlAsset: Artilleryman28

GAGARIN: Succeded in LoadableXmlAsset: Demolitionist39

GAGARIN: Succeded in LoadableXmlAsset: Firebomber51

GAGARIN: Succeded in LoadableXmlAsset: MilitaryChaplain10

GAGARIN: Succeded in LoadableXmlAsset: RoyalGuard51

GAGARIN: Succeded in LoadableXmlAsset: Propagandist86

GAGARIN: Succeded in LoadableXmlAsset: ShipBoy89

GAGARIN: Succeded in LoadableXmlAsset: MilitaryCadet46

GAGARIN: Succeded in LoadableXmlAsset: PoliticalCaptive7

GAGARIN: Succeded in LoadableXmlAsset: Delinquent13

GAGARIN: Succeded in LoadableXmlAsset: RichKid61

GAGARIN: Succeded in LoadableXmlAsset: StreetRat81

GAGARIN: Succeded in LoadableXmlAsset: SoldiersKid55

GAGARIN: Succeded in LoadableXmlAsset: Machinist56

GAGARIN: Succeded in LoadableXmlAsset: Warmaster54

GAGARIN: Succeded in LoadableXmlAsset: Regent9

GAGARIN: Succeded in LoadableXmlAsset: Beastmaster67

GAGARIN: Succeded in LoadableXmlAsset: ArtsPatron54

GAGARIN: Succeded in LoadableXmlAsset: Spymaster41

GAGARIN: Succeded in LoadableXmlAsset: Landworker98

GAGARIN: Succeded in LoadableXmlAsset: CountryLordling92

GAGARIN: Succeded in LoadableXmlAsset: UrbanLordling82

GAGARIN: Succeded in LoadableXmlAsset: ShipboundLordling12

GAGARIN: Succeded in LoadableXmlAsset: PamperedLordling37

GAGARIN: Succeded in LoadableXmlAsset: UnwantedSurvivor67

GAGARIN: Succeded in LoadableXmlAsset: ThroneSpeech

GAGARIN: Succeded in LoadableXmlAsset: AnimaTreeLinking

GAGARIN: Succeded in LoadableXmlAsset: BuildMonument_Basic

GAGARIN: Succeded in LoadableXmlAsset: BuildMonument_TimeProtect

GAGARIN: Succeded in LoadableXmlAsset: QuestConstructionNameCommon

GAGARIN: Succeded in LoadableXmlAsset: QuestConstructionDescriptionCommon

GAGARIN: Succeded in LoadableXmlAsset: BuildMonumentWorker

GAGARIN: Succeded in LoadableXmlAsset: Decree_ProduceItem

GAGARIN: Succeded in LoadableXmlAsset: Decree_HarvestCrop

GAGARIN: Succeded in LoadableXmlAsset: Decree_HuntAnimal

GAGARIN: Succeded in LoadableXmlAsset: Decree_BuildMonument

GAGARIN: Succeded in LoadableXmlAsset: DecreeSetup

GAGARIN: Succeded in LoadableXmlAsset: Decree_Util_Reward

GAGARIN: Succeded in LoadableXmlAsset: EndGame_RoyalAscent

GAGARIN: Succeded in LoadableXmlAsset: Hospitality_Animals

GAGARIN: Succeded in LoadableXmlAsset: Hospitality_Joiners

GAGARIN: Succeded in LoadableXmlAsset: Hospitality_Prisoners

GAGARIN: Succeded in LoadableXmlAsset: QuestHospitalityCommon

GAGARIN: Succeded in LoadableXmlAsset: Util_RandomSelectDiseaseHuman

GAGARIN: Succeded in LoadableXmlAsset: Util_RandomSelectDiseaseAnimal

GAGARIN: Succeded in LoadableXmlAsset: Hospitality_Util_DecideRandomLodgerCount

GAGARIN: Succeded in LoadableXmlAsset: Hospitality_Util_DecideLodgerCountFromPoints

GAGARIN: Succeded in LoadableXmlAsset: Hospitality_Util_AddHealthConditions

GAGARIN: Succeded in LoadableXmlAsset: Util_ChooseRandomQuestLodgerKind

GAGARIN: Succeded in LoadableXmlAsset: Util_ApplyMoodThreshold

GAGARIN: Succeded in LoadableXmlAsset: Util_DecideRandomLodgerConditions

GAGARIN: Succeded in LoadableXmlAsset: Util_ApplyLodgerConditions

GAGARIN: Succeded in LoadableXmlAsset: Util_MaybeApplyGoodwillForMood

GAGARIN: Succeded in LoadableXmlAsset: Hospitality_Util_Setup

GAGARIN: Succeded in LoadableXmlAsset: Util_ArriveByDropPodsOrShuttle

GAGARIN: Succeded in LoadableXmlAsset: Hospitality_Util_Worker

GAGARIN: Succeded in LoadableXmlAsset: Intro_Deserter

GAGARIN: Succeded in LoadableXmlAsset: Intro_Wimp

GAGARIN: Succeded in LoadableXmlAsset: ThreatReward_Manhunters_ItemPod

GAGARIN: Succeded in LoadableXmlAsset: ThreatReward_Infestation_ItemPod

GAGARIN: Succeded in LoadableXmlAsset: ThreatReward_GameCondition_ItemPod

GAGARIN: Succeded in LoadableXmlAsset: ThreatReward_SiteThreat_ItemPod

GAGARIN: Succeded in LoadableXmlAsset: ThreatReward_Infestation_Joiner

GAGARIN: Succeded in LoadableXmlAsset: ThreatReward_Manhunters_Joiner

GAGARIN: Succeded in LoadableXmlAsset: ThreatReward_GameCondition_Joiner

GAGARIN: Succeded in LoadableXmlAsset: ThreatReward_SiteThreat_Joiner

GAGARIN: Succeded in LoadableXmlAsset: ThreatReward_RaidMultiFaction_Joiner

GAGARIN: Succeded in LoadableXmlAsset: ThreatReward_MysteryThreat_Joiner

GAGARIN: Succeded in LoadableXmlAsset: ThreatReward_MechPods_MiscReward

GAGARIN: Succeded in LoadableXmlAsset: ThreatReward_Raid_MiscReward

GAGARIN: Succeded in LoadableXmlAsset: Util_DecideRandomAsker

GAGARIN: Succeded in LoadableXmlAsset: Util_Constants_Monuments

GAGARIN: Succeded in LoadableXmlAsset: Util_MaybeGenerateHelpers

GAGARIN: Succeded in LoadableXmlAsset: Util_ChooseRandomQuestHelperKind

GAGARIN: Succeded in LoadableXmlAsset: Util_ManhunterPack

GAGARIN: Succeded in LoadableXmlAsset: Util_Infestation

GAGARIN: Succeded in LoadableXmlAsset: Util_SpawnSiteThreat

GAGARIN: Succeded in LoadableXmlAsset: Util_GameConditionNegativeRandom

GAGARIN: Succeded in LoadableXmlAsset: MechCluster

GAGARIN: Succeded in LoadableXmlAsset: MechCluster

GAGARIN: Succeded in LoadableXmlAsset: MechClusterForceNoConditionCauser

GAGARIN: Succeded in LoadableXmlAsset: MechClusterForceNoConditionCauser

GAGARIN: Succeded in LoadableXmlAsset: RaidSource

GAGARIN: Succeded in LoadableXmlAsset: RaidSourceOutpost

GAGARIN: Succeded in LoadableXmlAsset: RaidSourceOutpostPower

GAGARIN: Succeded in LoadableXmlAsset: NamerWeaponBladelink

GAGARIN: Succeded in LoadableXmlAsset: MeleeWeapon_MonoSwordBladelink

GAGARIN: Succeded in LoadableXmlAsset: MeleeWeapon_ZeusHammerBladelink

GAGARIN: Succeded in LoadableXmlAsset: MeleeWeapon_PlasmaSwordBladelink

GAGARIN: Succeded in LoadableXmlAsset: MeleeWeapon_Axe

GAGARIN: Succeded in LoadableXmlAsset: MeleeWeapon_Warhammer

GAGARIN: Succeded in LoadableXmlAsset: MeleeWeapon_MonoSword

GAGARIN: Succeded in LoadableXmlAsset: MeleeWeapon_Zeushammer

GAGARIN: Succeded in LoadableXmlAsset: MeleeWeapon_PlasmaSword

GAGARIN: Succeded in LoadableXmlAsset: OrbitalTargeterMechCluster

GAGARIN: Succeded in LoadableXmlAsset: MeleeWeapon_PsyfocusStaff

GAGARIN: Succeded in LoadableXmlAsset: Leader

GAGARIN: Succeded in LoadableXmlAsset: LeaderSpeech

GAGARIN: Succeded in LoadableXmlAsset: Trial

GAGARIN: Succeded in LoadableXmlAsset: ConversionRitual

GAGARIN: Succeded in LoadableXmlAsset: WorkDrive

GAGARIN: Succeded in LoadableXmlAsset: CombatCommand

GAGARIN: Succeded in LoadableXmlAsset: Moralist

GAGARIN: Succeded in LoadableXmlAsset: Convert

GAGARIN: Succeded in LoadableXmlAsset: PreachHealth

GAGARIN: Succeded in LoadableXmlAsset: Reassure

GAGARIN: Succeded in LoadableXmlAsset: Counsel

GAGARIN: Succeded in LoadableXmlAsset: MultiRole

GAGARIN: Succeded in LoadableXmlAsset: MarksmanCommand

GAGARIN: Succeded in LoadableXmlAsset: BerserkTrance

GAGARIN: Succeded in LoadableXmlAsset: ResearchCommand

GAGARIN: Succeded in LoadableXmlAsset: FarmingCommand

GAGARIN: Succeded in LoadableXmlAsset: ProductionCommand

GAGARIN: Succeded in LoadableXmlAsset: MiningCommand

GAGARIN: Succeded in LoadableXmlAsset: AnimalCalm

GAGARIN: Succeded in LoadableXmlAsset: ImmunityDrive

GAGARIN: Succeded in LoadableXmlAsset: SleepingInsects

GAGARIN: Succeded in LoadableXmlAsset: CryptosleepPods

GAGARIN: Succeded in LoadableXmlAsset: Ambush

GAGARIN: Succeded in LoadableXmlAsset: RaidTerminal

GAGARIN: Succeded in LoadableXmlAsset: FuelNode

GAGARIN: Succeded in LoadableXmlAsset: Infestation

GAGARIN: Succeded in LoadableXmlAsset: SecurityCrate

GAGARIN: Succeded in LoadableXmlAsset: Pilgrims_Spectate

GAGARIN: Succeded in LoadableXmlAsset: PartyDance

GAGARIN: Succeded in LoadableXmlAsset: PlayTargetInstrument

GAGARIN: Succeded in LoadableXmlAsset: PartyCloseWander

GAGARIN: Succeded in LoadableXmlAsset: EatAtCannibalPlatter

GAGARIN: Succeded in LoadableXmlAsset: SpectateSmokeCircle

GAGARIN: Succeded in LoadableXmlAsset: AcceptRole

GAGARIN: Succeded in LoadableXmlAsset: SpeakOnCell

GAGARIN: Succeded in LoadableXmlAsset: SpeakOnCell_Leader

GAGARIN: Succeded in LoadableXmlAsset: SpeakOnCellFuneral

GAGARIN: Succeded in LoadableXmlAsset: SpeakOnCellNoSpeechBubbles

GAGARIN: Succeded in LoadableXmlAsset: SpeakOnCellFacingSpectators

GAGARIN: Succeded in LoadableXmlAsset: DeliverPawnToAltar

GAGARIN: Succeded in LoadableXmlAsset: DeliverPawnToCellIfAliveThenIdle

GAGARIN: Succeded in LoadableXmlAsset: DeliverPawnToBedIfAliveThenIdle

GAGARIN: Succeded in LoadableXmlAsset: Sacrifice

GAGARIN: Succeded in LoadableXmlAsset: Scarify

GAGARIN: Succeded in LoadableXmlAsset: Blind

GAGARIN: Succeded in LoadableXmlAsset: PrepareSkyLanterns

GAGARIN: Succeded in LoadableXmlAsset: SpectateDirectionSociallyActive

GAGARIN: Succeded in LoadableXmlAsset: StandOnCell

GAGARIN: Succeded in LoadableXmlAsset: DropWeapon

GAGARIN: Succeded in LoadableXmlAsset: Duel

GAGARIN: Succeded in LoadableXmlAsset: MakingSkylantern

GAGARIN: Succeded in LoadableXmlAsset: ChristmasTreeTwinkle

GAGARIN: Succeded in LoadableXmlAsset: VanishChristmasTree

GAGARIN: Succeded in LoadableXmlAsset: BurnbongSmoke

GAGARIN: Succeded in LoadableXmlAsset: IncenseShrineSmoke

GAGARIN: Succeded in LoadableXmlAsset: FireSmoke

GAGARIN: Succeded in LoadableXmlAsset: VanishBurnable

GAGARIN: Succeded in LoadableXmlAsset: VanishBurnbong

GAGARIN: Succeded in LoadableXmlAsset: RoomSmoke

GAGARIN: Succeded in LoadableXmlAsset: SleepAcceleratorActive

GAGARIN: Succeded in LoadableXmlAsset: SecurityCrateOpened

GAGARIN: Succeded in LoadableXmlAsset: BiosculpterPod_Operating

GAGARIN: Succeded in LoadableXmlAsset: BiosculpterPod_Ready

GAGARIN: Succeded in LoadableXmlAsset: NeuralSuperchargerCharged

GAGARIN: Succeded in LoadableXmlAsset: NeuralSuperchargerUse

GAGARIN: Succeded in LoadableXmlAsset: GibbetCage_PlaceCorpse

GAGARIN: Succeded in LoadableXmlAsset: GauranlenDebris

GAGARIN: Succeded in LoadableXmlAsset: GauranlenLeaves

GAGARIN: Succeded in LoadableXmlAsset: GauranlenLeavesBatch

GAGARIN: Succeded in LoadableXmlAsset: DryadSpawn

GAGARIN: Succeded in LoadableXmlAsset: DryadEmergeFromCocoon

GAGARIN: Succeded in LoadableXmlAsset: SpikecoreSparks

GAGARIN: Succeded in LoadableXmlAsset: Damage_HitFleshGruesome

GAGARIN: Succeded in LoadableXmlAsset: HairCutting

GAGARIN: Succeded in LoadableXmlAsset: HairCutting

GAGARIN: Succeded in LoadableXmlAsset: BlurrySpark

GAGARIN: Succeded in LoadableXmlAsset: Bokeh

GAGARIN: Succeded in LoadableXmlAsset: Skull

GAGARIN: Succeded in LoadableXmlAsset: Tumbleweed

GAGARIN: Succeded in LoadableXmlAsset: Leaf

GAGARIN: Succeded in LoadableXmlAsset: LeafFlipped

GAGARIN: Succeded in LoadableXmlAsset: SmokeSpikecore

GAGARIN: Succeded in LoadableXmlAsset: PartyLensFlare

GAGARIN: Succeded in LoadableXmlAsset: BloodFilth

GAGARIN: Succeded in LoadableXmlAsset: Twinkle

GAGARIN: Succeded in LoadableXmlAsset: SleepAccelerator

GAGARIN: Succeded in LoadableXmlAsset: NeuralSuperchargerChargedFloor

GAGARIN: Succeded in LoadableXmlAsset: NeuralSuperchargerUse

GAGARIN: Succeded in LoadableXmlAsset: BiosculpterScanner_Forward

GAGARIN: Succeded in LoadableXmlAsset: BiosculpterScanner_Backward

GAGARIN: Succeded in LoadableXmlAsset: BiosculpterScanner_Ready

GAGARIN: Succeded in LoadableXmlAsset: DustPuffFast

GAGARIN: Succeded in LoadableXmlAsset: AutobongSmoke

GAGARIN: Succeded in LoadableXmlAsset: PreachHealth

GAGARIN: Succeded in LoadableXmlAsset: Steam

GAGARIN: Succeded in LoadableXmlAsset: GlimmerSmall

GAGARIN: Succeded in LoadableXmlAsset: GauranlenDebrisA

GAGARIN: Succeded in LoadableXmlAsset: GauranlenDebrisB

GAGARIN: Succeded in LoadableXmlAsset: GauranlenDebrisC

GAGARIN: Succeded in LoadableXmlAsset: GauranlenLeaf

GAGARIN: Succeded in LoadableXmlAsset: Mote_RitualGlowRays

GAGARIN: Succeded in LoadableXmlAsset: Mote_RitualSmoke

GAGARIN: Succeded in LoadableXmlAsset: Mote_RitualSmokeThick

GAGARIN: Succeded in LoadableXmlAsset: Mote_RitualSmokeThickSlim

GAGARIN: Succeded in LoadableXmlAsset: Mote_RitualSmokeDust

GAGARIN: Succeded in LoadableXmlAsset: Mote_RitualSmokeDustVague

GAGARIN: Succeded in LoadableXmlAsset: Mote_TotemOutline

GAGARIN: Succeded in LoadableXmlAsset: Mote_RolePositionHighlight

GAGARIN: Succeded in LoadableXmlAsset: Mote_RolePawnHighlight

GAGARIN: Succeded in LoadableXmlAsset: Mote_SpikePipe

GAGARIN: Succeded in LoadableXmlAsset: Mote_RitualTechLineA

GAGARIN: Succeded in LoadableXmlAsset: Mote_RitualTechLineB

GAGARIN: Succeded in LoadableXmlAsset: Mote_RitualTechLineC

GAGARIN: Succeded in LoadableXmlAsset: Mote_RitualGlowSingleRay

GAGARIN: Succeded in LoadableXmlAsset: Mote_LightBall

GAGARIN: Succeded in LoadableXmlAsset: Mote_LightBallLights

GAGARIN: Succeded in LoadableXmlAsset: Mote_LoudspeakerLights

GAGARIN: Succeded in LoadableXmlAsset: Mote_SkyLanternGlow

GAGARIN: Succeded in LoadableXmlAsset: Mote_SkyLanternOuterGlow

GAGARIN: Succeded in LoadableXmlAsset: Mote_SkyLanternSmoke

GAGARIN: Succeded in LoadableXmlAsset: Mote_DuelCircle

GAGARIN: Succeded in LoadableXmlAsset: Mote_GauranlenCasteChanged

GAGARIN: Succeded in LoadableXmlAsset: TunnelJellySpawner

GAGARIN: Succeded in LoadableXmlAsset: Beggars

GAGARIN: Succeded in LoadableXmlAsset: TribeCannibal

GAGARIN: Succeded in LoadableXmlAsset: NudistTribe

GAGARIN: Succeded in LoadableXmlAsset: CannibalPirate

GAGARIN: Succeded in LoadableXmlAsset: Pilgrims

GAGARIN: Succeded in LoadableXmlAsset: Carrier

GAGARIN: Succeded in LoadableXmlAsset: Clawer

GAGARIN: Succeded in LoadableXmlAsset: Barkskin

GAGARIN: Succeded in LoadableXmlAsset: Woodmaker

GAGARIN: Succeded in LoadableXmlAsset: Medicinemaker

GAGARIN: Succeded in LoadableXmlAsset: Berrymaker

GAGARIN: Succeded in LoadableXmlAsset: Gaumaker

GAGARIN: Succeded in LoadableXmlAsset: SameIdeo

GAGARIN: Succeded in LoadableXmlAsset: AnimalPersonhood_AnimalPersonhood

GAGARIN: Succeded in LoadableXmlAsset: Transhumanist_Transhumanist

GAGARIN: Succeded in LoadableXmlAsset: FleshPurity_FleshPurity

GAGARIN: Succeded in LoadableXmlAsset: PainIsVirtue_PainIsVirtue

GAGARIN: Succeded in LoadableXmlAsset: Cannibal_Cannibal

GAGARIN: Succeded in LoadableXmlAsset: HumanPrimacy_HumanPrimacy

GAGARIN: Succeded in LoadableXmlAsset: NaturePrimacy_NaturePrimacy

GAGARIN: Succeded in LoadableXmlAsset: Individualist_Individualist

GAGARIN: Succeded in LoadableXmlAsset: Collectivist_Collectivist

GAGARIN: Succeded in LoadableXmlAsset: MaleSupremacy_MaleSupremacy

GAGARIN: Succeded in LoadableXmlAsset: FemaleSupremacy_FemaleSupremacy

GAGARIN: Succeded in LoadableXmlAsset: Nudism_Nudism

GAGARIN: Succeded in LoadableXmlAsset: HighLife_HighLife

GAGARIN: Succeded in LoadableXmlAsset: Cannibal_FleshPurity

GAGARIN: Succeded in LoadableXmlAsset: Cannibal_PainIsVirtue

GAGARIN: Succeded in LoadableXmlAsset: HumanPrimacy_Transhumanist

GAGARIN: Succeded in LoadableXmlAsset: HumanPrimacy_FleshPurity

GAGARIN: Succeded in LoadableXmlAsset: NaturePrimacy_AnimalPersonhood

GAGARIN: Succeded in LoadableXmlAsset: Guilty_All

GAGARIN: Succeded in LoadableXmlAsset: FleshPurity_Transhumanist

GAGARIN: Succeded in LoadableXmlAsset: NaturePrimacy_Transhumanist

GAGARIN: Succeded in LoadableXmlAsset: HumanPrimacy_AnimalPersonhood

GAGARIN: Succeded in LoadableXmlAsset: Individualist_Cannibal

GAGARIN: Succeded in LoadableXmlAsset: Individualist_Proselytizer

GAGARIN: Succeded in LoadableXmlAsset: Collectivist_Individualist

GAGARIN: Succeded in LoadableXmlAsset: MaleSupremacy_Individualist

GAGARIN: Succeded in LoadableXmlAsset: FemaleSupremacy_Individualist

GAGARIN: Succeded in LoadableXmlAsset: Rancher_AnimalPersonhood

GAGARIN: Succeded in LoadableXmlAsset: NaturePrimacy_HumanPrimacy

GAGARIN: Succeded in LoadableXmlAsset: FemaleSupremacy_MaleSupremacy

GAGARIN: Succeded in LoadableXmlAsset: HighLife_FleshPurity

GAGARIN: Succeded in LoadableXmlAsset: Rancher_NaturePrimacy

GAGARIN: Succeded in LoadableXmlAsset: Supremacist_All

GAGARIN: Succeded in LoadableXmlAsset: Raider_All

GAGARIN: Succeded in LoadableXmlAsset: Loyalist_All

GAGARIN: Succeded in LoadableXmlAsset: WorkDrive

GAGARIN: Succeded in LoadableXmlAsset: Mote_CombatCommand

GAGARIN: Succeded in LoadableXmlAsset: Mote_CombatCommandLinkLine

GAGARIN: Succeded in LoadableXmlAsset: Mote_WorkCommand

GAGARIN: Succeded in LoadableXmlAsset: Mote_WorkCommandLinkLine

GAGARIN: Succeded in LoadableXmlAsset: CombatCommand

GAGARIN: Succeded in LoadableXmlAsset: CombatCommandBuff

GAGARIN: Succeded in LoadableXmlAsset: PreachHealth

GAGARIN: Succeded in LoadableXmlAsset: MarksmanCommand

GAGARIN: Succeded in LoadableXmlAsset: MarksmanCommandBuff

GAGARIN: Succeded in LoadableXmlAsset: BerserkTrance

GAGARIN: Succeded in LoadableXmlAsset: ResearchCommand

GAGARIN: Succeded in LoadableXmlAsset: ResearchCommandBuff

GAGARIN: Succeded in LoadableXmlAsset: FarmingCommand

GAGARIN: Succeded in LoadableXmlAsset: FarmingCommandBuff

GAGARIN: Succeded in LoadableXmlAsset: ProductionCommand

GAGARIN: Succeded in LoadableXmlAsset: ProductionCommandBuff

GAGARIN: Succeded in LoadableXmlAsset: MiningCommand

GAGARIN: Succeded in LoadableXmlAsset: MiningCommandBuff

GAGARIN: Succeded in LoadableXmlAsset: ImmunityDrive

GAGARIN: Succeded in LoadableXmlAsset: TortureCrown

GAGARIN: Succeded in LoadableXmlAsset: Blindfold

GAGARIN: Succeded in LoadableXmlAsset: NeuralSupercharge

GAGARIN: Succeded in LoadableXmlAsset: BiosculptingSickness

GAGARIN: Succeded in LoadableXmlAsset: WorkFocus

GAGARIN: Succeded in LoadableXmlAsset: Deity

GAGARIN: Succeded in LoadableXmlAsset: LightGrey

GAGARIN: Succeded in LoadableXmlAsset: Grey

GAGARIN: Succeded in LoadableXmlAsset: DarkGrey

GAGARIN: Succeded in LoadableXmlAsset: LightRed

GAGARIN: Succeded in LoadableXmlAsset: Red

GAGARIN: Succeded in LoadableXmlAsset: DarkRed

GAGARIN: Succeded in LoadableXmlAsset: LightOrange

GAGARIN: Succeded in LoadableXmlAsset: Orange

GAGARIN: Succeded in LoadableXmlAsset: DarkOrange

GAGARIN: Succeded in LoadableXmlAsset: LightOlive

GAGARIN: Succeded in LoadableXmlAsset: Olive

GAGARIN: Succeded in LoadableXmlAsset: DarkOlive

GAGARIN: Succeded in LoadableXmlAsset: LightGreen

GAGARIN: Succeded in LoadableXmlAsset: Green

GAGARIN: Succeded in LoadableXmlAsset: DarkGreen

GAGARIN: Succeded in LoadableXmlAsset: LightTeal

GAGARIN: Succeded in LoadableXmlAsset: Teal

GAGARIN: Succeded in LoadableXmlAsset: DarkTeal

GAGARIN: Succeded in LoadableXmlAsset: LightBlue

GAGARIN: Succeded in LoadableXmlAsset: Blue

GAGARIN: Succeded in LoadableXmlAsset: DarkBlue

GAGARIN: Succeded in LoadableXmlAsset: LightSapphire

GAGARIN: Succeded in LoadableXmlAsset: Sapphire

GAGARIN: Succeded in LoadableXmlAsset: DarkSapphire

GAGARIN: Succeded in LoadableXmlAsset: LightMauve

GAGARIN: Succeded in LoadableXmlAsset: Mauve

GAGARIN: Succeded in LoadableXmlAsset: DarkMauve

GAGARIN: Succeded in LoadableXmlAsset: LightPurple

GAGARIN: Succeded in LoadableXmlAsset: Purple

GAGARIN: Succeded in LoadableXmlAsset: DarkPurple

GAGARIN: Succeded in LoadableXmlAsset: LightPink

GAGARIN: Succeded in LoadableXmlAsset: Pink

GAGARIN: Succeded in LoadableXmlAsset: DarkPink

GAGARIN: Succeded in LoadableXmlAsset: LightGrey

GAGARIN: Succeded in LoadableXmlAsset: Grey

GAGARIN: Succeded in LoadableXmlAsset: DarkGrey

GAGARIN: Succeded in LoadableXmlAsset: Black

GAGARIN: Succeded in LoadableXmlAsset: LightRed

GAGARIN: Succeded in LoadableXmlAsset: Red

GAGARIN: Succeded in LoadableXmlAsset: DarkRed

GAGARIN: Succeded in LoadableXmlAsset: LightOrange

GAGARIN: Succeded in LoadableXmlAsset: Orange

GAGARIN: Succeded in LoadableXmlAsset: DarkOrange

GAGARIN: Succeded in LoadableXmlAsset: LightOlive

GAGARIN: Succeded in LoadableXmlAsset: Olive

GAGARIN: Succeded in LoadableXmlAsset: DarkOlive

GAGARIN: Succeded in LoadableXmlAsset: LightGreen

GAGARIN: Succeded in LoadableXmlAsset: Green

GAGARIN: Succeded in LoadableXmlAsset: DarkGreen

GAGARIN: Succeded in LoadableXmlAsset: LightTeal

GAGARIN: Succeded in LoadableXmlAsset: Teal

GAGARIN: Succeded in LoadableXmlAsset: DarkTeal

GAGARIN: Succeded in LoadableXmlAsset: LightBlue

GAGARIN: Succeded in LoadableXmlAsset: Blue

GAGARIN: Succeded in LoadableXmlAsset: DarkBlue

GAGARIN: Succeded in LoadableXmlAsset: LightSapphire

GAGARIN: Succeded in LoadableXmlAsset: Sapphire

GAGARIN: Succeded in LoadableXmlAsset: DarkSapphire

GAGARIN: Succeded in LoadableXmlAsset: LightMauve

GAGARIN: Succeded in LoadableXmlAsset: Mauve

GAGARIN: Succeded in LoadableXmlAsset: DarkMauve

GAGARIN: Succeded in LoadableXmlAsset: LightPurple

GAGARIN: Succeded in LoadableXmlAsset: Purple

GAGARIN: Succeded in LoadableXmlAsset: DarkPurple

GAGARIN: Succeded in LoadableXmlAsset: LightPink

GAGARIN: Succeded in LoadableXmlAsset: Pink

GAGARIN: Succeded in LoadableXmlAsset: DarkPink

GAGARIN: Succeded in LoadableXmlAsset: AnimalsA

GAGARIN: Succeded in LoadableXmlAsset: AnimalsB

GAGARIN: Succeded in LoadableXmlAsset: AnimalsC

GAGARIN: Succeded in LoadableXmlAsset: AnimalsD

GAGARIN: Succeded in LoadableXmlAsset: AnimalsE

GAGARIN: Succeded in LoadableXmlAsset: Archist_Lance

GAGARIN: Succeded in LoadableXmlAsset: Archist_Spikes

GAGARIN: Succeded in LoadableXmlAsset: ArchotechA

GAGARIN: Succeded in LoadableXmlAsset: ArchotechB

GAGARIN: Succeded in LoadableXmlAsset: ArchotechC

GAGARIN: Succeded in LoadableXmlAsset: ArchotechD

GAGARIN: Succeded in LoadableXmlAsset: ArchotechE

GAGARIN: Succeded in LoadableXmlAsset: DownBurst

GAGARIN: Succeded in LoadableXmlAsset: Eagle

GAGARIN: Succeded in LoadableXmlAsset: ElementA

GAGARIN: Succeded in LoadableXmlAsset: ElementB

GAGARIN: Succeded in LoadableXmlAsset: ElementC

GAGARIN: Succeded in LoadableXmlAsset: ElementD

GAGARIN: Succeded in LoadableXmlAsset: ElementE

GAGARIN: Succeded in LoadableXmlAsset: EmbodiedTheist_Bolthand

GAGARIN: Succeded in LoadableXmlAsset: EmbodiedTheist_Punchcloud

GAGARIN: Succeded in LoadableXmlAsset: FireLeaves

GAGARIN: Succeded in LoadableXmlAsset: FistRaised

GAGARIN: Succeded in LoadableXmlAsset: FlowerSharp

GAGARIN: Succeded in LoadableXmlAsset: GeometryA

GAGARIN: Succeded in LoadableXmlAsset: GeometryB

GAGARIN: Succeded in LoadableXmlAsset: GeometryC

GAGARIN: Succeded in LoadableXmlAsset: GeometryD

GAGARIN: Succeded in LoadableXmlAsset: GeometryE

GAGARIN: Succeded in LoadableXmlAsset: KnivesDown

GAGARIN: Succeded in LoadableXmlAsset: ManFlower

GAGARIN: Succeded in LoadableXmlAsset: NatureB

GAGARIN: Succeded in LoadableXmlAsset: NatureC

GAGARIN: Succeded in LoadableXmlAsset: NatureD

GAGARIN: Succeded in LoadableXmlAsset: NatureE

GAGARIN: Succeded in LoadableXmlAsset: OliveBranches

GAGARIN: Succeded in LoadableXmlAsset: Orbit

GAGARIN: Succeded in LoadableXmlAsset: Ouroboros

GAGARIN: Succeded in LoadableXmlAsset: PirateC

GAGARIN: Succeded in LoadableXmlAsset: PirateD

GAGARIN: Succeded in LoadableXmlAsset: PirateE

GAGARIN: Succeded in LoadableXmlAsset: PoliticalC

GAGARIN: Succeded in LoadableXmlAsset: PoliticalD

GAGARIN: Succeded in LoadableXmlAsset: ReligionC

GAGARIN: Succeded in LoadableXmlAsset: ReligionD

GAGARIN: Succeded in LoadableXmlAsset: ReligionE

GAGARIN: Succeded in LoadableXmlAsset: ScarHands

GAGARIN: Succeded in LoadableXmlAsset: Skull

GAGARIN: Succeded in LoadableXmlAsset: SpikeyA

GAGARIN: Succeded in LoadableXmlAsset: SpikeyB

GAGARIN: Succeded in LoadableXmlAsset: SpikeyC

GAGARIN: Succeded in LoadableXmlAsset: SpikeyD

GAGARIN: Succeded in LoadableXmlAsset: SpikeyE

GAGARIN: Succeded in LoadableXmlAsset: SpiralsA

GAGARIN: Succeded in LoadableXmlAsset: Steer

GAGARIN: Succeded in LoadableXmlAsset: TechAtom

GAGARIN: Succeded in LoadableXmlAsset: TechGearchains

GAGARIN: Succeded in LoadableXmlAsset: TechHand

GAGARIN: Succeded in LoadableXmlAsset: TechLighthouse

GAGARIN: Succeded in LoadableXmlAsset: TechPulse

GAGARIN: Succeded in LoadableXmlAsset: Treeflat

GAGARIN: Succeded in LoadableXmlAsset: TribalA

GAGARIN: Succeded in LoadableXmlAsset: TribalB

GAGARIN: Succeded in LoadableXmlAsset: TribalC

GAGARIN: Succeded in LoadableXmlAsset: TribalD

GAGARIN: Succeded in LoadableXmlAsset: TribalE

GAGARIN: Succeded in LoadableXmlAsset: AbstractsA

GAGARIN: Succeded in LoadableXmlAsset: AbstractsB

GAGARIN: Succeded in LoadableXmlAsset: AbstractsC

GAGARIN: Succeded in LoadableXmlAsset: AbstractsD

GAGARIN: Succeded in LoadableXmlAsset: AbstractsE

GAGARIN: Succeded in LoadableXmlAsset: CirclesA

GAGARIN: Succeded in LoadableXmlAsset: CirclesB

GAGARIN: Succeded in LoadableXmlAsset: CirclesC

GAGARIN: Succeded in LoadableXmlAsset: CirclesD

GAGARIN: Succeded in LoadableXmlAsset: CirclesE

GAGARIN: Succeded in LoadableXmlAsset: Dotcircle

GAGARIN: Succeded in LoadableXmlAsset: DoubleLoop

GAGARIN: Succeded in LoadableXmlAsset: PoliticalE

GAGARIN: Succeded in LoadableXmlAsset: RoundA

GAGARIN: Succeded in LoadableXmlAsset: RoundB

GAGARIN: Succeded in LoadableXmlAsset: RoundC

GAGARIN: Succeded in LoadableXmlAsset: RoundD

GAGARIN: Succeded in LoadableXmlAsset: RoundE

GAGARIN: Succeded in LoadableXmlAsset: SpiralsB

GAGARIN: Succeded in LoadableXmlAsset: SpiralsC

GAGARIN: Succeded in LoadableXmlAsset: SpiralsD

GAGARIN: Succeded in LoadableXmlAsset: SpiralsE

GAGARIN: Succeded in LoadableXmlAsset: StarsA

GAGARIN: Succeded in LoadableXmlAsset: StarsB

GAGARIN: Succeded in LoadableXmlAsset: StarsC

GAGARIN: Succeded in LoadableXmlAsset: StarsD

GAGARIN: Succeded in LoadableXmlAsset: StarsE

GAGARIN: Succeded in LoadableXmlAsset: TripleCross

GAGARIN: Succeded in LoadableXmlAsset: GiveQuest_Beggars

GAGARIN: Succeded in LoadableXmlAsset: GiveQuest_ReliquaryPilgrims

GAGARIN: Succeded in LoadableXmlAsset: GauranlenPodSpawn

GAGARIN: Succeded in LoadableXmlAsset: Infestation_Jelly

GAGARIN: Succeded in LoadableXmlAsset: WanderersSkylantern

GAGARIN: Succeded in LoadableXmlAsset: EnslaveAttempt

GAGARIN: Succeded in LoadableXmlAsset: ReduceWill

GAGARIN: Succeded in LoadableXmlAsset: Suppress

GAGARIN: Succeded in LoadableXmlAsset: SparkSlaveRebellion

GAGARIN: Succeded in LoadableXmlAsset: ConvertIdeoAttempt

GAGARIN: Succeded in LoadableXmlAsset: Sentence_ConvertIdeoAttemptSuccess

GAGARIN: Succeded in LoadableXmlAsset: Sentence_ConvertIdeoAttemptFail

GAGARIN: Succeded in LoadableXmlAsset: Sentence_ConvertIdeoAttemptFailResentment

GAGARIN: Succeded in LoadableXmlAsset: Sentence_ConvertIdeoAttemptFailSocialFight

GAGARIN: Succeded in LoadableXmlAsset: Counsel_Success

GAGARIN: Succeded in LoadableXmlAsset: Counsel_Failure

GAGARIN: Succeded in LoadableXmlAsset: Convert_Success

GAGARIN: Succeded in LoadableXmlAsset: Convert_Failure

GAGARIN: Succeded in LoadableXmlAsset: Reassure

GAGARIN: Succeded in LoadableXmlAsset: PreachHealth

GAGARIN: Succeded in LoadableXmlAsset: WorkDrive

GAGARIN: Succeded in LoadableXmlAsset: Trial_Accuse

GAGARIN: Succeded in LoadableXmlAsset: Trial_Defend

GAGARIN: Succeded in LoadableXmlAsset: SpeechUtility

GAGARIN: Succeded in LoadableXmlAsset: Speech_Duel

GAGARIN: Succeded in LoadableXmlAsset: Speech_Funeral

GAGARIN: Succeded in LoadableXmlAsset: Speech_DateRitual

GAGARIN: Succeded in LoadableXmlAsset: Speech_Leader

GAGARIN: Succeded in LoadableXmlAsset: Speech_Sacrifice

GAGARIN: Succeded in LoadableXmlAsset: Speech_Scarification

GAGARIN: Succeded in LoadableXmlAsset: Speech_Blinding

GAGARIN: Succeded in LoadableXmlAsset: Speech_Execution

GAGARIN: Succeded in LoadableXmlAsset: Speech_TreeConnection

GAGARIN: Succeded in LoadableXmlAsset: Speech_Conversion

GAGARIN: Succeded in LoadableXmlAsset: Speech_AcceptRole

GAGARIN: Succeded in LoadableXmlAsset: Speech_RemoveRole

GAGARIN: Succeded in LoadableXmlAsset: Dance

GAGARIN: Succeded in LoadableXmlAsset: GotoAndBeSociallyActive

GAGARIN: Succeded in LoadableXmlAsset: PrepareSkylantern

GAGARIN: Succeded in LoadableXmlAsset: EatAtCannibalPlatter

GAGARIN: Succeded in LoadableXmlAsset: AcceptRole

GAGARIN: Succeded in LoadableXmlAsset: MeditatePray

GAGARIN: Succeded in LoadableXmlAsset: InduceSlaveToRebel

GAGARIN: Succeded in LoadableXmlAsset: GiveToPawn

GAGARIN: Succeded in LoadableXmlAsset: OpenStylingStationDialog

GAGARIN: Succeded in LoadableXmlAsset: UseStylingStation

GAGARIN: Succeded in LoadableXmlAsset: UseStylingStationAutomatic

GAGARIN: Succeded in LoadableXmlAsset: DeliverToAltar

GAGARIN: Succeded in LoadableXmlAsset: Sacrifice

GAGARIN: Succeded in LoadableXmlAsset: Scarify

GAGARIN: Succeded in LoadableXmlAsset: Blind

GAGARIN: Succeded in LoadableXmlAsset: ExtractRelic

GAGARIN: Succeded in LoadableXmlAsset: InstallRelic

GAGARIN: Succeded in LoadableXmlAsset: ExtractToInventory

GAGARIN: Succeded in LoadableXmlAsset: GetNeuralSupercharge

GAGARIN: Succeded in LoadableXmlAsset: EnterBiosculpterPod

GAGARIN: Succeded in LoadableXmlAsset: CarryToBiosculpterPod

GAGARIN: Succeded in LoadableXmlAsset: RecolorApparel

GAGARIN: Succeded in LoadableXmlAsset: DyeHair

GAGARIN: Succeded in LoadableXmlAsset: ActivateArchonexusCore

GAGARIN: Succeded in LoadableXmlAsset: PrisonerEnslave

GAGARIN: Succeded in LoadableXmlAsset: PrisonerReduceWill

GAGARIN: Succeded in LoadableXmlAsset: PrisonerConvert

GAGARIN: Succeded in LoadableXmlAsset: SlaveSuppress

GAGARIN: Succeded in LoadableXmlAsset: SlaveEmancipation

GAGARIN: Succeded in LoadableXmlAsset: SlaveExecution

GAGARIN: Succeded in LoadableXmlAsset: CreateAndEnterCocoon

GAGARIN: Succeded in LoadableXmlAsset: CreateAndEnterHealingPod

GAGARIN: Succeded in LoadableXmlAsset: ReturnToGauranlenTree

GAGARIN: Succeded in LoadableXmlAsset: MergeIntoGaumakerPod

GAGARIN: Succeded in LoadableXmlAsset: ChangeTreeMode

GAGARIN: Succeded in LoadableXmlAsset: PruneGauranlenTree

GAGARIN: Succeded in LoadableXmlAsset: AncientComplex

GAGARIN: Succeded in LoadableXmlAsset: AncientComplex_Loot

GAGARIN: Succeded in LoadableXmlAsset: AncientBarracks

GAGARIN: Succeded in LoadableXmlAsset: AncientStorageRoom

GAGARIN: Succeded in LoadableXmlAsset: AncientEquipmentRoom

GAGARIN: Succeded in LoadableXmlAsset: AncientPowerRoom

GAGARIN: Succeded in LoadableXmlAsset: AncientLab

GAGARIN: Succeded in LoadableXmlAsset: AncientArmory

GAGARIN: Succeded in LoadableXmlAsset: Ideos

GAGARIN: Succeded in LoadableXmlAsset: BasePlayer_SecondArchonexusCycle

GAGARIN: Succeded in LoadableXmlAsset: BasePlayer_ThirdArchonexusCycle

GAGARIN: Succeded in LoadableXmlAsset: ArchonexusResearchBuildings_SecondCycle

GAGARIN: Succeded in LoadableXmlAsset: ArchonexusResearchBuildings_ThirdCycle

GAGARIN: Succeded in LoadableXmlAsset: ScatterRoadDebris

GAGARIN: Succeded in LoadableXmlAsset: ScatterCaveDebris

GAGARIN: Succeded in LoadableXmlAsset: AncientUtilityBuilding

GAGARIN: Succeded in LoadableXmlAsset: MechanoidRemains

GAGARIN: Succeded in LoadableXmlAsset: AncientTurret

GAGARIN: Succeded in LoadableXmlAsset: AncientMechs

GAGARIN: Succeded in LoadableXmlAsset: AncientLandingPad

GAGARIN: Succeded in LoadableXmlAsset: AncientFences

GAGARIN: Succeded in LoadableXmlAsset: AncientPipelineSection

GAGARIN: Succeded in LoadableXmlAsset: AncientJunkClusters

GAGARIN: Succeded in LoadableXmlAsset: GenderSupremacy

GAGARIN: Succeded in LoadableXmlAsset: MaleSupremacy

GAGARIN: Succeded in LoadableXmlAsset: FemaleSupremacy

GAGARIN: Succeded in LoadableXmlAsset: GroupRelation

GAGARIN: Succeded in LoadableXmlAsset: Supremacist

GAGARIN: Succeded in LoadableXmlAsset: Loyalist

GAGARIN: Succeded in LoadableXmlAsset: Guilty

GAGARIN: Succeded in LoadableXmlAsset: Individualism

GAGARIN: Succeded in LoadableXmlAsset: Individualist

GAGARIN: Succeded in LoadableXmlAsset: Collectivist

GAGARIN: Succeded in LoadableXmlAsset: Misc

GAGARIN: Succeded in LoadableXmlAsset: AnimalPersonhood

GAGARIN: Succeded in LoadableXmlAsset: Transhumanist

GAGARIN: Succeded in LoadableXmlAsset: FleshPurity

GAGARIN: Succeded in LoadableXmlAsset: PainIsVirtue

GAGARIN: Succeded in LoadableXmlAsset: Cannibal

GAGARIN: Succeded in LoadableXmlAsset: Proselytizer

GAGARIN: Succeded in LoadableXmlAsset: HighLife

GAGARIN: Succeded in LoadableXmlAsset: Nudism

GAGARIN: Succeded in LoadableXmlAsset: Rancher

GAGARIN: Succeded in LoadableXmlAsset: Raider

GAGARIN: Succeded in LoadableXmlAsset: Blindsight

GAGARIN: Succeded in LoadableXmlAsset: Darkness

GAGARIN: Succeded in LoadableXmlAsset: Tunneler

GAGARIN: Succeded in LoadableXmlAsset: TreeConnection

GAGARIN: Succeded in LoadableXmlAsset: Primacy

GAGARIN: Succeded in LoadableXmlAsset: HumanPrimacy

GAGARIN: Succeded in LoadableXmlAsset: NaturePrimacy

GAGARIN: Succeded in LoadableXmlAsset: Structure_Animist

GAGARIN: Succeded in LoadableXmlAsset: Theist_Embodied

GAGARIN: Succeded in LoadableXmlAsset: Structure_TheistEmbodied

GAGARIN: Succeded in LoadableXmlAsset: Theist_Abstract

GAGARIN: Succeded in LoadableXmlAsset: Structure_TheistAbstract

GAGARIN: Succeded in LoadableXmlAsset: Structure_Ideological

GAGARIN: Succeded in LoadableXmlAsset: Structure_Archist

GAGARIN: Succeded in LoadableXmlAsset: Structure_OriginChristian

GAGARIN: Succeded in LoadableXmlAsset: NamerDeityChristian

GAGARIN: Succeded in LoadableXmlAsset: DietyTypeMakerAbrahamic

GAGARIN: Succeded in LoadableXmlAsset: Structure_OriginIslamic

GAGARIN: Succeded in LoadableXmlAsset: NamerDeityIslamic

GAGARIN: Succeded in LoadableXmlAsset: Structure_OriginHindu

GAGARIN: Succeded in LoadableXmlAsset: Structure_OriginBuddhist

GAGARIN: Succeded in LoadableXmlAsset: IdeoChange

GAGARIN: Succeded in LoadableXmlAsset: IdeoChange

GAGARIN: Succeded in LoadableXmlAsset: Rebellion

GAGARIN: Succeded in LoadableXmlAsset: Rebellion

GAGARIN: Succeded in LoadableXmlAsset: BerserkTrance

GAGARIN: Succeded in LoadableXmlAsset: Ideology

GAGARIN: Succeded in LoadableXmlAsset: Suppression

GAGARIN: Succeded in LoadableXmlAsset: Guest

GAGARIN: Succeded in LoadableXmlAsset: Ideo

GAGARIN: Succeded in LoadableXmlAsset: Tribal_Miner

GAGARIN: Succeded in LoadableXmlAsset: Miner

GAGARIN: Succeded in LoadableXmlAsset: Hunter

GAGARIN: Succeded in LoadableXmlAsset: Tribal_Logger

GAGARIN: Succeded in LoadableXmlAsset: Logger

GAGARIN: Succeded in LoadableXmlAsset: Tribal_Farmer

GAGARIN: Succeded in LoadableXmlAsset: Farmer

GAGARIN: Succeded in LoadableXmlAsset: Beggar

GAGARIN: Succeded in LoadableXmlAsset: PovertyPilgrim

GAGARIN: Succeded in LoadableXmlAsset: WellEquippedTraveler

GAGARIN: Succeded in LoadableXmlAsset: SlaughteredVeneratedAnimal

GAGARIN: Succeded in LoadableXmlAsset: HuntedVeneratedAnimal

GAGARIN: Succeded in LoadableXmlAsset: AteVeneratedAnimalMeat

GAGARIN: Succeded in LoadableXmlAsset: TameVeneratedAnimalDied

GAGARIN: Succeded in LoadableXmlAsset: AnimalsVenerated

GAGARIN: Succeded in LoadableXmlAsset: AnimalVenerated

GAGARIN: Succeded in LoadableXmlAsset: AteVeneratedAnimalMeat

GAGARIN: Succeded in LoadableXmlAsset: TameVeneratedAnimalDied

GAGARIN: Succeded in LoadableXmlAsset: VeneratedAnimalsOnMapOrCaravan

GAGARIN: Succeded in LoadableXmlAsset: AnimalConnection

GAGARIN: Succeded in LoadableXmlAsset: AnimalConnection_Strong

GAGARIN: Succeded in LoadableXmlAsset: AnimalSlaughter

GAGARIN: Succeded in LoadableXmlAsset: AnimalSlaughter_Prohibited

GAGARIN: Succeded in LoadableXmlAsset: AnimalSlaughter_Horrible

GAGARIN: Succeded in LoadableXmlAsset: AnimalSlaughter_Disapproved

GAGARIN: Succeded in LoadableXmlAsset: SlaughteredAnimal

GAGARIN: Succeded in LoadableXmlAsset: SlaughteredAnimal_Know_Prohibited

GAGARIN: Succeded in LoadableXmlAsset: SlaughteredAnimal_Know_Prohibited_Mood

GAGARIN: Succeded in LoadableXmlAsset: SlaughteredAnimal_Horrible

GAGARIN: Succeded in LoadableXmlAsset: SlaughteredAnimal_Know_Horrible

GAGARIN: Succeded in LoadableXmlAsset: SlaughteredAnimal_Know_Horrible_Mood

GAGARIN: Succeded in LoadableXmlAsset: SlaughteredAnimal_Disapproved

GAGARIN: Succeded in LoadableXmlAsset: SlaughteredAnimal_Know_Disapproved

GAGARIN: Succeded in LoadableXmlAsset: SlaughteredAnimal_Know_Disapproved_Mood

GAGARIN: Succeded in LoadableXmlAsset: Apostasy

GAGARIN: Succeded in LoadableXmlAsset: ChangedIdeo

GAGARIN: Succeded in LoadableXmlAsset: Apostasy_Abhorrent

GAGARIN: Succeded in LoadableXmlAsset: Apostasy_Horrible

GAGARIN: Succeded in LoadableXmlAsset: Apostasy_Disapproved

GAGARIN: Succeded in LoadableXmlAsset: ChangedIdeo_Know_Abhorrent

GAGARIN: Succeded in LoadableXmlAsset: ChangedIdeo_Know_Horrible

GAGARIN: Succeded in LoadableXmlAsset: ChangedIdeo_Know_Disapproved

GAGARIN: Succeded in LoadableXmlAsset: IsApostate_Abhorrent_Social

GAGARIN: Succeded in LoadableXmlAsset: IsApostate_Horrible_Social

GAGARIN: Succeded in LoadableXmlAsset: IsApostate_Disapproved_Social

GAGARIN: Succeded in LoadableXmlAsset: ApparelDesire

GAGARIN: Succeded in LoadableXmlAsset: ApparelDesired_Strong_Subordinate

GAGARIN: Succeded in LoadableXmlAsset: ApparelDesired_Soft_Subordinate

GAGARIN: Succeded in LoadableXmlAsset: WearingDesiredApparel_Soft

GAGARIN: Succeded in LoadableXmlAsset: WearingDesiredApparel_Strong

GAGARIN: Succeded in LoadableXmlAsset: NutrientPasteEating_DontMind

GAGARIN: Succeded in LoadableXmlAsset: AutonomousWeapons

GAGARIN: Succeded in LoadableXmlAsset: BuiltAutomatedTurret

GAGARIN: Succeded in LoadableXmlAsset: AutonomousWeapons_Prohibited

GAGARIN: Succeded in LoadableXmlAsset: AutonomousWeapons_Horrible

GAGARIN: Succeded in LoadableXmlAsset: AutonomousWeapons_Disapproved

GAGARIN: Succeded in LoadableXmlAsset: HasAutomatedTurrets_Prohibited

GAGARIN: Succeded in LoadableXmlAsset: HasAutomatedTurrets_Horrible

GAGARIN: Succeded in LoadableXmlAsset: HasAutomatedTurrets_Disapproved

GAGARIN: Succeded in LoadableXmlAsset: Blindness

GAGARIN: Succeded in LoadableXmlAsset: GotBlinded

GAGARIN: Succeded in LoadableXmlAsset: Blindness_Respected

GAGARIN: Succeded in LoadableXmlAsset: Blindness_Elevated

GAGARIN: Succeded in LoadableXmlAsset: Blindness_Sublime

GAGARIN: Succeded in LoadableXmlAsset: Blinding_Horrible

GAGARIN: Succeded in LoadableXmlAsset: BlindingCeremony_Know_Horrible

GAGARIN: Succeded in LoadableXmlAsset: BlindingCeremony_Self_Respected

GAGARIN: Succeded in LoadableXmlAsset: BlindingCeremony_Self_Elevated

GAGARIN: Succeded in LoadableXmlAsset: BlindingCeremony_Self_Sublime

GAGARIN: Succeded in LoadableXmlAsset: Blindness_Respected_Blind

GAGARIN: Succeded in LoadableXmlAsset: Blindness_Elevated_Blind

GAGARIN: Succeded in LoadableXmlAsset: Blindness_Sublime_Blind

GAGARIN: Succeded in LoadableXmlAsset: Blindness_Respected_Blind_Social

GAGARIN: Succeded in LoadableXmlAsset: Blindness_Elevated_Blind_Social

GAGARIN: Succeded in LoadableXmlAsset: Blindness_Sublime_Blind_Social

GAGARIN: Succeded in LoadableXmlAsset: Blindness_ArtificialBlind

GAGARIN: Succeded in LoadableXmlAsset: Blindness_Elevated_HalfBlind

GAGARIN: Succeded in LoadableXmlAsset: Blindness_Sublime_HalfBlind

GAGARIN: Succeded in LoadableXmlAsset: Blindness_Elevated_HalfBlind_Social

GAGARIN: Succeded in LoadableXmlAsset: Blindness_Sublime_HalfBlind_Social

GAGARIN: Succeded in LoadableXmlAsset: Blindness_Elevated_NonBlind

GAGARIN: Succeded in LoadableXmlAsset: Blindness_Sublime_NonBlind

GAGARIN: Succeded in LoadableXmlAsset: Blindness_Respected_NonBlind_Social

GAGARIN: Succeded in LoadableXmlAsset: Blindness_Elevated_NonBlind_Social

GAGARIN: Succeded in LoadableXmlAsset: Blindness_Sublime_NonBlind_Social

GAGARIN: Succeded in LoadableXmlAsset: BlindPsysense

GAGARIN: Succeded in LoadableXmlAsset: Blind_Psysense

GAGARIN: Succeded in LoadableXmlAsset: BodyModification

GAGARIN: Succeded in LoadableXmlAsset: BodyMod_Abhorrent

GAGARIN: Succeded in LoadableXmlAsset: BodyMod_Disapproved

GAGARIN: Succeded in LoadableXmlAsset: BodyMod_Approved

GAGARIN: Succeded in LoadableXmlAsset: InstalledProsthetic_Abhorrent

GAGARIN: Succeded in LoadableXmlAsset: InstalledProsthetic_Know_Abhorrent

GAGARIN: Succeded in LoadableXmlAsset: InstalledProsthetic_Disapproved

GAGARIN: Succeded in LoadableXmlAsset: InstalledProsthetic_Know_Disapproved

GAGARIN: Succeded in LoadableXmlAsset: HasProsthetic_Abhorrent

GAGARIN: Succeded in LoadableXmlAsset: HasProsthetic_Abhorrent_Social

GAGARIN: Succeded in LoadableXmlAsset: HasProsthetic_Disapproved

GAGARIN: Succeded in LoadableXmlAsset: HasProsthetic_Disapproved_Social

GAGARIN: Succeded in LoadableXmlAsset: HasNoProsthetic_Disapproved

GAGARIN: Succeded in LoadableXmlAsset: HasNoProsthetic_Disapproved_Social

GAGARIN: Succeded in LoadableXmlAsset: HasProsthetic_Approved

GAGARIN: Succeded in LoadableXmlAsset: Bonding

GAGARIN: Succeded in LoadableXmlAsset: Bonding_Disapproved

GAGARIN: Succeded in LoadableXmlAsset: IdeoBuilding

GAGARIN: Succeded in LoadableXmlAsset: IdeoBuilding

GAGARIN: Succeded in LoadableXmlAsset: AteNonCannibalFood

GAGARIN: Succeded in LoadableXmlAsset: Cannibalism_Abhorrent

GAGARIN: Succeded in LoadableXmlAsset: AteHumanMeat_Abhorrent

GAGARIN: Succeded in LoadableXmlAsset: ButcheredHuman_Abhorrent

GAGARIN: Succeded in LoadableXmlAsset: ButcheredHuman_Know_Abhorrent

GAGARIN: Succeded in LoadableXmlAsset: ButcheredHuman_Know_Abhorrent_Opinion

GAGARIN: Succeded in LoadableXmlAsset: AteHumanMeat_Know_Abhorrent

GAGARIN: Succeded in LoadableXmlAsset: HumanLeatherApparel_Abhorrent

GAGARIN: Succeded in LoadableXmlAsset: Cannibalism_Horrible

GAGARIN: Succeded in LoadableXmlAsset: AteHumanMeat_Horrible

GAGARIN: Succeded in LoadableXmlAsset: ButcheredHuman_Horrible

GAGARIN: Succeded in LoadableXmlAsset: ButcheredHuman_Know_Horrible

GAGARIN: Succeded in LoadableXmlAsset: ButcheredHuman_Know_Horrible_Opinion

GAGARIN: Succeded in LoadableXmlAsset: AteHumanMeat_Know_Horrible

GAGARIN: Succeded in LoadableXmlAsset: HumanLeatherApparel_Horrible

GAGARIN: Succeded in LoadableXmlAsset: Cannibalism_Disapproved

GAGARIN: Succeded in LoadableXmlAsset: AteHumanMeat_Disapproved

GAGARIN: Succeded in LoadableXmlAsset: ButcheredHuman_Disapproved

GAGARIN: Succeded in LoadableXmlAsset: ButcheredHuman_Know_Disapproved

GAGARIN: Succeded in LoadableXmlAsset: ButcheredHuman_Know_Disapproved_Opinion

GAGARIN: Succeded in LoadableXmlAsset: AteHumanMeat_Know_Disapproved

GAGARIN: Succeded in LoadableXmlAsset: HumanLeatherApparel_Disapproved

GAGARIN: Succeded in LoadableXmlAsset: Cannibalism_Acceptable

GAGARIN: Succeded in LoadableXmlAsset: Cannibalism_Preferred

GAGARIN: Succeded in LoadableXmlAsset: AteHumanMeat_Preferred

GAGARIN: Succeded in LoadableXmlAsset: NoRecentHumanMeat_Preferred

GAGARIN: Succeded in LoadableXmlAsset: HumanLeatherApparel_Preferred

GAGARIN: Succeded in LoadableXmlAsset: Cannibalism_RequiredStrong

GAGARIN: Succeded in LoadableXmlAsset: AteNonCannibalFood_Horrible

GAGARIN: Succeded in LoadableXmlAsset: AteNonCannibalFood_Know_Horrible

GAGARIN: Succeded in LoadableXmlAsset: AteHumanMeat_RequiredStrong

GAGARIN: Succeded in LoadableXmlAsset: NoRecentHumanMeat_RequiredStrong

GAGARIN: Succeded in LoadableXmlAsset: HumanLeatherApparel_RequiredStrong

GAGARIN: Succeded in LoadableXmlAsset: Cannibalism_RequiredRavenous

GAGARIN: Succeded in LoadableXmlAsset: AteNonCannibalFood_Abhorrent

GAGARIN: Succeded in LoadableXmlAsset: AteNonCannibalFood_Know_Abhorrent

GAGARIN: Succeded in LoadableXmlAsset: AteHumanMeat_RequiredRavenous

GAGARIN: Succeded in LoadableXmlAsset: NoRecentHumanMeat_RequiredRavenous

GAGARIN: Succeded in LoadableXmlAsset: HumanLeatherApparel_RequiredRavenous

GAGARIN: Succeded in LoadableXmlAsset: Charity

GAGARIN: Succeded in LoadableXmlAsset: CharityRefused_Beggars

GAGARIN: Succeded in LoadableXmlAsset: CharityRefused_Beggars_Betrayed

GAGARIN: Succeded in LoadableXmlAsset: CharityRefused_WandererJoins

GAGARIN: Succeded in LoadableXmlAsset: CharityRefused_HospitalityRefugees

GAGARIN: Succeded in LoadableXmlAsset: CharityRefused_ShuttleCrashRescue

GAGARIN: Succeded in LoadableXmlAsset: CharityRefused_RefugeePodCrash

GAGARIN: Succeded in LoadableXmlAsset: CharityRefused_IntroWimp

GAGARIN: Succeded in LoadableXmlAsset: CharityRefused_Pilgrims

GAGARIN: Succeded in LoadableXmlAsset: CharityRefused_Pilgrims_Betrayed

GAGARIN: Succeded in LoadableXmlAsset: CharityFulfilled_Beggars

GAGARIN: Succeded in LoadableXmlAsset: CharityFulfilled_WandererJoins

GAGARIN: Succeded in LoadableXmlAsset: CharityFulfilled_HospitalityRefugees

GAGARIN: Succeded in LoadableXmlAsset: CharityFulfilled_ShuttleCrashRescue

GAGARIN: Succeded in LoadableXmlAsset: CharityFulfilled_RefugeePodCrash

GAGARIN: Succeded in LoadableXmlAsset: CharityFulfilled_IntroWimp

GAGARIN: Succeded in LoadableXmlAsset: CharityFulfilled_ThreatReward_Joiner

GAGARIN: Succeded in LoadableXmlAsset: Charity_Essential

GAGARIN: Succeded in LoadableXmlAsset: Charity_Important

GAGARIN: Succeded in LoadableXmlAsset: Charity_Worthwhile

GAGARIN: Succeded in LoadableXmlAsset: CharityRefused_Essential_Beggars

GAGARIN: Succeded in LoadableXmlAsset: CharityRefused_Important_Beggars

GAGARIN: Succeded in LoadableXmlAsset: CharityRefused_Worthwhile_Beggars

GAGARIN: Succeded in LoadableXmlAsset: CharityRefused_Essential_Beggars_Betrayed

GAGARIN: Succeded in LoadableXmlAsset: CharityRefused_Important_Beggars_Betrayed

GAGARIN: Succeded in LoadableXmlAsset: CharityRefused_Worthwhile_Beggars_Betrayed

GAGARIN: Succeded in LoadableXmlAsset: CharityRefused_Essential_Pilgrims

GAGARIN: Succeded in LoadableXmlAsset: CharityRefused_Important_Pilgrims

GAGARIN: Succeded in LoadableXmlAsset: CharityRefused_Worthwhile_Pilgrims

GAGARIN: Succeded in LoadableXmlAsset: CharityRefused_Essential_Pilgrims_Betrayed

GAGARIN: Succeded in LoadableXmlAsset: CharityRefused_Important_Pilgrims_Betrayed

GAGARIN: Succeded in LoadableXmlAsset: CharityRefused_Worthwhile_Pilgrims_Betrayed

GAGARIN: Succeded in LoadableXmlAsset: CharityRefused_Essential_WandererJoins

GAGARIN: Succeded in LoadableXmlAsset: CharityRefused_Important_WandererJoins

GAGARIN: Succeded in LoadableXmlAsset: CharityRefused_Worthwhile_WandererJoins

GAGARIN: Succeded in LoadableXmlAsset: CharityRefused_Essential_ShuttleCrashRescue

GAGARIN: Succeded in LoadableXmlAsset: CharityRefused_Important_ShuttleCrashRescue

GAGARIN: Succeded in LoadableXmlAsset: CharityRefused_Worthwhile_ShuttleCrashRescue

GAGARIN: Succeded in LoadableXmlAsset: CharityRefused_Essential_RefugeePodCrash

GAGARIN: Succeded in LoadableXmlAsset: CharityRefused_Important_RefugeePodCrash

GAGARIN: Succeded in LoadableXmlAsset: CharityRefused_Worthwhile_RefugeePodCrash

GAGARIN: Succeded in LoadableXmlAsset: CharityRefused_Essential_HospitalityRefugees

GAGARIN: Succeded in LoadableXmlAsset: CharityRefused_Important_HospitalityRefugees

GAGARIN: Succeded in LoadableXmlAsset: CharityRefused_Worthwhile_HospitalityRefugees

GAGARIN: Succeded in LoadableXmlAsset: CharityRefused_Essential_IntroWimp

GAGARIN: Succeded in LoadableXmlAsset: CharityRefused_Important_IntroWimp

GAGARIN: Succeded in LoadableXmlAsset: CharityRefused_Worthwhile_IntroWimp

GAGARIN: Succeded in LoadableXmlAsset: CharityRefused_Essential_ThreatReward_Joiner

GAGARIN: Succeded in LoadableXmlAsset: CharityRefused_Important_ThreatReward_Joiner

GAGARIN: Succeded in LoadableXmlAsset: CharityRefused_Worthwhile_ThreatReward_Joiner

GAGARIN: Succeded in LoadableXmlAsset: CharityFulfilled_Essential_Beggars

GAGARIN: Succeded in LoadableXmlAsset: CharityFulfilled_Important_Beggars

GAGARIN: Succeded in LoadableXmlAsset: CharityFulfilled_Worthwhile_Beggars

GAGARIN: Succeded in LoadableXmlAsset: CharityFulfilled_Essential_WandererJoins

GAGARIN: Succeded in LoadableXmlAsset: CharityFulfilled_Important_WandererJoins

GAGARIN: Succeded in LoadableXmlAsset: CharityFulfilled_Worthwhile_WandererJoins

GAGARIN: Succeded in LoadableXmlAsset: CharityFulfilled_Essential_ShuttleCrashRescue

GAGARIN: Succeded in LoadableXmlAsset: CharityFulfilled_Important_ShuttleCrashRescue

GAGARIN: Succeded in LoadableXmlAsset: CharityFulfilled_Worthwhile_ShuttleCrashRescue

GAGARIN: Succeded in LoadableXmlAsset: CharityFulfilled_Essential_RefugeePodCrash

GAGARIN: Succeded in LoadableXmlAsset: CharityFulfilled_Important_RefugeePodCrash

GAGARIN: Succeded in LoadableXmlAsset: CharityFulfilled_Worthwhile_RefugeePodCrash

GAGARIN: Succeded in LoadableXmlAsset: CharityFulfilled_Essential_HospitalityRefugees

GAGARIN: Succeded in LoadableXmlAsset: CharityFulfilled_Important_HospitalityRefugees

GAGARIN: Succeded in LoadableXmlAsset: CharityFulfilled_Worthwhile_HospitalityRefugees

GAGARIN: Succeded in LoadableXmlAsset: CharityFulfilled_Essential_IntroWimp

GAGARIN: Succeded in LoadableXmlAsset: CharityFulfilled_Important_IntroWimp

GAGARIN: Succeded in LoadableXmlAsset: CharityFulfilled_Worthwhile_IntroWimp

GAGARIN: Succeded in LoadableXmlAsset: CharityFulfilled_Essential_ThreatReward_Joiner

GAGARIN: Succeded in LoadableXmlAsset: CharityFulfilled_Important_ThreatReward_Joiner

GAGARIN: Succeded in LoadableXmlAsset: CharityFulfilled_Worthwhile_ThreatReward_Joiner

GAGARIN: Succeded in LoadableXmlAsset: Comfort

GAGARIN: Succeded in LoadableXmlAsset: SlabBed

GAGARIN: Succeded in LoadableXmlAsset: Comfort_Ignored

GAGARIN: Succeded in LoadableXmlAsset: SlabBed_Preferred

GAGARIN: Succeded in LoadableXmlAsset: SlabBed_Preferred

GAGARIN: Succeded in LoadableXmlAsset: Corpses_DontCare

GAGARIN: Succeded in LoadableXmlAsset: DrugUse

GAGARIN: Succeded in LoadableXmlAsset: DrugUse_Prohibited

GAGARIN: Succeded in LoadableXmlAsset: DrugUse_MedicalOnly

GAGARIN: Succeded in LoadableXmlAsset: DrugUse_MedicalOrSocial

GAGARIN: Succeded in LoadableXmlAsset: IngestedDrug_Horrible

GAGARIN: Succeded in LoadableXmlAsset: IngestedRecreationalDrug_Horrible

GAGARIN: Succeded in LoadableXmlAsset: IngestedHardDrug_Horrible

GAGARIN: Succeded in LoadableXmlAsset: IngestedDrug_Know_Horrible

GAGARIN: Succeded in LoadableXmlAsset: IngestedRecreationalDrug_Know_Horrible

GAGARIN: Succeded in LoadableXmlAsset: IngestedHardDrug_Know_Horrible

GAGARIN: Succeded in LoadableXmlAsset: AdministeredDrug_Horrible

GAGARIN: Succeded in LoadableXmlAsset: AdministeredRecreationalDrug_Horrible

GAGARIN: Succeded in LoadableXmlAsset: AdministeredHardDrug_Horrible

GAGARIN: Succeded in LoadableXmlAsset: AdministeredDrug_Know_Horrible

GAGARIN: Succeded in LoadableXmlAsset: AdministeredRecreationalDrug_Know_Horrible

GAGARIN: Succeded in LoadableXmlAsset: AdministeredHardDrug_Know_Horrible

GAGARIN: Succeded in LoadableXmlAsset: FungusEating

GAGARIN: Succeded in LoadableXmlAsset: AteFungus

GAGARIN: Succeded in LoadableXmlAsset: AteFungusAsIngredient

GAGARIN: Succeded in LoadableXmlAsset: AteNonFungusPlant

GAGARIN: Succeded in LoadableXmlAsset: AteNonFungusMealWithPlants

GAGARIN: Succeded in LoadableXmlAsset: FungusEating_Preferred

GAGARIN: Succeded in LoadableXmlAsset: FungusEating_Despised

GAGARIN: Succeded in LoadableXmlAsset: AteNonFungusPlant_Despised

GAGARIN: Succeded in LoadableXmlAsset: AteNonFungusMealWithPlants_Despised

GAGARIN: Succeded in LoadableXmlAsset: AteFungus_Preferred

GAGARIN: Succeded in LoadableXmlAsset: AteFungusAsIngredient_Preferred

GAGARIN: Succeded in LoadableXmlAsset: AteFungus_Despised

GAGARIN: Succeded in LoadableXmlAsset: AteFungusAsIngredient_Despised

GAGARIN: Succeded in LoadableXmlAsset: DrugUse_Essential

GAGARIN: Succeded in LoadableXmlAsset: HighLife

GAGARIN: Succeded in LoadableXmlAsset: IdeoDiversity

GAGARIN: Succeded in LoadableXmlAsset: ParticipatedInOthersRitual

GAGARIN: Succeded in LoadableXmlAsset: IdeoDiversity_Abhorrent

GAGARIN: Succeded in LoadableXmlAsset: IdeoDiversity_Horrible

GAGARIN: Succeded in LoadableXmlAsset: IdeoDiversity_Disapproved

GAGARIN: Succeded in LoadableXmlAsset: IdeoDiversity_Standard

GAGARIN: Succeded in LoadableXmlAsset: IdeoDiversity_Approved

GAGARIN: Succeded in LoadableXmlAsset: IdeoDiversity_Respected

GAGARIN: Succeded in LoadableXmlAsset: IdeoDiversity_Exalted

GAGARIN: Succeded in LoadableXmlAsset: IdeoDiversity_Abhorrent

GAGARIN: Succeded in LoadableXmlAsset: IdeoDiversity_Abhorrent_Uniform

GAGARIN: Succeded in LoadableXmlAsset: IdeoDiversity_Abhorrent_Social

GAGARIN: Succeded in LoadableXmlAsset: IdeoDiverity_Abhorrent_AltarSharing

GAGARIN: Succeded in LoadableXmlAsset: IdeoDiversity_Abhorrent_StyleDominance

GAGARIN: Succeded in LoadableXmlAsset: IdeoDiversity_Abhorrent_ParticipatedInOthersRitual

GAGARIN: Succeded in LoadableXmlAsset: IdeoDiversity_Horrible

GAGARIN: Succeded in LoadableXmlAsset: IdeoDiversity_Horrible_Uniform

GAGARIN: Succeded in LoadableXmlAsset: IdeoDiversity_Horrible_Social

GAGARIN: Succeded in LoadableXmlAsset: IdeoDiverity_Horrible_AltarSharing

GAGARIN: Succeded in LoadableXmlAsset: IdeoDiversity_Horrible_StyleDominance

GAGARIN: Succeded in LoadableXmlAsset: IdeoDiversity_Horrible_ParticipatedInOthersRitual

GAGARIN: Succeded in LoadableXmlAsset: IdeoDiversity_Disapproved

GAGARIN: Succeded in LoadableXmlAsset: IdeoDiversity_Disapproved_Uniform

GAGARIN: Succeded in LoadableXmlAsset: IdeoDiversity_Disapproved_Social

GAGARIN: Succeded in LoadableXmlAsset: IdeoDiverity_Disapproved_AltarSharing

GAGARIN: Succeded in LoadableXmlAsset: IdeoDiversity_Disapproved_StyleDominance

GAGARIN: Succeded in LoadableXmlAsset: IdeoDiversity_Disapproved_ParticipatedInOthersRitual

GAGARIN: Succeded in LoadableXmlAsset: IdeoDiversity_Standard_StyleDominance

GAGARIN: Succeded in LoadableXmlAsset: IdeoDiversity_Approved

GAGARIN: Succeded in LoadableXmlAsset: IdeoDiversity_Approved_StyleDominance

GAGARIN: Succeded in LoadableXmlAsset: IdeoDiversity_Respected

GAGARIN: Succeded in LoadableXmlAsset: IdeoDiversity_Respected_StyleDominance

GAGARIN: Succeded in LoadableXmlAsset: IdeoDiversity_Exalted

GAGARIN: Succeded in LoadableXmlAsset: IdeoDiversity_Exalted_StyleDominance

GAGARIN: Succeded in LoadableXmlAsset: InsectMeatEating_Loved

GAGARIN: Succeded in LoadableXmlAsset: AteInsectMeat_Loved

GAGARIN: Succeded in LoadableXmlAsset: AteInsectMeatAsIngredient_Loved

GAGARIN: Succeded in LoadableXmlAsset: KillingInnocentAnimals

GAGARIN: Succeded in LoadableXmlAsset: KilledInnocentAnimal

GAGARIN: Succeded in LoadableXmlAsset: KillingInnocentAnimals_Abhorrent

GAGARIN: Succeded in LoadableXmlAsset: KillingInnocentAnimals_Horrible

GAGARIN: Succeded in LoadableXmlAsset: KillingInnocentAnimals_Disapproved

GAGARIN: Succeded in LoadableXmlAsset: KilledInnocentAnimal_Know_Abhorrent

GAGARIN: Succeded in LoadableXmlAsset: KilledInnocentAnimal_Know_Abhorrent_Mood

GAGARIN: Succeded in LoadableXmlAsset: KilledInnocentAnimal_Horrible

GAGARIN: Succeded in LoadableXmlAsset: KilledInnocentAnimal_Know_Horrible

GAGARIN: Succeded in LoadableXmlAsset: KilledInnocentAnimal_Know_Horrible_Mood

GAGARIN: Succeded in LoadableXmlAsset: KilledInnocentAnimal_Disapproved

GAGARIN: Succeded in LoadableXmlAsset: KilledInnocentAnimal_Know_Disapproved

GAGARIN: Succeded in LoadableXmlAsset: KilledInnocentAnimal_Know_Disapproved_Mood

GAGARIN: Succeded in LoadableXmlAsset: Lighting

GAGARIN: Succeded in LoadableXmlAsset: DarknessCombat

GAGARIN: Succeded in LoadableXmlAsset: Eclipse

GAGARIN: Succeded in LoadableXmlAsset: Darklight_Preferred

GAGARIN: Succeded in LoadableXmlAsset: DarknessCombat_Preferred

GAGARIN: Succeded in LoadableXmlAsset: Eclipse_Beautiful

GAGARIN: Succeded in LoadableXmlAsset: Darklight_Preferred_BlindingLight

GAGARIN: Succeded in LoadableXmlAsset: Darklight_Preferred_IndoorLight

GAGARIN: Succeded in LoadableXmlAsset: Darklight_Preferred_Darklight

GAGARIN: Succeded in LoadableXmlAsset: Eclipse_Beautiful

GAGARIN: Succeded in LoadableXmlAsset: Lovin_Prohibited

GAGARIN: Succeded in LoadableXmlAsset: Lovin_Horrible

GAGARIN: Succeded in LoadableXmlAsset: Lovin_SpouseOnly_Strict

GAGARIN: Succeded in LoadableXmlAsset: Lovin_SpouseOnly_Moderate

GAGARIN: Succeded in LoadableXmlAsset: Lovin_SpouseOnly_Mild

GAGARIN: Succeded in LoadableXmlAsset: Lovin_FreeApproved

GAGARIN: Succeded in LoadableXmlAsset: GotLovin_Abhorrent

GAGARIN: Succeded in LoadableXmlAsset: Lovin_Know_Abhorrent

GAGARIN: Succeded in LoadableXmlAsset: GotLovin_Horrible

GAGARIN: Succeded in LoadableXmlAsset: Lovin_Know_Horrible

GAGARIN: Succeded in LoadableXmlAsset: GotLovin_Disapproved

GAGARIN: Succeded in LoadableXmlAsset: Lovin_Know_Disapproved

GAGARIN: Succeded in LoadableXmlAsset: Lovin_Know_Approved

GAGARIN: Succeded in LoadableXmlAsset: MarriageName_AlwaysMans

GAGARIN: Succeded in LoadableXmlAsset: MarriageName_Random

GAGARIN: Succeded in LoadableXmlAsset: MarriageName_KeepNames

GAGARIN: Succeded in LoadableXmlAsset: MarriageName_UsuallyWomans

GAGARIN: Succeded in LoadableXmlAsset: MarriageName_AlwaysWomans

GAGARIN: Succeded in LoadableXmlAsset: MeatEating

GAGARIN: Succeded in LoadableXmlAsset: AteMeat

GAGARIN: Succeded in LoadableXmlAsset: AteNonMeat

GAGARIN: Succeded in LoadableXmlAsset: MeatEating_Abhorrent

GAGARIN: Succeded in LoadableXmlAsset: MeatEating_Horrible

GAGARIN: Succeded in LoadableXmlAsset: MeatEating_Disapproved

GAGARIN: Succeded in LoadableXmlAsset: MeatEating_NonMeat_Disapproved

GAGARIN: Succeded in LoadableXmlAsset: MeatEating_NonMeat_Horrible

GAGARIN: Succeded in LoadableXmlAsset: MeatEating_NonMeat_Abhorrent

GAGARIN: Succeded in LoadableXmlAsset: AteMeat_Abhorrent

GAGARIN: Succeded in LoadableXmlAsset: AteMeat_Know_Abhorrent

GAGARIN: Succeded in LoadableXmlAsset: AteMeat_Horrible

GAGARIN: Succeded in LoadableXmlAsset: AteMeat_Know_Horrible

GAGARIN: Succeded in LoadableXmlAsset: AteMeat_Disapproved

GAGARIN: Succeded in LoadableXmlAsset: AteMeat_Know_Disapproved

GAGARIN: Succeded in LoadableXmlAsset: AteNonMeat_Abhorrent

GAGARIN: Succeded in LoadableXmlAsset: AteNonMeat_Know_Abhorrent

GAGARIN: Succeded in LoadableXmlAsset: AteNonMeat_Horrible

GAGARIN: Succeded in LoadableXmlAsset: AteNonMeat_Know_Horrible

GAGARIN: Succeded in LoadableXmlAsset: AteNonMeat_Disapproved

GAGARIN: Succeded in LoadableXmlAsset: AteNonMeat_Know_Disapproved

GAGARIN: Succeded in LoadableXmlAsset: Mining

GAGARIN: Succeded in LoadableXmlAsset: MiningYield

GAGARIN: Succeded in LoadableXmlAsset: Mining_Prohibited

GAGARIN: Succeded in LoadableXmlAsset: Mining_Horrible

GAGARIN: Succeded in LoadableXmlAsset: Mining_Disapproved

GAGARIN: Succeded in LoadableXmlAsset: MiningYield_High

GAGARIN: Succeded in LoadableXmlAsset: Mined_Know_Prohibited

GAGARIN: Succeded in LoadableXmlAsset: Mined_Know_Prohibited_Mood

GAGARIN: Succeded in LoadableXmlAsset: MineableDestroyed_Prohibited

GAGARIN: Succeded in LoadableXmlAsset: Mined_Horrible

GAGARIN: Succeded in LoadableXmlAsset: Mined_Know_Horrible

GAGARIN: Succeded in LoadableXmlAsset: Mined_Know_Horrible_Mood

GAGARIN: Succeded in LoadableXmlAsset: MineableDestroyed_Horrible

GAGARIN: Succeded in LoadableXmlAsset: Mined_Disapproved

GAGARIN: Succeded in LoadableXmlAsset: Mined_Know_Disapproved

GAGARIN: Succeded in LoadableXmlAsset: Mined_Know_Disapproved_Mood

GAGARIN: Succeded in LoadableXmlAsset: MineableDestroyed_Disapproved

GAGARIN: Succeded in LoadableXmlAsset: Nudity_Male

GAGARIN: Succeded in LoadableXmlAsset: Nudity_Female

GAGARIN: Succeded in LoadableXmlAsset: Nudity_Male_Mandatory

GAGARIN: Succeded in LoadableXmlAsset: Nudity_Female_Mandatory

GAGARIN: Succeded in LoadableXmlAsset: Nudity_Male_CoveringAnythingButGroinDisapproved

GAGARIN: Succeded in LoadableXmlAsset: Nudity_Female_CoveringAnythingButGroinDisapproved

GAGARIN: Succeded in LoadableXmlAsset: Nudity_Male_NoRules

GAGARIN: Succeded in LoadableXmlAsset: Nudity_Female_NoRules

GAGARIN: Succeded in LoadableXmlAsset: Nudity_Male_UncoveredGroinDisapproved

GAGARIN: Succeded in LoadableXmlAsset: Nudity_Female_UncoveredGroinDisapproved

GAGARIN: Succeded in LoadableXmlAsset: Nudity_Male_UncoveredGroinOrChestDisapproved

GAGARIN: Succeded in LoadableXmlAsset: Nudity_Female_UncoveredGroinOrChestDisapproved

GAGARIN: Succeded in LoadableXmlAsset: Nudity_Male_UncoveredGroinChestOrHairDisapproved

GAGARIN: Succeded in LoadableXmlAsset: Nudity_Female_UncoveredGroinChestOrHairDisapproved

GAGARIN: Succeded in LoadableXmlAsset: Nudity_Male_UncoveredGroinChestHairOrFaceDisapproved

GAGARIN: Succeded in LoadableXmlAsset: Nudity_Female_UncoveredGroinChestHairOrFaceDisapproved

GAGARIN: Succeded in LoadableXmlAsset: AnyBodyPartCovered_Disapproved_Male

GAGARIN: Succeded in LoadableXmlAsset: AnyBodyPartCovered_Disapproved_Female

GAGARIN: Succeded in LoadableXmlAsset: AnyBodyPartCovered_Disapproved_Memory

GAGARIN: Succeded in LoadableXmlAsset: AnyBodyPartCovered_Disapproved_Social_Male

GAGARIN: Succeded in LoadableXmlAsset: AnyBodyPartCovered_Disapproved_Social_Female

GAGARIN: Succeded in LoadableXmlAsset: AnyBodyPartButGroinCovered_Disapproved_Male

GAGARIN: Succeded in LoadableXmlAsset: AnyBodyPartButGroinCovered_Disapproved_Female

GAGARIN: Succeded in LoadableXmlAsset: AnyBodyPartButGroinCovered_Disapproved_Memory

GAGARIN: Succeded in LoadableXmlAsset: AnyBodyPartButGroinCovered_Disapproved_Social_Male

GAGARIN: Succeded in LoadableXmlAsset: AnyBodyPartButGroinCovered_Disapproved_Social_Female

GAGARIN: Succeded in LoadableXmlAsset: GroinUncovered_Disapproved_Male

GAGARIN: Succeded in LoadableXmlAsset: GroinUncovered_Disapproved_Female

GAGARIN: Succeded in LoadableXmlAsset: GroinUncovered_Disapproved_Social_Male

GAGARIN: Succeded in LoadableXmlAsset: GroinUncovered_Disapproved_Social_Female

GAGARIN: Succeded in LoadableXmlAsset: GroinOrChestUncovered_Disapproved_Male

GAGARIN: Succeded in LoadableXmlAsset: GroinOrChestUncovered_Disapproved_Female

GAGARIN: Succeded in LoadableXmlAsset: GroinOrChestUncovered_Disapproved_Social_Male

GAGARIN: Succeded in LoadableXmlAsset: GroinOrChestUncovered_Disapproved_Social_Female

GAGARIN: Succeded in LoadableXmlAsset: GroinChestOrHairUncovered_Disapproved_Male

GAGARIN: Succeded in LoadableXmlAsset: GroinChestOrHairUncovered_Disapproved_Female

GAGARIN: Succeded in LoadableXmlAsset: GroinChestOrHairUncovered_Disapproved_Social_Male

GAGARIN: Succeded in LoadableXmlAsset: GroinChestOrHairUncovered_Disapproved_Social_Female

GAGARIN: Succeded in LoadableXmlAsset: GroinChestHairOrFaceUncovered_Disapproved_Male

GAGARIN: Succeded in LoadableXmlAsset: GroinChestHairOrFaceUncovered_Disapproved_Female

GAGARIN: Succeded in LoadableXmlAsset: GroinChestHairOrFaceUncovered_Disapproved_Social_Male

GAGARIN: Succeded in LoadableXmlAsset: GroinChestHairOrFaceUncovered_Disapproved_Social_Female

GAGARIN: Succeded in LoadableXmlAsset: HarvestedOrgan

GAGARIN: Succeded in LoadableXmlAsset: SoldOrgan

GAGARIN: Succeded in LoadableXmlAsset: TradedOrgan

GAGARIN: Succeded in LoadableXmlAsset: OrganUse_Abhorrent

GAGARIN: Succeded in LoadableXmlAsset: OrganUse_HorribleNoSell

GAGARIN: Succeded in LoadableXmlAsset: OrganUse_HorribleSellOK

GAGARIN: Succeded in LoadableXmlAsset: OrganUse_Acceptable

GAGARIN: Succeded in LoadableXmlAsset: TradedOrgan_Abhorrent

GAGARIN: Succeded in LoadableXmlAsset: TradedOrgan_Know_Abhorrent

GAGARIN: Succeded in LoadableXmlAsset: TradedOrgan_Know_Abhorrent_Mood

GAGARIN: Succeded in LoadableXmlAsset: SoldOrgan_Disapproved

GAGARIN: Succeded in LoadableXmlAsset: SoldOrgan_Know_Disapproved

GAGARIN: Succeded in LoadableXmlAsset: SoldOrgan_Know_Horrible_Mood

GAGARIN: Succeded in LoadableXmlAsset: InstalledOrgan

GAGARIN: Succeded in LoadableXmlAsset: InstalledOrgan_Abhorrent

GAGARIN: Succeded in LoadableXmlAsset: InstalledOrgan_Know_Abhorrent

GAGARIN: Succeded in LoadableXmlAsset: InstalledOrgan_Know_Abhorrent_Mood

GAGARIN: Succeded in LoadableXmlAsset: HarvestedOrgan_Abhorrent

GAGARIN: Succeded in LoadableXmlAsset: HarvestedOrgan_Know_Abhorrent

GAGARIN: Succeded in LoadableXmlAsset: HarvestedOrgan_Know_Abhorrent_Mood

GAGARIN: Succeded in LoadableXmlAsset: HarvestedOrgan_Horrible

GAGARIN: Succeded in LoadableXmlAsset: HarvestedOrgan_Know_Horrible

GAGARIN: Succeded in LoadableXmlAsset: HarvestedOrgan_Know_Horrible_Mood

GAGARIN: Succeded in LoadableXmlAsset: Pain

GAGARIN: Succeded in LoadableXmlAsset: Pain_Idealized

GAGARIN: Succeded in LoadableXmlAsset: Pain_Idealized

GAGARIN: Succeded in LoadableXmlAsset: Execution_Abhorrent

GAGARIN: Succeded in LoadableXmlAsset: Execution_Horrible

GAGARIN: Succeded in LoadableXmlAsset: Execution_HorribleIfInnocent

GAGARIN: Succeded in LoadableXmlAsset: Execution_DontCare

GAGARIN: Succeded in LoadableXmlAsset: Execution_RespectedIfGuilty

GAGARIN: Succeded in LoadableXmlAsset: Execution_Required

GAGARIN: Succeded in LoadableXmlAsset: ExecutedGuest_Know_Abhorrent_Mood

GAGARIN: Succeded in LoadableXmlAsset: ExecutedColonist_Know_Abhorrent_Mood

GAGARIN: Succeded in LoadableXmlAsset: ExecutedPrisoner_Know_Abhorrent

GAGARIN: Succeded in LoadableXmlAsset: InnocentPrisonerDied_Know_Abhorrent

GAGARIN: Succeded in LoadableXmlAsset: InnocentPrisonerDied_Know_Abhorrent_Mood

GAGARIN: Succeded in LoadableXmlAsset: InnocentPrisonerDied_Abhorrent

GAGARIN: Succeded in LoadableXmlAsset: ExecutedPrisoner_Horrible

GAGARIN: Succeded in LoadableXmlAsset: InnocentPrisonerDied_Horrible

GAGARIN: Succeded in LoadableXmlAsset: ExecutedPrisoner_Know_Horrible

GAGARIN: Succeded in LoadableXmlAsset: InnocentPrisonerDied_Know_Horrible

GAGARIN: Succeded in LoadableXmlAsset: ExecutedPrisonerInnocent_Horrible

GAGARIN: Succeded in LoadableXmlAsset: ExecutedPrisonerInnocent_Know_Horrible

GAGARIN: Succeded in LoadableXmlAsset: ExecutedPrisonerGuilty_Respected

GAGARIN: Succeded in LoadableXmlAsset: GuiltyPrisonerDied_Respected

GAGARIN: Succeded in LoadableXmlAsset: ExecutedPrisonerGuilty_Know_Respected

GAGARIN: Succeded in LoadableXmlAsset: ExecutedPrisonerGuilty_Know_Respected_Mood

GAGARIN: Succeded in LoadableXmlAsset: GuiltyPrisonerDied_Know_Respected

GAGARIN: Succeded in LoadableXmlAsset: ExecutedPrisoner_Respected

GAGARIN: Succeded in LoadableXmlAsset: PrisonerDied_Respected

GAGARIN: Succeded in LoadableXmlAsset: ExecutedPrisoner_Know_Respected

GAGARIN: Succeded in LoadableXmlAsset: PrisonerDied_Know_Respected

GAGARIN: Succeded in LoadableXmlAsset: Execution_Know_Respected_Mood

GAGARIN: Succeded in LoadableXmlAsset: NoRecentExecution

GAGARIN: Succeded in LoadableXmlAsset: Proselytizing

GAGARIN: Succeded in LoadableXmlAsset: ConvertedNewMember

GAGARIN: Succeded in LoadableXmlAsset: ReliquaryPilgrimsSuccess

GAGARIN: Succeded in LoadableXmlAsset: RelicHuntSuccess

GAGARIN: Succeded in LoadableXmlAsset: Proselytizing_Occasionally

GAGARIN: Succeded in LoadableXmlAsset: Proselytizing_Sometimes

GAGARIN: Succeded in LoadableXmlAsset: Proselytizing_Frequently

GAGARIN: Succeded in LoadableXmlAsset: Raiding

GAGARIN: Succeded in LoadableXmlAsset: Raided

GAGARIN: Succeded in LoadableXmlAsset: PlayerRaidedSomeone

GAGARIN: Succeded in LoadableXmlAsset: Raided_BanditCamp

GAGARIN: Succeded in LoadableXmlAsset: Raided_WorkSite

GAGARIN: Succeded in LoadableXmlAsset: Raiding_Respected

GAGARIN: Succeded in LoadableXmlAsset: Raiding_Required

GAGARIN: Succeded in LoadableXmlAsset: Ranching

GAGARIN: Succeded in LoadableXmlAsset: HospitalitySuccess_Animals

GAGARIN: Succeded in LoadableXmlAsset: Ranching_Central

GAGARIN: Succeded in LoadableXmlAsset: Ranching_Central_AnimalMassPerCapita

GAGARIN: Succeded in LoadableXmlAsset: Ranching_SowedPlant

GAGARIN: Succeded in LoadableXmlAsset: IdeoRelic

GAGARIN: Succeded in LoadableXmlAsset: RelicDestroyed

GAGARIN: Succeded in LoadableXmlAsset: RelicLost

GAGARIN: Succeded in LoadableXmlAsset: RelicDestroyed

GAGARIN: Succeded in LoadableXmlAsset: RelicLost

GAGARIN: Succeded in LoadableXmlAsset: IdeoRelic

GAGARIN: Succeded in LoadableXmlAsset: Research

GAGARIN: Succeded in LoadableXmlAsset: Research_None

GAGARIN: Succeded in LoadableXmlAsset: Research_ExtremelySlow

GAGARIN: Succeded in LoadableXmlAsset: Research_VerySlow

GAGARIN: Succeded in LoadableXmlAsset: Research_Slow

GAGARIN: Succeded in LoadableXmlAsset: Research_Normal

GAGARIN: Succeded in LoadableXmlAsset: Research_Fast

GAGARIN: Succeded in LoadableXmlAsset: Research_VeryFast

GAGARIN: Succeded in LoadableXmlAsset: Funeral

GAGARIN: Succeded in LoadableXmlAsset: FuneralNoCorpse

GAGARIN: Succeded in LoadableXmlAsset: Festival

GAGARIN: Succeded in LoadableXmlAsset: Classic_DrumParty

GAGARIN: Succeded in LoadableXmlAsset: Classic_DanceParty

GAGARIN: Succeded in LoadableXmlAsset: DateRitualConsumable

GAGARIN: Succeded in LoadableXmlAsset: LeaderSpeech

GAGARIN: Succeded in LoadableXmlAsset: Trial

GAGARIN: Succeded in LoadableXmlAsset: TrialPrisoner

GAGARIN: Succeded in LoadableXmlAsset: Conversion

GAGARIN: Succeded in LoadableXmlAsset: ScarificationCeremony

GAGARIN: Succeded in LoadableXmlAsset: BlindingCeremony

GAGARIN: Succeded in LoadableXmlAsset: TrialMentalState

GAGARIN: Succeded in LoadableXmlAsset: TreeConnection

GAGARIN: Succeded in LoadableXmlAsset: Execution

GAGARIN: Succeded in LoadableXmlAsset: GladiatorDuel

GAGARIN: Succeded in LoadableXmlAsset: RoleChange

GAGARIN: Succeded in LoadableXmlAsset: IdeoRitualSeat

GAGARIN: Succeded in LoadableXmlAsset: IdeoRitualSeat

GAGARIN: Succeded in LoadableXmlAsset: IdeoRole

GAGARIN: Succeded in LoadableXmlAsset: IdeoRole_Moralist

GAGARIN: Succeded in LoadableXmlAsset: IdeoRole_Leader

GAGARIN: Succeded in LoadableXmlAsset: IdeoRole_ShootingSpecialist

GAGARIN: Succeded in LoadableXmlAsset: IdeoRole_MeleeSpecialist

GAGARIN: Succeded in LoadableXmlAsset: IdeoRole_ResearchSpecialist

GAGARIN: Succeded in LoadableXmlAsset: IdeoRole_PlantSpecialist

GAGARIN: Succeded in LoadableXmlAsset: IdeoRole_ProductionSpecialist

GAGARIN: Succeded in LoadableXmlAsset: IdeoRole_MiningSpecialist

GAGARIN: Succeded in LoadableXmlAsset: IdeoRole_AnimalsSpecialist

GAGARIN: Succeded in LoadableXmlAsset: IdeoRole_MedicalSpecialist

GAGARIN: Succeded in LoadableXmlAsset: RoughLiving

GAGARIN: Succeded in LoadableXmlAsset: RoughLiving_Welcomed

GAGARIN: Succeded in LoadableXmlAsset: Scarification

GAGARIN: Succeded in LoadableXmlAsset: GotScarified

GAGARIN: Succeded in LoadableXmlAsset: Scarification

GAGARIN: Succeded in LoadableXmlAsset: Scarification_Extreme

GAGARIN: Succeded in LoadableXmlAsset: Scarification_Heavy

GAGARIN: Succeded in LoadableXmlAsset: Scarification_Minor

GAGARIN: Succeded in LoadableXmlAsset: Scarification_Horrible

GAGARIN: Succeded in LoadableXmlAsset: ScarificationCeremony_Know_Horrible

GAGARIN: Succeded in LoadableXmlAsset: ScarificationCeremony_Self_Minor

GAGARIN: Succeded in LoadableXmlAsset: ScarificationCeremony_Self_Heavy

GAGARIN: Succeded in LoadableXmlAsset: ScarificationCeremony_Self_Extreme

GAGARIN: Succeded in LoadableXmlAsset: Scarification_Extreme_Opinion

GAGARIN: Succeded in LoadableXmlAsset: Scarification_Extreme

GAGARIN: Succeded in LoadableXmlAsset: Scarification_Heavy_Opinion

GAGARIN: Succeded in LoadableXmlAsset: Scarification_Heavy

GAGARIN: Succeded in LoadableXmlAsset: Scarification_Minor_Opinion

GAGARIN: Succeded in LoadableXmlAsset: Scarification_Minor

GAGARIN: Succeded in LoadableXmlAsset: Skullspike

GAGARIN: Succeded in LoadableXmlAsset: Skullspike_Desired

GAGARIN: Succeded in LoadableXmlAsset: Skullspike_Disapproved

GAGARIN: Succeded in LoadableXmlAsset: Skullspike_Desired

GAGARIN: Succeded in LoadableXmlAsset: Skullspike_Disapproved

GAGARIN: Succeded in LoadableXmlAsset: Slavery

GAGARIN: Succeded in LoadableXmlAsset: EnslavedPrisoner

GAGARIN: Succeded in LoadableXmlAsset: EnslavedPrisonerNotPreviouslyEnslaved

GAGARIN: Succeded in LoadableXmlAsset: Slavery_Abhorrent

GAGARIN: Succeded in LoadableXmlAsset: Slavery_Horrible

GAGARIN: Succeded in LoadableXmlAsset: Slavery_Disapproved

GAGARIN: Succeded in LoadableXmlAsset: Slavery_Acceptable

GAGARIN: Succeded in LoadableXmlAsset: Slavery_Honorable

GAGARIN: Succeded in LoadableXmlAsset: Slavery_Abhorrent_SlavesInColony

GAGARIN: Succeded in LoadableXmlAsset: SoldSlave_Know_Abhorrent

GAGARIN: Succeded in LoadableXmlAsset: SoldSlave_Know_Abhorrent_Mood

GAGARIN: Succeded in LoadableXmlAsset: EnslavedPrisoner_Know_Abhorrent

GAGARIN: Succeded in LoadableXmlAsset: Slavery_Horrible_SlavesInColony

GAGARIN: Succeded in LoadableXmlAsset: SoldSlave_Horrible

GAGARIN: Succeded in LoadableXmlAsset: EnslavedPrisoner_Horrible

GAGARIN: Succeded in LoadableXmlAsset: SoldSlave_Know_Horrible

GAGARIN: Succeded in LoadableXmlAsset: SoldSlave_Know_Horrible_Mood

GAGARIN: Succeded in LoadableXmlAsset: EnslavedPrisoner_Know_Horrible

GAGARIN: Succeded in LoadableXmlAsset: EnslavedPrisoner_Know_Horrible_Mood

GAGARIN: Succeded in LoadableXmlAsset: Slavery_Disapproved_SlavesInColony

GAGARIN: Succeded in LoadableXmlAsset: SoldSlave_Disapproved

GAGARIN: Succeded in LoadableXmlAsset: EnslavedPrisoner_Disapproved

GAGARIN: Succeded in LoadableXmlAsset: SoldSlave_Know_Disapproved

GAGARIN: Succeded in LoadableXmlAsset: SoldSlave_Know_Disapproved_Mood

GAGARIN: Succeded in LoadableXmlAsset: EnslavedPrisoner_Know_Disapproved

GAGARIN: Succeded in LoadableXmlAsset: EnslavedPrisoner_Know_Disapproved_Mood

GAGARIN: Succeded in LoadableXmlAsset: Slavery_Honorable_SlavesInColony

GAGARIN: Succeded in LoadableXmlAsset: Slavery_Honorable_NoSlavesInColony

GAGARIN: Succeded in LoadableXmlAsset: SoldSlave_Honorable

GAGARIN: Succeded in LoadableXmlAsset: EnslavedPrisoner_Honorable

GAGARIN: Succeded in LoadableXmlAsset: SoldSlave_Know_Honorable

GAGARIN: Succeded in LoadableXmlAsset: SoldSlave_Know_Honorable_Mood

GAGARIN: Succeded in LoadableXmlAsset: EnslavedPrisoner_Know_Honorable

GAGARIN: Succeded in LoadableXmlAsset: EnslavedPrisoner_Know_Honorable_Mood

GAGARIN: Succeded in LoadableXmlAsset: Indoors

GAGARIN: Succeded in LoadableXmlAsset: Indoors_Acceptable

GAGARIN: Succeded in LoadableXmlAsset: GotMarried_SpouseCount_Three

GAGARIN: Succeded in LoadableXmlAsset: GotMarried_SpouseCount_Four

GAGARIN: Succeded in LoadableXmlAsset: GotMarried_SpouseCount_FiveOrMore

GAGARIN: Succeded in LoadableXmlAsset: SpouseCount_Male_MaxTwo

GAGARIN: Succeded in LoadableXmlAsset: SpouseCount_Female_MaxTwo

GAGARIN: Succeded in LoadableXmlAsset: SpouseCount_Male_MaxThree

GAGARIN: Succeded in LoadableXmlAsset: SpouseCount_Female_MaxThree

GAGARIN: Succeded in LoadableXmlAsset: SpouseCount_Male_MaxFour

GAGARIN: Succeded in LoadableXmlAsset: SpouseCount_Female_MaxFour

GAGARIN: Succeded in LoadableXmlAsset: SpouseCount_Male_Unlimited

GAGARIN: Succeded in LoadableXmlAsset: SpouseCount_Female_Unlimited

GAGARIN: Succeded in LoadableXmlAsset: Temperature

GAGARIN: Succeded in LoadableXmlAsset: Temperature_Tough

GAGARIN: Succeded in LoadableXmlAsset: SleepAccelerator

GAGARIN: Succeded in LoadableXmlAsset: Biosculpting

GAGARIN: Succeded in LoadableXmlAsset: AgeReversal

GAGARIN: Succeded in LoadableXmlAsset: SleepAccelerator_Preferred

GAGARIN: Succeded in LoadableXmlAsset: SleptUsingSleepAccelerator

GAGARIN: Succeded in LoadableXmlAsset: NeuralSupercharge

GAGARIN: Succeded in LoadableXmlAsset: NeuralSupercharge_Preferred

GAGARIN: Succeded in LoadableXmlAsset: NeedNeuralSupercharge

GAGARIN: Succeded in LoadableXmlAsset: Biosculpting_Accelerated

GAGARIN: Succeded in LoadableXmlAsset: AgeReversal_Demanded

GAGARIN: Succeded in LoadableXmlAsset: AgeReversalDemanded

GAGARIN: Succeded in LoadableXmlAsset: AgeReversalReceived

GAGARIN: Succeded in LoadableXmlAsset: BioSculpter_Despised

GAGARIN: Succeded in LoadableXmlAsset: UsedBiosculpterPod

GAGARIN: Succeded in LoadableXmlAsset: BioSculpterDespised

GAGARIN: Succeded in LoadableXmlAsset: TreeCutting

GAGARIN: Succeded in LoadableXmlAsset: TreeCutting_Prohibited

GAGARIN: Succeded in LoadableXmlAsset: TreeCutting_Horrible

GAGARIN: Succeded in LoadableXmlAsset: TreeCutting_Disapproved

GAGARIN: Succeded in LoadableXmlAsset: MinifiedTreeDied_Know_Prohibited_Mood

GAGARIN: Succeded in LoadableXmlAsset: MinifiedTreeDied_Know_Horrible_Mood

GAGARIN: Succeded in LoadableXmlAsset: MinifiedTreeDied_Know_Disapproved_Mood

GAGARIN: Succeded in LoadableXmlAsset: CutTree_Know_Prohibited

GAGARIN: Succeded in LoadableXmlAsset: CutTree_Horrible

GAGARIN: Succeded in LoadableXmlAsset: CutTree_Know_Prohibited_Mood

GAGARIN: Succeded in LoadableXmlAsset: CutTree_Know_Horrible

GAGARIN: Succeded in LoadableXmlAsset: CutTree_Know_Horrible_Mood

GAGARIN: Succeded in LoadableXmlAsset: CutTree_Disapproved

GAGARIN: Succeded in LoadableXmlAsset: CutTree_Know_Disapproved

GAGARIN: Succeded in LoadableXmlAsset: CutTree_Know_Disapproved_Mood

GAGARIN: Succeded in LoadableXmlAsset: Trees

GAGARIN: Succeded in LoadableXmlAsset: GauranlenConnection

GAGARIN: Succeded in LoadableXmlAsset: PlantedGauranlenTree

GAGARIN: Succeded in LoadableXmlAsset: Trees_Desired

GAGARIN: Succeded in LoadableXmlAsset: GauranlenConnection_Strong

GAGARIN: Succeded in LoadableXmlAsset: GauranlenConnectionDesired

GAGARIN: Succeded in LoadableXmlAsset: TreesDesired

GAGARIN: Succeded in LoadableXmlAsset: TreeDensityReduced

GAGARIN: Succeded in LoadableXmlAsset: KillWithNobleWeapon

GAGARIN: Succeded in LoadableXmlAsset: UsedNobleWeapon

GAGARIN: Succeded in LoadableXmlAsset: KillWithDespisedWeapon

GAGARIN: Succeded in LoadableXmlAsset: UsedDespisedWeapon

GAGARIN: Succeded in LoadableXmlAsset: Weapons

GAGARIN: Succeded in LoadableXmlAsset: NobleDespisedWeapons

GAGARIN: Succeded in LoadableXmlAsset: KillWithNobleWeapon

GAGARIN: Succeded in LoadableXmlAsset: UsedDespisedWeapon

GAGARIN: Succeded in LoadableXmlAsset: WieldingNobleOrDespisedWeapon

GAGARIN: Succeded in LoadableXmlAsset: WorkDrive

GAGARIN: Succeded in LoadableXmlAsset: WorkDrive_Tripled

GAGARIN: Succeded in LoadableXmlAsset: FarmAnimalsWanderIn

GAGARIN: Succeded in LoadableXmlAsset: GauranlenTreePod

GAGARIN: Succeded in LoadableXmlAsset: InsectJellyTunnels

GAGARIN: Succeded in LoadableXmlAsset: NearbyFactionGoodwill

GAGARIN: Succeded in LoadableXmlAsset: RandomRecruit

GAGARIN: Succeded in LoadableXmlAsset: DiscoverAncientComplex

GAGARIN: Succeded in LoadableXmlAsset: Classic

GAGARIN: Succeded in LoadableXmlAsset: Fluid

GAGARIN: Succeded in LoadableXmlAsset: Mild

GAGARIN: Succeded in LoadableXmlAsset: Strong

GAGARIN: Succeded in LoadableXmlAsset: Intense

GAGARIN: Succeded in LoadableXmlAsset: Custom

GAGARIN: Succeded in LoadableXmlAsset: ClassicLike

GAGARIN: Succeded in LoadableXmlAsset: Unity_Family

GAGARIN: Succeded in LoadableXmlAsset: Human_Purists

GAGARIN: Succeded in LoadableXmlAsset: High_Collectivists

GAGARIN: Succeded in LoadableXmlAsset: Free_Ranchers

GAGARIN: Succeded in LoadableXmlAsset: Violent_Dominators

GAGARIN: Succeded in LoadableXmlAsset: Techno_Utopians

GAGARIN: Succeded in LoadableXmlAsset: Painful_Purists

GAGARIN: Succeded in LoadableXmlAsset: ProHuman_Darklovers

GAGARIN: Succeded in LoadableXmlAsset: NatureOverMan

GAGARIN: Succeded in LoadableXmlAsset: Domination_Gang

GAGARIN: Succeded in LoadableXmlAsset: Cannibals

GAGARIN: Succeded in LoadableXmlAsset: Nudist_Recruiters

GAGARIN: Succeded in LoadableXmlAsset: Criminal_Gang

GAGARIN: Succeded in LoadableXmlAsset: Feminine_Ravagers

GAGARIN: Succeded in LoadableXmlAsset: Martyrs

GAGARIN: Succeded in LoadableXmlAsset: Cowboys

GAGARIN: Succeded in LoadableXmlAsset: Mole_People

GAGARIN: Succeded in LoadableXmlAsset: Tree_Worshippers

GAGARIN: Succeded in LoadableXmlAsset: Blindness_Cult

GAGARIN: Succeded in LoadableXmlAsset: Feral_People

GAGARIN: Succeded in LoadableXmlAsset: Naked_Maneaters

GAGARIN: Succeded in LoadableXmlAsset: Progressive_Humanism

GAGARIN: Succeded in LoadableXmlAsset: Enslave

GAGARIN: Succeded in LoadableXmlAsset: ReduceWill

GAGARIN: Succeded in LoadableXmlAsset: Convert

GAGARIN: Succeded in LoadableXmlAsset: AncientSignalActivation

GAGARIN: Succeded in LoadableXmlAsset: Beggars

GAGARIN: Succeded in LoadableXmlAsset: EndGame_ArchonexusVictory

GAGARIN: Succeded in LoadableXmlAsset: EndGame_ArchonexusVictory_FirstCycle

GAGARIN: Succeded in LoadableXmlAsset: EndGame_ArchonexusVictory_SecondCycle

GAGARIN: Succeded in LoadableXmlAsset: EndGame_ArchonexusVictory_ThirdCycle

GAGARIN: Succeded in LoadableXmlAsset: AncientComplex_Standard

GAGARIN: Succeded in LoadableXmlAsset: Hack_Spacedrone

GAGARIN: Succeded in LoadableXmlAsset: OpportunitySite_AncientComplex

GAGARIN: Succeded in LoadableXmlAsset: AncientComplex_Mission

GAGARIN: Succeded in LoadableXmlAsset: RelicHunt

GAGARIN: Succeded in LoadableXmlAsset: ReliquaryPilgrims

GAGARIN: Succeded in LoadableXmlAsset: OpportunitySite_WorkSite

GAGARIN: Succeded in LoadableXmlAsset: Hack_WorshippedTerminal

GAGARIN: Succeded in LoadableXmlAsset: Tattoos

GAGARIN: Succeded in LoadableXmlAsset: Biosculpting

GAGARIN: Succeded in LoadableXmlAsset: Bioregeneration

GAGARIN: Succeded in LoadableXmlAsset: NeuralSupercharger

GAGARIN: Succeded in LoadableXmlAsset: Funeral

GAGARIN: Succeded in LoadableXmlAsset: DateRitual

GAGARIN: Succeded in LoadableXmlAsset: LeaderSpeech

GAGARIN: Succeded in LoadableXmlAsset: Trial

GAGARIN: Succeded in LoadableXmlAsset: TrialPrisoner

GAGARIN: Succeded in LoadableXmlAsset: TrialMentalState

GAGARIN: Succeded in LoadableXmlAsset: SacrificePrisoner

GAGARIN: Succeded in LoadableXmlAsset: SacrificeAnimal

GAGARIN: Succeded in LoadableXmlAsset: DancePartyTech

GAGARIN: Succeded in LoadableXmlAsset: CelebrationPartyDanceDrum

GAGARIN: Succeded in LoadableXmlAsset: CelebrationSkyLanterns

GAGARIN: Succeded in LoadableXmlAsset: CelebrationTree

GAGARIN: Succeded in LoadableXmlAsset: BurnCircle

GAGARIN: Succeded in LoadableXmlAsset: SmokeCircle

GAGARIN: Succeded in LoadableXmlAsset: GladiatorDuel

GAGARIN: Succeded in LoadableXmlAsset: FeastCannibal

GAGARIN: Succeded in LoadableXmlAsset: ScarificationCeremony

GAGARIN: Succeded in LoadableXmlAsset: BlindingCeremony

GAGARIN: Succeded in LoadableXmlAsset: Conversion

GAGARIN: Succeded in LoadableXmlAsset: TreeConnection

GAGARIN: Succeded in LoadableXmlAsset: Execution

GAGARIN: Succeded in LoadableXmlAsset: RoleChange

GAGARIN: Succeded in LoadableXmlAsset: AttendedFuneral

GAGARIN: Succeded in LoadableXmlAsset: AttendedFuneralNoCorpse

GAGARIN: Succeded in LoadableXmlAsset: CelebratedDate

GAGARIN: Succeded in LoadableXmlAsset: Execution

GAGARIN: Succeded in LoadableXmlAsset: Sacrifice

GAGARIN: Succeded in LoadableXmlAsset: CelebrationPartyDanceTech

GAGARIN: Succeded in LoadableXmlAsset: CelebrationPartyDanceDrum

GAGARIN: Succeded in LoadableXmlAsset: CelebrationSkyLanterns

GAGARIN: Succeded in LoadableXmlAsset: CelebratedDate_Consumable

GAGARIN: Succeded in LoadableXmlAsset: DestroyConsumableBuilding

GAGARIN: Succeded in LoadableXmlAsset: DestroyConsumableBuilding_ChristmasTree

GAGARIN: Succeded in LoadableXmlAsset: DestroyConsumableBuilding_Pyre

GAGARIN: Succeded in LoadableXmlAsset: DestroyConsumableBuilding_CannibalPlatter

GAGARIN: Succeded in LoadableXmlAsset: DestroyConsumableBuilding_Burnbong

GAGARIN: Succeded in LoadableXmlAsset: GladiatorDuel

GAGARIN: Succeded in LoadableXmlAsset: Trial

GAGARIN: Succeded in LoadableXmlAsset: TrialMentalState

GAGARIN: Succeded in LoadableXmlAsset: ScarificationCeremony

GAGARIN: Succeded in LoadableXmlAsset: BlindingCeremony

GAGARIN: Succeded in LoadableXmlAsset: Conversion

GAGARIN: Succeded in LoadableXmlAsset: ConnectToTree

GAGARIN: Succeded in LoadableXmlAsset: RoleChange

GAGARIN: Succeded in LoadableXmlAsset: GraveWithTargetsCorpse

GAGARIN: Succeded in LoadableXmlAsset: AnyEmptyGrave

GAGARIN: Succeded in LoadableXmlAsset: GatheringSpot

GAGARIN: Succeded in LoadableXmlAsset: GatheringSpotOrAltar

GAGARIN: Succeded in LoadableXmlAsset: IdeoBuilding

GAGARIN: Succeded in LoadableXmlAsset: Altar

GAGARIN: Succeded in LoadableXmlAsset: IdeoBuildingOrRitualSpot

GAGARIN: Succeded in LoadableXmlAsset: AltarOrRitualSpot

GAGARIN: Succeded in LoadableXmlAsset: AltarIdeogramOrRitualSpot

GAGARIN: Succeded in LoadableXmlAsset: RitualSpotOrAltar

GAGARIN: Succeded in LoadableXmlAsset: AnyRitualSpot

GAGARIN: Succeded in LoadableXmlAsset: AnyIdeoBuildingOrRitualSpot

GAGARIN: Succeded in LoadableXmlAsset: RitualSpotIdeogramOrAltar

GAGARIN: Succeded in LoadableXmlAsset: LightBall

GAGARIN: Succeded in LoadableXmlAsset: RitualSpotOrCampfireParty

GAGARIN: Succeded in LoadableXmlAsset: CampfireSkylanterns

GAGARIN: Succeded in LoadableXmlAsset: ChristmasTree

GAGARIN: Succeded in LoadableXmlAsset: BurnTargets

GAGARIN: Succeded in LoadableXmlAsset: SmokeCircle

GAGARIN: Succeded in LoadableXmlAsset: FeastCannibal

GAGARIN: Succeded in LoadableXmlAsset: RitualSpotOrAltar_Scarification

GAGARIN: Succeded in LoadableXmlAsset: RitualSpotOrAltar_Blinding

GAGARIN: Succeded in LoadableXmlAsset: GauranlenTree

GAGARIN: Succeded in LoadableXmlAsset: Basic

GAGARIN: Succeded in LoadableXmlAsset: Hindu

GAGARIN: Succeded in LoadableXmlAsset: Islamic

GAGARIN: Succeded in LoadableXmlAsset: Christian

GAGARIN: Succeded in LoadableXmlAsset: Buddhist

GAGARIN: Succeded in LoadableXmlAsset: Totemic

GAGARIN: Succeded in LoadableXmlAsset: Morbid

GAGARIN: Succeded in LoadableXmlAsset: Rustic

GAGARIN: Succeded in LoadableXmlAsset: Animalist

GAGARIN: Succeded in LoadableXmlAsset: Spikecore

GAGARIN: Succeded in LoadableXmlAsset: Techist

GAGARIN: Succeded in LoadableXmlAsset: DanceParty

GAGARIN: Succeded in LoadableXmlAsset: DrumParty

GAGARIN: Succeded in LoadableXmlAsset: Funeral

GAGARIN: Succeded in LoadableXmlAsset: SacrificePrisoner

GAGARIN: Succeded in LoadableXmlAsset: SacrificeAnimal

GAGARIN: Succeded in LoadableXmlAsset: Duel

GAGARIN: Succeded in LoadableXmlAsset: WorshipRoom

GAGARIN: Succeded in LoadableXmlAsset: BiosculpterPodSpeedFactor

GAGARIN: Succeded in LoadableXmlAsset: AncientComplex

GAGARIN: Succeded in LoadableXmlAsset: AncientComplexDefences

GAGARIN: Succeded in LoadableXmlAsset: AncientComplex_Interior_SleepingInsects

GAGARIN: Succeded in LoadableXmlAsset: AncientComplex_Interior_SleepingMechanoids

GAGARIN: Succeded in LoadableXmlAsset: AncientComplex_Interior_SleepingAncientSoldiers

GAGARIN: Succeded in LoadableXmlAsset: Infestation

GAGARIN: Succeded in LoadableXmlAsset: Ambush

GAGARIN: Succeded in LoadableXmlAsset: AncientAltar

GAGARIN: Succeded in LoadableXmlAsset: DesiccatedCorpses

GAGARIN: Succeded in LoadableXmlAsset: Archonexus

GAGARIN: Succeded in LoadableXmlAsset: ArchonexusResearchBuildings

GAGARIN: Succeded in LoadableXmlAsset: NamerDeityGlobal

GAGARIN: Succeded in LoadableXmlAsset: GodContent_English

GAGARIN: Succeded in LoadableXmlAsset: GodContent_Byzantine

GAGARIN: Succeded in LoadableXmlAsset: NamerDeityCorunan

GAGARIN: Succeded in LoadableXmlAsset: NamerDeityAstropolitan

GAGARIN: Succeded in LoadableXmlAsset: NamerDeityRustican

GAGARIN: Succeded in LoadableXmlAsset: NamerDeityKriminul

GAGARIN: Succeded in LoadableXmlAsset: NamerDeitySophian

GAGARIN: Succeded in LoadableXmlAsset: DeityTypeMakerGlobal

GAGARIN: Succeded in LoadableXmlAsset: DeityTypeMakerCorunan

GAGARIN: Succeded in LoadableXmlAsset: DeityTypeMakerRustican

GAGARIN: Succeded in LoadableXmlAsset: DeityTypeMakerKriminul

GAGARIN: Succeded in LoadableXmlAsset: DeityTypeMakerSophian

GAGARIN: Succeded in LoadableXmlAsset: DeityTypeMakerAstropolitan

GAGARIN: Succeded in LoadableXmlAsset: NamerIdeoBuilding

GAGARIN: Succeded in LoadableXmlAsset: NamerAltar

GAGARIN: Succeded in LoadableXmlAsset: NamerIdeoSculpture

GAGARIN: Succeded in LoadableXmlAsset: NamerIdeogram

GAGARIN: Succeded in LoadableXmlAsset: NamerChristmasTree

GAGARIN: Succeded in LoadableXmlAsset: NamerBurnTarget

GAGARIN: Succeded in LoadableXmlAsset: NamerSmoker

GAGARIN: Succeded in LoadableXmlAsset: NamerCannibalPlatter

GAGARIN: Succeded in LoadableXmlAsset: IdeoDescriptionGlobal

GAGARIN: Succeded in LoadableXmlAsset: TheistMyth

GAGARIN: Succeded in LoadableXmlAsset: TheistFounder

GAGARIN: Succeded in LoadableXmlAsset: IdeologicalFounder

GAGARIN: Succeded in LoadableXmlAsset: IdeologicalLesson

GAGARIN: Succeded in LoadableXmlAsset: ArchistDescription

GAGARIN: Succeded in LoadableXmlAsset: AnimistDescription

GAGARIN: Succeded in LoadableXmlAsset: NamerIdeoGlobal

GAGARIN: Succeded in LoadableXmlAsset: CultureSpacer

GAGARIN: Succeded in LoadableXmlAsset: NamerIdeoCorunan

GAGARIN: Succeded in LoadableXmlAsset: NamerIdeoRustican

GAGARIN: Succeded in LoadableXmlAsset: NamerIdeoKriminul

GAGARIN: Succeded in LoadableXmlAsset: NamerIdeoSophian

GAGARIN: Succeded in LoadableXmlAsset: NamerIdeoAstropolitan

GAGARIN: Succeded in LoadableXmlAsset: NamerIdeoRelic

GAGARIN: Succeded in LoadableXmlAsset: NamerRoleMoralist

GAGARIN: Succeded in LoadableXmlAsset: NamerRoleSpecialistUtility

GAGARIN: Succeded in LoadableXmlAsset: NamerRoleShooter

GAGARIN: Succeded in LoadableXmlAsset: NamerRoleBrawler

GAGARIN: Succeded in LoadableXmlAsset: NamerRoleResearcher

GAGARIN: Succeded in LoadableXmlAsset: NamerRoleSower

GAGARIN: Succeded in LoadableXmlAsset: NamerRoleProductionSpecialist

GAGARIN: Succeded in LoadableXmlAsset: NamerRoleMiner

GAGARIN: Succeded in LoadableXmlAsset: NamerRoleAnimalsSpecialist

GAGARIN: Succeded in LoadableXmlAsset: NamerRoleMedicalSpecialist

GAGARIN: Succeded in LoadableXmlAsset: LeaderTitleMaker_GlobalStructure

GAGARIN: Succeded in LoadableXmlAsset: LeaderTitleMaker_GenericContent

GAGARIN: Succeded in LoadableXmlAsset: LeaderTitleMaker_Astropolitan

GAGARIN: Succeded in LoadableXmlAsset: LeaderTitleMaker_Rustican

GAGARIN: Succeded in LoadableXmlAsset: LeaderTitleMaker_Corunan

GAGARIN: Succeded in LoadableXmlAsset: LeaderTitleMaker_Kriminul

GAGARIN: Succeded in LoadableXmlAsset: LeaderTitleMaker_Sophian

GAGARIN: Succeded in LoadableXmlAsset: NamerRitualGladiatorDuel

GAGARIN: Succeded in LoadableXmlAsset: NamerRitualFestival

GAGARIN: Succeded in LoadableXmlAsset: NamerFestivalGlobal

GAGARIN: Succeded in LoadableXmlAsset: NamerFestivalAstropolitan

GAGARIN: Succeded in LoadableXmlAsset: NamerFestivalRustican

GAGARIN: Succeded in LoadableXmlAsset: NamerFestivalCorunan

GAGARIN: Succeded in LoadableXmlAsset: NamerFestivalKriminul

GAGARIN: Succeded in LoadableXmlAsset: NamerFestivalSophian

GAGARIN: Succeded in LoadableXmlAsset: NamerRitualFuneral

GAGARIN: Succeded in LoadableXmlAsset: NamerRitualMutilation

GAGARIN: Succeded in LoadableXmlAsset: NamerRitualSacrifice

GAGARIN: Succeded in LoadableXmlAsset: AncientAltar

GAGARIN: Succeded in LoadableXmlAsset: AncientAltar

GAGARIN: Succeded in LoadableXmlAsset: AncientComplex

GAGARIN: Succeded in LoadableXmlAsset: AncientComplex

GAGARIN: Succeded in LoadableXmlAsset: WorkSite_Logging

GAGARIN: Succeded in LoadableXmlAsset: WorkSite_Mining

GAGARIN: Succeded in LoadableXmlAsset: WorkSite_Hunting

GAGARIN: Succeded in LoadableXmlAsset: WorkSite_Farming

GAGARIN: Succeded in LoadableXmlAsset: WorkSite_Logging_Outpost

GAGARIN: Succeded in LoadableXmlAsset: WorkSite_Logging

GAGARIN: Succeded in LoadableXmlAsset: WorkSite_Logging_Pawns

GAGARIN: Succeded in LoadableXmlAsset: WorkSite_Logging_Power

GAGARIN: Succeded in LoadableXmlAsset: WorkSite_Logging_ChopTrees

GAGARIN: Succeded in LoadableXmlAsset: WorkSite_Logging

GAGARIN: Succeded in LoadableXmlAsset: WorkSite_Mining_Outpost

GAGARIN: Succeded in LoadableXmlAsset: WorkSite_Mining

GAGARIN: Succeded in LoadableXmlAsset: WorkSite_Mining_Pawns

GAGARIN: Succeded in LoadableXmlAsset: WorkSite_Mining_Power

GAGARIN: Succeded in LoadableXmlAsset: WorkSite_Mining

GAGARIN: Succeded in LoadableXmlAsset: WorkSite_Farming_Outpost

GAGARIN: Succeded in LoadableXmlAsset: WorkSite_Farming

GAGARIN: Succeded in LoadableXmlAsset: WorkSite_Farming_Pawns

GAGARIN: Succeded in LoadableXmlAsset: WorkSite_Farming_Power

GAGARIN: Succeded in LoadableXmlAsset: WorkSite_Farming

GAGARIN: Succeded in LoadableXmlAsset: WorkSite_Hunting_Outpost

GAGARIN: Succeded in LoadableXmlAsset: WorkSite_Hunting

GAGARIN: Succeded in LoadableXmlAsset: WorkSite_Hunting_Pawns

GAGARIN: Succeded in LoadableXmlAsset: WorkSite_Hunting_Power

GAGARIN: Succeded in LoadableXmlAsset: WorkSite_Hunting

GAGARIN: Succeded in LoadableXmlAsset: GiveQuest_WorkSite

GAGARIN: Succeded in LoadableXmlAsset: WorshippedTerminal

GAGARIN: Succeded in LoadableXmlAsset: WorshippedTerminal

GAGARIN: Succeded in LoadableXmlAsset: WorshippedTerminalPower

GAGARIN: Succeded in LoadableXmlAsset: AncientBarracks

GAGARIN: Succeded in LoadableXmlAsset: AncientStorageRoom

GAGARIN: Succeded in LoadableXmlAsset: AncientEquipmentRoom

GAGARIN: Succeded in LoadableXmlAsset: AncientPowerRoom

GAGARIN: Succeded in LoadableXmlAsset: AncientLab

GAGARIN: Succeded in LoadableXmlAsset: AncientArmory

GAGARIN: Succeded in LoadableXmlAsset: AncientUtilityBuilding

GAGARIN: Succeded in LoadableXmlAsset: AncientLandingPad

GAGARIN: Succeded in LoadableXmlAsset: NoInteraction

GAGARIN: Succeded in LoadableXmlAsset: Suppress

GAGARIN: Succeded in LoadableXmlAsset: Imprison

GAGARIN: Succeded in LoadableXmlAsset: Emancipate

GAGARIN: Succeded in LoadableXmlAsset: Execute

GAGARIN: Succeded in LoadableXmlAsset: ArchonexusVictorySong

GAGARIN: Succeded in LoadableXmlAsset: PreachHealth_Warmup

GAGARIN: Succeded in LoadableXmlAsset: PreachHealth_Resolve

GAGARIN: Succeded in LoadableXmlAsset: WorkDrive_Warmup

GAGARIN: Succeded in LoadableXmlAsset: CombatCommand_Warmup

GAGARIN: Succeded in LoadableXmlAsset: MoralistAbility_Warmup

GAGARIN: Succeded in LoadableXmlAsset: MoralistAbility_Resolve

GAGARIN: Succeded in LoadableXmlAsset: BerserkTrance_Resolve_Male

GAGARIN: Succeded in LoadableXmlAsset: BerserkTrance_Resolve_Female

GAGARIN: Succeded in LoadableXmlAsset: ImmunityDrive_Resolve

GAGARIN: Succeded in LoadableXmlAsset: AnimalCalm_Resolve

GAGARIN: Succeded in LoadableXmlAsset: BiosculpterPod_Enter

GAGARIN: Succeded in LoadableXmlAsset: BiosculpterPod_Exit

GAGARIN: Succeded in LoadableXmlAsset: BiosculpterPod_Start

GAGARIN: Succeded in LoadableXmlAsset: BiosculpterPod_Operating

GAGARIN: Succeded in LoadableXmlAsset: SpacedroneIdle_Ambience

GAGARIN: Succeded in LoadableXmlAsset: AncientSecurityCrate_Opened

GAGARIN: Succeded in LoadableXmlAsset: AncientSecurityCrate_Alarm

GAGARIN: Succeded in LoadableXmlAsset: Archotech_Invoked

GAGARIN: Succeded in LoadableXmlAsset: Archonexus_Throb

GAGARIN: Succeded in LoadableXmlAsset: InsectsWakeUp

GAGARIN: Succeded in LoadableXmlAsset: NeuralSupercharger_Ready

GAGARIN: Succeded in LoadableXmlAsset: NeuralSupercharger_Injection

GAGARIN: Succeded in LoadableXmlAsset: Loudspeaker_Music_1

GAGARIN: Succeded in LoadableXmlAsset: Loudspeaker_Music_2

GAGARIN: Succeded in LoadableXmlAsset: Loudspeaker_Music_3

GAGARIN: Succeded in LoadableXmlAsset: Loudspeaker_Music_4

GAGARIN: Succeded in LoadableXmlAsset: Loudspeaker_Music_5

GAGARIN: Succeded in LoadableXmlAsset: Loudspeaker_Music_6

GAGARIN: Succeded in LoadableXmlAsset: Drum_Music_1

GAGARIN: Succeded in LoadableXmlAsset: Drum_Music_2

GAGARIN: Succeded in LoadableXmlAsset: Drum_Music_3

GAGARIN: Succeded in LoadableXmlAsset: Drum_Music_4

GAGARIN: Succeded in LoadableXmlAsset: Drum_Music_5

GAGARIN: Succeded in LoadableXmlAsset: Drum_Music_6

GAGARIN: Succeded in LoadableXmlAsset: DanceParty_NoMusic

GAGARIN: Succeded in LoadableXmlAsset: ArchonexusCore_Ambience

GAGARIN: Succeded in LoadableXmlAsset: ArchonexusThreatsAwakened_Alarm

GAGARIN: Succeded in LoadableXmlAsset: Interact_ReleaseSkylantern

GAGARIN: Succeded in LoadableXmlAsset: Relic_Installed

GAGARIN: Succeded in LoadableXmlAsset: AncientRelicRoomReveal

GAGARIN: Succeded in LoadableXmlAsset: AncientRelicTakenAlarm

GAGARIN: Succeded in LoadableXmlAsset: GibbetCage_CorpsePlaced

GAGARIN: Succeded in LoadableXmlAsset: AncientCommsConsoleActivated

GAGARIN: Succeded in LoadableXmlAsset: DryadCasteSet

GAGARIN: Succeded in LoadableXmlAsset: Hacking_InProgress

GAGARIN: Succeded in LoadableXmlAsset: Speech_Leader_Male

GAGARIN: Succeded in LoadableXmlAsset: Speech_Leader_Female

GAGARIN: Succeded in LoadableXmlAsset: Speech_Ideoligious_Male

GAGARIN: Succeded in LoadableXmlAsset: Speech_Ideoligious_Female

GAGARIN: Succeded in LoadableXmlAsset: Interact_Prune

GAGARIN: Succeded in LoadableXmlAsset: HairCutting

GAGARIN: Succeded in LoadableXmlAsset: Interact_RecolorApparel

GAGARIN: Succeded in LoadableXmlAsset: Speech_Funeral_Female

GAGARIN: Succeded in LoadableXmlAsset: Speech_Funeral_Male

GAGARIN: Succeded in LoadableXmlAsset: LeavesRustle

GAGARIN: Succeded in LoadableXmlAsset: Pawn_Dryad_Call

GAGARIN: Succeded in LoadableXmlAsset: Pawn_Dryad_Wounded

GAGARIN: Succeded in LoadableXmlAsset: Pawn_Dryad_Spawn

GAGARIN: Succeded in LoadableXmlAsset: Pawn_Dryad_Barkskin_Call

GAGARIN: Succeded in LoadableXmlAsset: Pawn_Dryad_Barkskin_Wounded

GAGARIN: Succeded in LoadableXmlAsset: Pawn_Dryad_Berrymaker_Call

GAGARIN: Succeded in LoadableXmlAsset: Pawn_Dryad_Berrymaker_Wounded

GAGARIN: Succeded in LoadableXmlAsset: Pawn_Dryad_Carrier_Call

GAGARIN: Succeded in LoadableXmlAsset: Pawn_Dryad_Carrier_Wounded

GAGARIN: Succeded in LoadableXmlAsset: Pawn_Dryad_Clawer_Call

GAGARIN: Succeded in LoadableXmlAsset: Pawn_Dryad_Clawer_Wounded

GAGARIN: Succeded in LoadableXmlAsset: Pawn_Dryad_Gaumaker_Call

GAGARIN: Succeded in LoadableXmlAsset: Pawn_Dryad_Gaumaker_Wounded

GAGARIN: Succeded in LoadableXmlAsset: Pawn_Dryad_Medicinemaker_Call

GAGARIN: Succeded in LoadableXmlAsset: Pawn_Dryad_Medicinemaker_Wounded

GAGARIN: Succeded in LoadableXmlAsset: Pawn_Dryad_Woodmaker_Call

GAGARIN: Succeded in LoadableXmlAsset: Pawn_Dryad_Woodmaker_Wounded

GAGARIN: Succeded in LoadableXmlAsset: RitualSustainer_Theist

GAGARIN: Succeded in LoadableXmlAsset: RitualSustainer_Morbid

GAGARIN: Succeded in LoadableXmlAsset: RitualSustainer_Hindu

GAGARIN: Succeded in LoadableXmlAsset: RitualSustainer_Animalist

GAGARIN: Succeded in LoadableXmlAsset: RitualSustainer_Buddhist

GAGARIN: Succeded in LoadableXmlAsset: RitualSustainer_Christian

GAGARIN: Succeded in LoadableXmlAsset: RitualSustainer_Islamic

GAGARIN: Succeded in LoadableXmlAsset: RitualSustainer_Rustic

GAGARIN: Succeded in LoadableXmlAsset: RitualSustainer_Spikecore

GAGARIN: Succeded in LoadableXmlAsset: RitualSustainer_Totemic

GAGARIN: Succeded in LoadableXmlAsset: RitualSustainer_Techist

GAGARIN: Succeded in LoadableXmlAsset: Interact_MakeSkylantern

GAGARIN: Succeded in LoadableXmlAsset: SkylanternFloating

GAGARIN: Succeded in LoadableXmlAsset: DuelMusic

GAGARIN: Succeded in LoadableXmlAsset: SleepAcceleratorActive_Operating

GAGARIN: Succeded in LoadableXmlAsset: DislikedWorkTypeActivated

GAGARIN: Succeded in LoadableXmlAsset: GauranlenProductionModeSet

GAGARIN: Succeded in LoadableXmlAsset: RelicHuntInstallationFound

GAGARIN: Succeded in LoadableXmlAsset: GameStartSting_FirstArchonexusCycle

GAGARIN: Succeded in LoadableXmlAsset: GameStartSting_SecondArchonexusCycle

GAGARIN: Succeded in LoadableXmlAsset: ArchonexusNewColonyAccept

GAGARIN: Succeded in LoadableXmlAsset: Spacedrone_Landing

GAGARIN: Succeded in LoadableXmlAsset: GauranlenConnectionTorn

GAGARIN: Succeded in LoadableXmlAsset: Pawn_EnterDryadPod

GAGARIN: Succeded in LoadableXmlAsset: GladiatorDuel_Start

GAGARIN: Succeded in LoadableXmlAsset: Ambience_Autobong

GAGARIN: Succeded in LoadableXmlAsset: SlaveSuppressionOffset

GAGARIN: Succeded in LoadableXmlAsset: TerrorSource

GAGARIN: Succeded in LoadableXmlAsset: BiosculpterPodSpeedFactor

GAGARIN: Succeded in LoadableXmlAsset: StyleDominance

GAGARIN: Succeded in LoadableXmlAsset: Terror

GAGARIN: Succeded in LoadableXmlAsset: ConversionPower

GAGARIN: Succeded in LoadableXmlAsset: CertaintyLossFactor

GAGARIN: Succeded in LoadableXmlAsset: SocialIdeoSpreadFrequencyFactor

GAGARIN: Succeded in LoadableXmlAsset: ShootingAccuracyOutdoorsDarkOffset

GAGARIN: Succeded in LoadableXmlAsset: ShootingAccuracyOutdoorsLitOffset

GAGARIN: Succeded in LoadableXmlAsset: ShootingAccuracyIndoorsDarkOffset

GAGARIN: Succeded in LoadableXmlAsset: ShootingAccuracyIndoorsLitOffset

GAGARIN: Succeded in LoadableXmlAsset: MeleeHitChanceOutdoorsDarkOffset

GAGARIN: Succeded in LoadableXmlAsset: MeleeHitChanceOutdoorsLitOffset

GAGARIN: Succeded in LoadableXmlAsset: MeleeHitChanceIndoorsDarkOffset

GAGARIN: Succeded in LoadableXmlAsset: MeleeHitChanceIndoorsLitOffset

GAGARIN: Succeded in LoadableXmlAsset: MeleeDodgeChanceOutdoorsDarkOffset

GAGARIN: Succeded in LoadableXmlAsset: MeleeDodgeChanceOutdoorsLitOffset

GAGARIN: Succeded in LoadableXmlAsset: MeleeDodgeChanceIndoorsDarkOffset

GAGARIN: Succeded in LoadableXmlAsset: MeleeDodgeChanceIndoorsLitOffset

GAGARIN: Succeded in LoadableXmlAsset: BiosculpterOccupantSpeed

GAGARIN: Succeded in LoadableXmlAsset: SlaveSuppressionFallRate

GAGARIN: Succeded in LoadableXmlAsset: AnimalProductsSellImprovement

GAGARIN: Succeded in LoadableXmlAsset: SuppressionPower

GAGARIN: Succeded in LoadableXmlAsset: PruningSpeed

GAGARIN: Succeded in LoadableXmlAsset: GiveQuest_EndGame_ArchonexusVictory

GAGARIN: Succeded in LoadableXmlAsset: Hindu

GAGARIN: Succeded in LoadableXmlAsset: Christian

GAGARIN: Succeded in LoadableXmlAsset: Islamic

GAGARIN: Succeded in LoadableXmlAsset: Buddhist

GAGARIN: Succeded in LoadableXmlAsset: Morbid

GAGARIN: Succeded in LoadableXmlAsset: Totemic

GAGARIN: Succeded in LoadableXmlAsset: Spikecore

GAGARIN: Succeded in LoadableXmlAsset: Rustic

GAGARIN: Succeded in LoadableXmlAsset: Animalist

GAGARIN: Succeded in LoadableXmlAsset: Techist

GAGARIN: Succeded in LoadableXmlAsset: Face_Tiger

GAGARIN: Succeded in LoadableXmlAsset: Face_Cobweb

GAGARIN: Succeded in LoadableXmlAsset: Face_Eclipse

GAGARIN: Succeded in LoadableXmlAsset: Face_Line

GAGARIN: Succeded in LoadableXmlAsset: Face_Oracle

GAGARIN: Succeded in LoadableXmlAsset: Face_Pantheon

GAGARIN: Succeded in LoadableXmlAsset: Face_Warpaint

GAGARIN: Succeded in LoadableXmlAsset: Face_Worried

GAGARIN: Succeded in LoadableXmlAsset: Body_Tiger

GAGARIN: Succeded in LoadableXmlAsset: Body_Buttons

GAGARIN: Succeded in LoadableXmlAsset: Body_Rings

GAGARIN: Succeded in LoadableXmlAsset: Face_Tear

GAGARIN: Succeded in LoadableXmlAsset: Face_Headshot

GAGARIN: Succeded in LoadableXmlAsset: Face_Love

GAGARIN: Succeded in LoadableXmlAsset: Face_Stars

GAGARIN: Succeded in LoadableXmlAsset: Body_Heart

GAGARIN: Succeded in LoadableXmlAsset: Body_Cross

GAGARIN: Succeded in LoadableXmlAsset: Body_Jester

GAGARIN: Succeded in LoadableXmlAsset: Body_Moon

GAGARIN: Succeded in LoadableXmlAsset: Body_Power

GAGARIN: Succeded in LoadableXmlAsset: Body_Royal

GAGARIN: Succeded in LoadableXmlAsset: Body_Wings

GAGARIN: Succeded in LoadableXmlAsset: Body_Skull

GAGARIN: Succeded in LoadableXmlAsset: Face_Spider

GAGARIN: Succeded in LoadableXmlAsset: Body_Scar

GAGARIN: Succeded in LoadableXmlAsset: Body_Skeleton

GAGARIN: Succeded in LoadableXmlAsset: Body_Spike

GAGARIN: Succeded in LoadableXmlAsset: Body_Insect

GAGARIN: Succeded in LoadableXmlAsset: Body_Sun

GAGARIN: Succeded in LoadableXmlAsset: Floor_Morbid_Stone

GAGARIN: Succeded in LoadableXmlAsset: Floor_Morbid_Carpet

GAGARIN: Succeded in LoadableXmlAsset: Tile_MorbidSandstone

GAGARIN: Succeded in LoadableXmlAsset: Tile_MorbidGranite

GAGARIN: Succeded in LoadableXmlAsset: Tile_MorbidLimestone

GAGARIN: Succeded in LoadableXmlAsset: Tile_MorbidSlate

GAGARIN: Succeded in LoadableXmlAsset: Tile_MorbidMarble

GAGARIN: Succeded in LoadableXmlAsset: Tile_MorbidVacstone

GAGARIN: Succeded in LoadableXmlAsset: Carpet_Morbid

GAGARIN: Succeded in LoadableXmlAsset: Floor_Spikecore_Tile

GAGARIN: Succeded in LoadableXmlAsset: Tile_SpikecoreSandstone

GAGARIN: Succeded in LoadableXmlAsset: Tile_SpikecoreGranite

GAGARIN: Succeded in LoadableXmlAsset: Tile_SpikecoreLimestone

GAGARIN: Succeded in LoadableXmlAsset: Tile_SpikecoreSlate

GAGARIN: Succeded in LoadableXmlAsset: Tile_SpikecoreMarble

GAGARIN: Succeded in LoadableXmlAsset: Tile_SpikecoreVacstone

GAGARIN: Succeded in LoadableXmlAsset: Plates_Spikecore

GAGARIN: Succeded in LoadableXmlAsset: Floor_Totemic_Tile

GAGARIN: Succeded in LoadableXmlAsset: Boards_Totemic

GAGARIN: Succeded in LoadableXmlAsset: Tile_TotemicSandstone

GAGARIN: Succeded in LoadableXmlAsset: Tile_TotemicGranite

GAGARIN: Succeded in LoadableXmlAsset: Tile_TotemicLimestone

GAGARIN: Succeded in LoadableXmlAsset: Tile_TotemicSlate

GAGARIN: Succeded in LoadableXmlAsset: Tile_TotemicMarble

GAGARIN: Succeded in LoadableXmlAsset: Tile_TotemicVacstone

GAGARIN: Succeded in LoadableXmlAsset: Floor_MindbendCarpet

GAGARIN: Succeded in LoadableXmlAsset: Carpet_MindbendA

GAGARIN: Succeded in LoadableXmlAsset: Carpet_MindbendB

GAGARIN: Succeded in LoadableXmlAsset: Carpet_MindbendC

GAGARIN: Succeded in LoadableXmlAsset: Carpet_MindbendD

GAGARIN: Succeded in LoadableXmlAsset: Carpet_MindbendE

GAGARIN: Succeded in LoadableXmlAsset: Floor_Transhumanist_Carpet

GAGARIN: Succeded in LoadableXmlAsset: Carpet_Transhumanist

GAGARIN: Succeded in LoadableXmlAsset: Tile_Transhumanist

GAGARIN: Succeded in LoadableXmlAsset: FungalGravel

GAGARIN: Succeded in LoadableXmlAsset: AncientTerminal_Worshipful

GAGARIN: Succeded in LoadableXmlAsset: AncientTerminal

GAGARIN: Succeded in LoadableXmlAsset: AncientEnemyTerminal

GAGARIN: Succeded in LoadableXmlAsset: AncientSecurityCrate

GAGARIN: Succeded in LoadableXmlAsset: AncientCommsConsole

GAGARIN: Succeded in LoadableXmlAsset: SculptureTerror

GAGARIN: Succeded in LoadableXmlAsset: Spacedrone

GAGARIN: Succeded in LoadableXmlAsset: Altar_Small

GAGARIN: Succeded in LoadableXmlAsset: Altar_Medium

GAGARIN: Succeded in LoadableXmlAsset: Altar_Large

GAGARIN: Succeded in LoadableXmlAsset: Altar_Grand

GAGARIN: Succeded in LoadableXmlAsset: Ideogram

GAGARIN: Succeded in LoadableXmlAsset: Darktorch

GAGARIN: Succeded in LoadableXmlAsset: DarktorchFungus

GAGARIN: Succeded in LoadableXmlAsset: SleepAccelerator

GAGARIN: Succeded in LoadableXmlAsset: BiosculpterPod

GAGARIN: Succeded in LoadableXmlAsset: NeuralSupercharger

GAGARIN: Succeded in LoadableXmlAsset: ChristmasTree

GAGARIN: Succeded in LoadableXmlAsset: CannibalPlatter

GAGARIN: Succeded in LoadableXmlAsset: Effigy

GAGARIN: Succeded in LoadableXmlAsset: SacrificialFlag

GAGARIN: Succeded in LoadableXmlAsset: Pyre

GAGARIN: Succeded in LoadableXmlAsset: Burnbong

GAGARIN: Succeded in LoadableXmlAsset: IncenseShrine

GAGARIN: Succeded in LoadableXmlAsset: RitualSpot

GAGARIN: Succeded in LoadableXmlAsset: Lectern

GAGARIN: Succeded in LoadableXmlAsset: Reliquary

GAGARIN: Succeded in LoadableXmlAsset: StylingStation

GAGARIN: Succeded in LoadableXmlAsset: GibbetCage

GAGARIN: Succeded in LoadableXmlAsset: LightBall

GAGARIN: Succeded in LoadableXmlAsset: Loudspeaker

GAGARIN: Succeded in LoadableXmlAsset: Drum

GAGARIN: Succeded in LoadableXmlAsset: Pew

GAGARIN: Succeded in LoadableXmlAsset: KneelSheet

GAGARIN: Succeded in LoadableXmlAsset: KneelPillow

GAGARIN: Succeded in LoadableXmlAsset: PlantPot_Bonsai

GAGARIN: Succeded in LoadableXmlAsset: SlabBed

GAGARIN: Succeded in LoadableXmlAsset: SlabDoubleBed

GAGARIN: Succeded in LoadableXmlAsset: Skullspike

GAGARIN: Succeded in LoadableXmlAsset: DryadCocoon

GAGARIN: Succeded in LoadableXmlAsset: DryadHealingPod

GAGARIN: Succeded in LoadableXmlAsset: GaumakerCocoon

GAGARIN: Succeded in LoadableXmlAsset: Autobong

GAGARIN: Succeded in LoadableXmlAsset: ArchonexusCore

GAGARIN: Succeded in LoadableXmlAsset: GrandArchotechStructure

GAGARIN: Succeded in LoadableXmlAsset: MajorArchotechStructure

GAGARIN: Succeded in LoadableXmlAsset: MajorArchotechStructureStudiable

GAGARIN: Succeded in LoadableXmlAsset: ArchotechTower

GAGARIN: Succeded in LoadableXmlAsset: Apparel_Headwrap

GAGARIN: Succeded in LoadableXmlAsset: Apparel_Broadwrap

GAGARIN: Succeded in LoadableXmlAsset: Apparel_VisageMask

GAGARIN: Succeded in LoadableXmlAsset: Apparel_Slicecap

GAGARIN: Succeded in LoadableXmlAsset: Apparel_Collar

GAGARIN: Succeded in LoadableXmlAsset: Apparel_AuthorityCap

GAGARIN: Succeded in LoadableXmlAsset: Apparel_Tailcap

GAGARIN: Succeded in LoadableXmlAsset: Apparel_Shadecone

GAGARIN: Succeded in LoadableXmlAsset: Apparel_Flophat

GAGARIN: Succeded in LoadableXmlAsset: Apparel_BodyStrap

GAGARIN: Succeded in LoadableXmlAsset: Apparel_Burka

GAGARIN: Succeded in LoadableXmlAsset: Apparel_TortureCrown

GAGARIN: Succeded in LoadableXmlAsset: Apparel_Blindfold

GAGARIN: Succeded in LoadableXmlAsset: SpacedroneIncoming

GAGARIN: Succeded in LoadableXmlAsset: SkyLantern

GAGARIN: Succeded in LoadableXmlAsset: Filth_DriedBlood

GAGARIN: Succeded in LoadableXmlAsset: Filth_PodSlime

GAGARIN: Succeded in LoadableXmlAsset: MorbidSlab_Medium

GAGARIN: Succeded in LoadableXmlAsset: MorbidSlab_Broad

GAGARIN: Succeded in LoadableXmlAsset: TotemicSlab_Medium

GAGARIN: Succeded in LoadableXmlAsset: TotemicSlab_Broad

GAGARIN: Succeded in LoadableXmlAsset: SpikecoreFloorStar_Medium

GAGARIN: Succeded in LoadableXmlAsset: SpikecoreFloorStar_Broad

GAGARIN: Succeded in LoadableXmlAsset: RusticRug_Medium

GAGARIN: Succeded in LoadableXmlAsset: RusticRug_Broad

GAGARIN: Succeded in LoadableXmlAsset: AnimalistSlab_Medium

GAGARIN: Succeded in LoadableXmlAsset: AnimalistSlab_Broad

GAGARIN: Succeded in LoadableXmlAsset: RelicInertCup

GAGARIN: Succeded in LoadableXmlAsset: RelicInertPendant

GAGARIN: Succeded in LoadableXmlAsset: RelicInertBox

GAGARIN: Succeded in LoadableXmlAsset: RelicInertTablet

GAGARIN: Succeded in LoadableXmlAsset: RelicInertFragment

GAGARIN: Succeded in LoadableXmlAsset: RelicInertSwordHandle

GAGARIN: Succeded in LoadableXmlAsset: RelicInertArk

GAGARIN: Succeded in LoadableXmlAsset: RelicInertCube

GAGARIN: Succeded in LoadableXmlAsset: Plant_Nutrifungus

GAGARIN: Succeded in LoadableXmlAsset: Plant_TreeBonsai

GAGARIN: Succeded in LoadableXmlAsset: Plant_Fibercorn

GAGARIN: Succeded in LoadableXmlAsset: Plant_TreeGauranlen

GAGARIN: Succeded in LoadableXmlAsset: ChoppedStump_Gauranlen

GAGARIN: Succeded in LoadableXmlAsset: SmashedStump_Gauranlen

GAGARIN: Succeded in LoadableXmlAsset: Plant_MossGauranlen

GAGARIN: Succeded in LoadableXmlAsset: Plant_PodGauranlen

GAGARIN: Succeded in LoadableXmlAsset: GauranlenSeed

GAGARIN: Succeded in LoadableXmlAsset: Dryad_Basic

GAGARIN: Succeded in LoadableXmlAsset: Dryad_Basic

GAGARIN: Succeded in LoadableXmlAsset: Dryad_Woodmaker

GAGARIN: Succeded in LoadableXmlAsset: Dryad_Woodmaker

GAGARIN: Succeded in LoadableXmlAsset: Dryad_Berrymaker

GAGARIN: Succeded in LoadableXmlAsset: Dryad_Berrymaker

GAGARIN: Succeded in LoadableXmlAsset: Dryad_Medicinemaker

GAGARIN: Succeded in LoadableXmlAsset: Dryad_Medicinemaker

GAGARIN: Succeded in LoadableXmlAsset: Dryad_Gaumaker

GAGARIN: Succeded in LoadableXmlAsset: Dryad_Gaumaker

GAGARIN: Succeded in LoadableXmlAsset: Dryad_Carrier

GAGARIN: Succeded in LoadableXmlAsset: Dryad_Carrier

GAGARIN: Succeded in LoadableXmlAsset: Dryad_Clawer

GAGARIN: Succeded in LoadableXmlAsset: Dryad_Clawer

GAGARIN: Succeded in LoadableXmlAsset: Dryad_Barkskin

GAGARIN: Succeded in LoadableXmlAsset: Dryad_Barkskin

GAGARIN: Succeded in LoadableXmlAsset: MapGen_AncientComplexRoomLoot_Default

GAGARIN: Succeded in LoadableXmlAsset: MapGen_AncientComplexRoomLoot_Better

GAGARIN: Succeded in LoadableXmlAsset: MapGen_AncientComplex_SecurityCrate

GAGARIN: Succeded in LoadableXmlAsset: Reward_ReliquaryPilgrims

GAGARIN: Succeded in LoadableXmlAsset: Christian_SculptureSmall

GAGARIN: Succeded in LoadableXmlAsset: Christian_SculptureLarge

GAGARIN: Succeded in LoadableXmlAsset: Christian_SculptureGrand

GAGARIN: Succeded in LoadableXmlAsset: Christian_IdeogramA

GAGARIN: Succeded in LoadableXmlAsset: Christian_IdeogramB

GAGARIN: Succeded in LoadableXmlAsset: Islamic_SculptureSmall

GAGARIN: Succeded in LoadableXmlAsset: Islamic_SculptureLarge

GAGARIN: Succeded in LoadableXmlAsset: Islamic_SculptureGrand

GAGARIN: Succeded in LoadableXmlAsset: Islamic_IdeogramA

GAGARIN: Succeded in LoadableXmlAsset: Islamic_IdeogramB

GAGARIN: Succeded in LoadableXmlAsset: Buddhist_SculptureSmall

GAGARIN: Succeded in LoadableXmlAsset: Buddhist_SculptureLarge

GAGARIN: Succeded in LoadableXmlAsset: Buddhist_SculptureGrand

GAGARIN: Succeded in LoadableXmlAsset: Buddhist_IdeogramA

GAGARIN: Succeded in LoadableXmlAsset: Buddhist_IdeogramB

GAGARIN: Succeded in LoadableXmlAsset: Hindu_SimpleHelmet

GAGARIN: Succeded in LoadableXmlAsset: Hindu_AdvancedHelmet

GAGARIN: Succeded in LoadableXmlAsset: Hindu_SculptureSmall

GAGARIN: Succeded in LoadableXmlAsset: Hindu_SculptureLarge

GAGARIN: Succeded in LoadableXmlAsset: Hindu_SculptureGrand

GAGARIN: Succeded in LoadableXmlAsset: Hindu_IdeogramA

GAGARIN: Succeded in LoadableXmlAsset: Hindu_IdeogramB

GAGARIN: Succeded in LoadableXmlAsset: Morbid_SculptureSmall

GAGARIN: Succeded in LoadableXmlAsset: Morbid_SculptureLarge

GAGARIN: Succeded in LoadableXmlAsset: Morbid_SculptureGrand

GAGARIN: Succeded in LoadableXmlAsset: Morbid_AltarSmall

GAGARIN: Succeded in LoadableXmlAsset: Morbid_AltarMedium

GAGARIN: Succeded in LoadableXmlAsset: Morbid_AltarLarge

GAGARIN: Succeded in LoadableXmlAsset: Morbid_AltarGrand

GAGARIN: Succeded in LoadableXmlAsset: Morbid_Stool

GAGARIN: Succeded in LoadableXmlAsset: Morbid_Table1x2c

GAGARIN: Succeded in LoadableXmlAsset: Morbid_Table2x2c

GAGARIN: Succeded in LoadableXmlAsset: Morbid_Table2x4c

GAGARIN: Succeded in LoadableXmlAsset: Morbid_Table3x3c

GAGARIN: Succeded in LoadableXmlAsset: Morbid_StandingLamp

GAGARIN: Succeded in LoadableXmlAsset: Morbid_TorchLamp

GAGARIN: Succeded in LoadableXmlAsset: Morbid_WallLamp

GAGARIN: Succeded in LoadableXmlAsset: Morbid_WallTorch

GAGARIN: Succeded in LoadableXmlAsset: Morbid_Column

GAGARIN: Succeded in LoadableXmlAsset: Morbid_ReconHelmet

GAGARIN: Succeded in LoadableXmlAsset: Morbid_MarineHelmet

GAGARIN: Succeded in LoadableXmlAsset: Morbid_CataphractHelmet

GAGARIN: Succeded in LoadableXmlAsset: Morbid_IdeogramA

GAGARIN: Succeded in LoadableXmlAsset: Morbid_IdeogramB

GAGARIN: Succeded in LoadableXmlAsset: Totemic_SculptureSmall

GAGARIN: Succeded in LoadableXmlAsset: Totemic_SculptureLarge

GAGARIN: Succeded in LoadableXmlAsset: Totemic_SculptureGrand

GAGARIN: Succeded in LoadableXmlAsset: Totemic_AltarSmall

GAGARIN: Succeded in LoadableXmlAsset: Totemic_AltarMedium

GAGARIN: Succeded in LoadableXmlAsset: Totemic_AltarLarge

GAGARIN: Succeded in LoadableXmlAsset: Totemic_AltarGrand

GAGARIN: Succeded in LoadableXmlAsset: Totemic_Stool

GAGARIN: Succeded in LoadableXmlAsset: Totemic_DiningChair

GAGARIN: Succeded in LoadableXmlAsset: Totemic_Table1x2c

GAGARIN: Succeded in LoadableXmlAsset: Totemic_Table2x2c

GAGARIN: Succeded in LoadableXmlAsset: Totemic_Table2x4c

GAGARIN: Succeded in LoadableXmlAsset: Totemic_Table3x3c

GAGARIN: Succeded in LoadableXmlAsset: Totemic_StandingLamp

GAGARIN: Succeded in LoadableXmlAsset: Totemic_TorchLamp

GAGARIN: Succeded in LoadableXmlAsset: Totemic_WallLamp

GAGARIN: Succeded in LoadableXmlAsset: Totemic_WallTorch

GAGARIN: Succeded in LoadableXmlAsset: Totemic_Column

GAGARIN: Succeded in LoadableXmlAsset: Totemic_ReconHelmet

GAGARIN: Succeded in LoadableXmlAsset: Totemic_MarineHelmet

GAGARIN: Succeded in LoadableXmlAsset: Totemic_CataphractHelmet

GAGARIN: Succeded in LoadableXmlAsset: Totemic_IdeogramA

GAGARIN: Succeded in LoadableXmlAsset: Totemic_IdeogramB

GAGARIN: Succeded in LoadableXmlAsset: Spikecore_Table1x2c

GAGARIN: Succeded in LoadableXmlAsset: Spikecore_Table2x2c

GAGARIN: Succeded in LoadableXmlAsset: Spikecore_Table2x4c

GAGARIN: Succeded in LoadableXmlAsset: Spikecore_Table3x3c

GAGARIN: Succeded in LoadableXmlAsset: Spikecore_StandingLamp

GAGARIN: Succeded in LoadableXmlAsset: Spikecore_TorchLamp

GAGARIN: Succeded in LoadableXmlAsset: Spikecore_WallLamp

GAGARIN: Succeded in LoadableXmlAsset: Spikecore_WallTorch

GAGARIN: Succeded in LoadableXmlAsset: Spikecore_Column

GAGARIN: Succeded in LoadableXmlAsset: Spikecore_SimpleHelmet

GAGARIN: Succeded in LoadableXmlAsset: Spikecore_AdvancedHelmet

GAGARIN: Succeded in LoadableXmlAsset: Spikecore_FlakJacket

GAGARIN: Succeded in LoadableXmlAsset: Spikecore_Duster

GAGARIN: Succeded in LoadableXmlAsset: Spikecore_Jacket

GAGARIN: Succeded in LoadableXmlAsset: Spikecore_Parka

GAGARIN: Succeded in LoadableXmlAsset: Rustic_SimpleHelmet

GAGARIN: Succeded in LoadableXmlAsset: Rustic_AdvancedHelmet

GAGARIN: Succeded in LoadableXmlAsset: Rustic_Column

GAGARIN: Succeded in LoadableXmlAsset: Rustic_StandingLamp

GAGARIN: Succeded in LoadableXmlAsset: Rustic_TorchLamp

GAGARIN: Succeded in LoadableXmlAsset: Rustic_WallLamp

GAGARIN: Succeded in LoadableXmlAsset: Rustic_WallTorch

GAGARIN: Succeded in LoadableXmlAsset: Rustic_Table1x2c

GAGARIN: Succeded in LoadableXmlAsset: Rustic_Table2x2c

GAGARIN: Succeded in LoadableXmlAsset: Rustic_Table2x4c

GAGARIN: Succeded in LoadableXmlAsset: Rustic_Table3x3c

GAGARIN: Succeded in LoadableXmlAsset: Animalist_SculptureSmall

GAGARIN: Succeded in LoadableXmlAsset: Animalist_SculptureLarge

GAGARIN: Succeded in LoadableXmlAsset: Animalist_SculptureGrand

GAGARIN: Succeded in LoadableXmlAsset: Animalist_ReconHelmet

GAGARIN: Succeded in LoadableXmlAsset: Animalist_MarineHelmet

GAGARIN: Succeded in LoadableXmlAsset: Animalist_CataphractHelmet

GAGARIN: Succeded in LoadableXmlAsset: Animalist_WarMask

GAGARIN: Succeded in LoadableXmlAsset: Techist_Column

GAGARIN: Succeded in LoadableXmlAsset: Techist_PlantPot

GAGARIN: Succeded in LoadableXmlAsset: Techist_StandingLamp

GAGARIN: Succeded in LoadableXmlAsset: Techist_WallLamp

GAGARIN: Succeded in LoadableXmlAsset: Techist_Autodoor

GAGARIN: Succeded in LoadableXmlAsset: Techist_Shelf

GAGARIN: Succeded in LoadableXmlAsset: Techist_ShelfSmall

GAGARIN: Succeded in LoadableXmlAsset: Techist_Table1x2c

GAGARIN: Succeded in LoadableXmlAsset: Techist_Table2x2c

GAGARIN: Succeded in LoadableXmlAsset: Techist_Table2x4c

GAGARIN: Succeded in LoadableXmlAsset: Techist_Table3x3c

GAGARIN: Succeded in LoadableXmlAsset: Dryad

GAGARIN: Succeded in LoadableXmlAsset: IdeoBuildingMissing

GAGARIN: Succeded in LoadableXmlAsset: IdeoBuildingDisrespected

GAGARIN: Succeded in LoadableXmlAsset: ParticipatedInRaid_Respected

GAGARIN: Succeded in LoadableXmlAsset: ParticipatedInRaid_Required

GAGARIN: Succeded in LoadableXmlAsset: RecentConquest_Respected

GAGARIN: Succeded in LoadableXmlAsset: RecentConquest_Required

GAGARIN: Succeded in LoadableXmlAsset: IdeoRoleLost

GAGARIN: Succeded in LoadableXmlAsset: IdeoRoleEmpty

GAGARIN: Succeded in LoadableXmlAsset: IdeoRoleApparelRequirementNotMet

GAGARIN: Succeded in LoadableXmlAsset: IdeoLeaderResentmentStandard

GAGARIN: Succeded in LoadableXmlAsset: IdeoLeaderResentmentDisapproved

GAGARIN: Succeded in LoadableXmlAsset: IdeoLeaderResentmentHorrible

GAGARIN: Succeded in LoadableXmlAsset: IdeoLeaderResentmentAbhorrent

GAGARIN: Succeded in LoadableXmlAsset: WasEnslaved

GAGARIN: Succeded in LoadableXmlAsset: SleptInRoomWithSlave

GAGARIN: Succeded in LoadableXmlAsset: ConnectedTreeDied

GAGARIN: Succeded in LoadableXmlAsset: RelicsCollected

GAGARIN: Succeded in LoadableXmlAsset: BiosculpterPleasure

GAGARIN: Succeded in LoadableXmlAsset: DryadDied

GAGARIN: Succeded in LoadableXmlAsset: WillDiminished

GAGARIN: Succeded in LoadableXmlAsset: FailedConvertAbilityInitiator

GAGARIN: Succeded in LoadableXmlAsset: FailedConvertAbilityRecipient

GAGARIN: Succeded in LoadableXmlAsset: Counselled

GAGARIN: Succeded in LoadableXmlAsset: CounselFailed

GAGARIN: Succeded in LoadableXmlAsset: Counselled_MoodBoost

GAGARIN: Succeded in LoadableXmlAsset: TendedByMedicalSpecialist

GAGARIN: Succeded in LoadableXmlAsset: ObservedTerror

GAGARIN: Succeded in LoadableXmlAsset: ObservedGibbetCage

GAGARIN: Succeded in LoadableXmlAsset: ObservedSkullspike

GAGARIN: Succeded in LoadableXmlAsset: RelicAtRitual

GAGARIN: Succeded in LoadableXmlAsset: TrialExonerated

GAGARIN: Succeded in LoadableXmlAsset: TrialFailed

GAGARIN: Succeded in LoadableXmlAsset: TrialConvicted

GAGARIN: Succeded in LoadableXmlAsset: TerribleParty

GAGARIN: Succeded in LoadableXmlAsset: BoringParty

GAGARIN: Succeded in LoadableXmlAsset: FunParty

GAGARIN: Succeded in LoadableXmlAsset: UnforgettableParty

GAGARIN: Succeded in LoadableXmlAsset: TerribleFuneral

GAGARIN: Succeded in LoadableXmlAsset: LacklusterFuneral

GAGARIN: Succeded in LoadableXmlAsset: GoodFuneral

GAGARIN: Succeded in LoadableXmlAsset: HeartwarmingFuneral

GAGARIN: Succeded in LoadableXmlAsset: TerribleFestival

GAGARIN: Succeded in LoadableXmlAsset: BoringFestival

GAGARIN: Succeded in LoadableXmlAsset: FunFestival

GAGARIN: Succeded in LoadableXmlAsset: UnforgettableFestival

GAGARIN: Succeded in LoadableXmlAsset: TerribleSacrifice

GAGARIN: Succeded in LoadableXmlAsset: BoringSacrifice

GAGARIN: Succeded in LoadableXmlAsset: SatisfyingSacrifice

GAGARIN: Succeded in LoadableXmlAsset: SpectacularSacrifice

GAGARIN: Succeded in LoadableXmlAsset: TerribleSkyLanterns

GAGARIN: Succeded in LoadableXmlAsset: UnimpressiveSkyLanterns

GAGARIN: Succeded in LoadableXmlAsset: BeautifulSkyLanterns

GAGARIN: Succeded in LoadableXmlAsset: UnforgettableSkyLanterns

GAGARIN: Succeded in LoadableXmlAsset: TerribleScarification

GAGARIN: Succeded in LoadableXmlAsset: BoringScarification

GAGARIN: Succeded in LoadableXmlAsset: SatisfyingScarification

GAGARIN: Succeded in LoadableXmlAsset: SpectacularScarification

GAGARIN: Succeded in LoadableXmlAsset: TerribleBlinding

GAGARIN: Succeded in LoadableXmlAsset: BoringBlinding

GAGARIN: Succeded in LoadableXmlAsset: SatisfyingBlinding

GAGARIN: Succeded in LoadableXmlAsset: SpectacularBlinding

GAGARIN: Succeded in LoadableXmlAsset: EffectiveConversion

GAGARIN: Succeded in LoadableXmlAsset: MasterfulConversion

GAGARIN: Succeded in LoadableXmlAsset: TerribleDuel

GAGARIN: Succeded in LoadableXmlAsset: BoringDuel

GAGARIN: Succeded in LoadableXmlAsset: GoodDuel

GAGARIN: Succeded in LoadableXmlAsset: UnforgettableDuel

GAGARIN: Succeded in LoadableXmlAsset: AwkwardExecution

GAGARIN: Succeded in LoadableXmlAsset: SatisfyingExecution

GAGARIN: Succeded in LoadableXmlAsset: SpectacularExecution

GAGARIN: Succeded in LoadableXmlAsset: LookChangeDesired

GAGARIN: Succeded in LoadableXmlAsset: MasochistWearingCollar

GAGARIN: Succeded in LoadableXmlAsset: MasochistWearingBodyStrap

GAGARIN: Succeded in LoadableXmlAsset: WearingColor_Favorite

GAGARIN: Succeded in LoadableXmlAsset: WearingColor_Ideo

GAGARIN: Succeded in LoadableXmlAsset: FailedConvertIdeoAttemptResentment

GAGARIN: Succeded in LoadableXmlAsset: PsychicArchotechEmanator_Major

GAGARIN: Succeded in LoadableXmlAsset: PsychicArchotechEmanator_Grand

GAGARIN: Succeded in LoadableXmlAsset: PsychicArchotechEmanator_Core

GAGARIN: Succeded in LoadableXmlAsset: IdeoligionTips

GAGARIN: Succeded in LoadableXmlAsset: EditingMemes

GAGARIN: Succeded in LoadableXmlAsset: EditingPrecepts

GAGARIN: Succeded in LoadableXmlAsset: MeleeRanged

GAGARIN: Succeded in LoadableXmlAsset: MeleePiercerBlunt

GAGARIN: Succeded in LoadableXmlAsset: LongShortShots

GAGARIN: Succeded in LoadableXmlAsset: RangedHeavyLight

GAGARIN: Succeded in LoadableXmlAsset: NeolithicUltratech

GAGARIN: Succeded in LoadableXmlAsset: ExecuteSlave

GAGARIN: Succeded in LoadableXmlAsset: EmancipateSlave

GAGARIN: Succeded in LoadableXmlAsset: EnslavePrisoner

GAGARIN: Succeded in LoadableXmlAsset: ImprisonSlave

GAGARIN: Succeded in LoadableXmlAsset: SuppressSlave

GAGARIN: Succeded in LoadableXmlAsset: ConvertPrisoner

GAGARIN: Succeded in LoadableXmlAsset: PruneGauranlenTree

GAGARIN: Succeded in LoadableXmlAsset: ChangeTreeMode

GAGARIN: Succeded in LoadableXmlAsset: HaulToBiosculpterPod

GAGARIN: Succeded in LoadableXmlAsset: Settlement_SecondArchonexusCycle

GAGARIN: Succeded in LoadableXmlAsset: Settlement_ThirdArchonexusCycle

GAGARIN: Succeded in LoadableXmlAsset: AbandonedArchotechStructures

GAGARIN: Succeded in LoadableXmlAsset: RoleElite

GAGARIN: Succeded in LoadableXmlAsset: RoleSupreme

GAGARIN: Succeded in LoadableXmlAsset: ExpectationsSlave

GAGARIN: Succeded in LoadableXmlAsset: RelicHuntInstallationFound

GAGARIN: Succeded in LoadableXmlAsset: Miners

GAGARIN: Succeded in LoadableXmlAsset: Hunters

GAGARIN: Succeded in LoadableXmlAsset: Loggers

GAGARIN: Succeded in LoadableXmlAsset: Farmers

GAGARIN: Succeded in LoadableXmlAsset: PlaceMakerCommon

GAGARIN: Succeded in LoadableXmlAsset: Oubanyen

GAGARIN: Succeded in LoadableXmlAsset: Chelis

GAGARIN: Succeded in LoadableXmlAsset: Ilwaba

GAGARIN: Succeded in LoadableXmlAsset: Boccocarro

GAGARIN: Succeded in LoadableXmlAsset: Nuchadus

GAGARIN: Succeded in LoadableXmlAsset: Zoutera

GAGARIN: Succeded in LoadableXmlAsset: Wavia

GAGARIN: Succeded in LoadableXmlAsset: Bagua5

GAGARIN: Succeded in LoadableXmlAsset: Rhydell

GAGARIN: Succeded in LoadableXmlAsset: Iwamura

GAGARIN: Succeded in LoadableXmlAsset: Novaroma

GAGARIN: Succeded in LoadableXmlAsset: Filson

GAGARIN: Succeded in LoadableXmlAsset: Creticon

GAGARIN: Succeded in LoadableXmlAsset: Yttak

GAGARIN: Succeded in LoadableXmlAsset: Kemia

GAGARIN: Succeded in LoadableXmlAsset: Rogia

GAGARIN: Succeded in LoadableXmlAsset: Xanides

GAGARIN: Succeded in LoadableXmlAsset: Lutuni

GAGARIN: Succeded in LoadableXmlAsset: AturaStation

GAGARIN: Succeded in LoadableXmlAsset: RitualGlow

GAGARIN: Succeded in LoadableXmlAsset: RitualGlowSingleRay

GAGARIN: Succeded in LoadableXmlAsset: RitualSmoke

GAGARIN: Succeded in LoadableXmlAsset: RitualOutline

GAGARIN: Succeded in LoadableXmlAsset: MoteBouncingRotating

GAGARIN: Succeded in LoadableXmlAsset: GasRotating

GAGARIN: Succeded in LoadableXmlAsset: AllowCorpsesSlave

GAGARIN: Succeded in LoadableXmlAsset: AllowVegetarian

GAGARIN: Succeded in LoadableXmlAsset: AllowCarnivore

GAGARIN: Succeded in LoadableXmlAsset: AllowCannibal

GAGARIN: Succeded in LoadableXmlAsset: AllowInsectMeat

GAGARIN: Succeded in LoadableXmlAsset: FuneralStandard

GAGARIN: Succeded in LoadableXmlAsset: FuneralNoCorpse

GAGARIN: Succeded in LoadableXmlAsset: TreeConnection

GAGARIN: Succeded in LoadableXmlAsset: CelebrationPartyChat

GAGARIN: Succeded in LoadableXmlAsset: SacrificePrisoner

GAGARIN: Succeded in LoadableXmlAsset: SacrificeAnimal

GAGARIN: Succeded in LoadableXmlAsset: LeaderSpeech

GAGARIN: Succeded in LoadableXmlAsset: Trial

GAGARIN: Succeded in LoadableXmlAsset: TrialPrisoner

GAGARIN: Succeded in LoadableXmlAsset: TrialMentalState

GAGARIN: Succeded in LoadableXmlAsset: Conversion

GAGARIN: Succeded in LoadableXmlAsset: CelebrationPartyDanceTech

GAGARIN: Succeded in LoadableXmlAsset: CelebrationPartyDanceDrum

GAGARIN: Succeded in LoadableXmlAsset: CelebrationSkyLanterns

GAGARIN: Succeded in LoadableXmlAsset: CelebrationTree

GAGARIN: Succeded in LoadableXmlAsset: BurnCircle

GAGARIN: Succeded in LoadableXmlAsset: SmokeCircle

GAGARIN: Succeded in LoadableXmlAsset: GladiatorDuel

GAGARIN: Succeded in LoadableXmlAsset: FeastCannibal

GAGARIN: Succeded in LoadableXmlAsset: ScarificationCeremony

GAGARIN: Succeded in LoadableXmlAsset: BlindingCeremony

GAGARIN: Succeded in LoadableXmlAsset: Execution

GAGARIN: Succeded in LoadableXmlAsset: RoleChange

GAGARIN: Succeded in LoadableXmlAsset: Archonexus

GAGARIN: Succeded in LoadableXmlAsset: Archonexus

GAGARIN: Succeded in LoadableXmlAsset: Sanguophage

GAGARIN: Succeded in LoadableXmlAsset: Bloodfeed

GAGARIN: Succeded in LoadableXmlAsset: Coagulate

GAGARIN: Succeded in LoadableXmlAsset: ReimplantXenogerm

GAGARIN: Succeded in LoadableXmlAsset: PiercingSpine

GAGARIN: Succeded in LoadableXmlAsset: PiercingSpine

GAGARIN: Succeded in LoadableXmlAsset: Resurrect

GAGARIN: Succeded in LoadableXmlAsset: AcidSpray

GAGARIN: Succeded in LoadableXmlAsset: Proj_Acid

GAGARIN: Succeded in LoadableXmlAsset: FoamSpray

GAGARIN: Succeded in LoadableXmlAsset: Proj_Foam_Ability

GAGARIN: Succeded in LoadableXmlAsset: FireSpew

GAGARIN: Succeded in LoadableXmlAsset: Longjump

GAGARIN: Succeded in LoadableXmlAsset: FireBurst

GAGARIN: Succeded in LoadableXmlAsset: AnimalWarcall

GAGARIN: Succeded in LoadableXmlAsset: LongjumpMech

GAGARIN: Succeded in LoadableXmlAsset: LongjumpMechLauncher

GAGARIN: Succeded in LoadableXmlAsset: SmokepopMech

GAGARIN: Succeded in LoadableXmlAsset: FirefoampopMech

GAGARIN: Succeded in LoadableXmlAsset: ResurrectionMech

GAGARIN: Succeded in LoadableXmlAsset: PlayStatic

GAGARIN: Succeded in LoadableXmlAsset: PlayWalking

GAGARIN: Succeded in LoadableXmlAsset: PlayToys

GAGARIN: Succeded in LoadableXmlAsset: Furskin

GAGARIN: Succeded in LoadableXmlAsset: FurskinCurlyMoustache

GAGARIN: Succeded in LoadableXmlAsset: BeardFurskinKnots

GAGARIN: Succeded in LoadableXmlAsset: BeardFurskinMegabraid

GAGARIN: Succeded in LoadableXmlAsset: BeardFurskinMonkey

GAGARIN: Succeded in LoadableXmlAsset: BeardFurskinMoustache

GAGARIN: Succeded in LoadableXmlAsset: BeardFurskinScruffy

GAGARIN: Succeded in LoadableXmlAsset: BeardFurskinSenile

GAGARIN: Succeded in LoadableXmlAsset: BeardFurskinSideChops

GAGARIN: Succeded in LoadableXmlAsset: BeardFurskinSideTufts

GAGARIN: Succeded in LoadableXmlAsset: BeardFurskinStrongChops

GAGARIN: Succeded in LoadableXmlAsset: Mech_Tunneler

GAGARIN: Succeded in LoadableXmlAsset: Mech_Light

GAGARIN: Succeded in LoadableXmlAsset: Mech_Agrihand

GAGARIN: Succeded in LoadableXmlAsset: Scorcher

GAGARIN: Succeded in LoadableXmlAsset: Apocriton

GAGARIN: Succeded in LoadableXmlAsset: Mech_Diabolus

GAGARIN: Succeded in LoadableXmlAsset: Mech_Centurion

GAGARIN: Succeded in LoadableXmlAsset: Mech_Warqueen

GAGARIN: Succeded in LoadableXmlAsset: LeftPowerClaw

GAGARIN: Succeded in LoadableXmlAsset: RightPowerClaw

GAGARIN: Succeded in LoadableXmlAsset: BulbTurret

GAGARIN: Succeded in LoadableXmlAsset: SmallMechanicalLeg

GAGARIN: Succeded in LoadableXmlAsset: SmallMechanicalFoot

GAGARIN: Succeded in LoadableXmlAsset: PowerClaw

GAGARIN: Succeded in LoadableXmlAsset: BulbTurret

GAGARIN: Succeded in LoadableXmlAsset: MechanicalWarqueenBodyFirstRing

GAGARIN: Succeded in LoadableXmlAsset: MechanicalWarqueenBodySecondRing

GAGARIN: Succeded in LoadableXmlAsset: MechanicalWarqueenBodyThirdRing

GAGARIN: Succeded in LoadableXmlAsset: MechanicalWarqueenBodyFourthRing

GAGARIN: Succeded in LoadableXmlAsset: MechanicalWarqueenBodyFifthRing

GAGARIN: Succeded in LoadableXmlAsset: MechanicalWarqueenFormingPod

GAGARIN: Succeded in LoadableXmlAsset: MechanicalDiabolusBodyFirstRing

GAGARIN: Succeded in LoadableXmlAsset: MechanicalDiabolusBodySecondRing

GAGARIN: Succeded in LoadableXmlAsset: MechanicalDiabolusBodyThirdRing

GAGARIN: Succeded in LoadableXmlAsset: MechanicalDiabolusBodyFourthRing

GAGARIN: Succeded in LoadableXmlAsset: MechanicalDiabolusBodyFifthRing

GAGARIN: Succeded in LoadableXmlAsset: MechanicalDiabolusBodySixthRing

GAGARIN: Succeded in LoadableXmlAsset: DiabolusCapacitor

GAGARIN: Succeded in LoadableXmlAsset: Diabolus

GAGARIN: Succeded in LoadableXmlAsset: Diabolus

GAGARIN: Succeded in LoadableXmlAsset: Warqueen

GAGARIN: Succeded in LoadableXmlAsset: Warqueen

GAGARIN: Succeded in LoadableXmlAsset: Apocriton

GAGARIN: Succeded in LoadableXmlAsset: Apocriton

GAGARIN: Succeded in LoadableXmlAsset: ToxGas

GAGARIN: Succeded in LoadableXmlAsset: BulletToxic

GAGARIN: Succeded in LoadableXmlAsset: MechBandShockwave

GAGARIN: Succeded in LoadableXmlAsset: Warqueen

GAGARIN: Succeded in LoadableXmlAsset: KeepLyingDown

GAGARIN: Succeded in LoadableXmlAsset: KeepLyingDownForBirth

GAGARIN: Succeded in LoadableXmlAsset: SocialMeeting

GAGARIN: Succeded in LoadableXmlAsset: DeliverPawnToBedForBirth

GAGARIN: Succeded in LoadableXmlAsset: FleckBabyGiggling

GAGARIN: Succeded in LoadableXmlAsset: BabyGiggling

GAGARIN: Succeded in LoadableXmlAsset: BabyCrying

GAGARIN: Succeded in LoadableXmlAsset: FleckBabyCrying

GAGARIN: Succeded in LoadableXmlAsset: FleckGivingBirth

GAGARIN: Succeded in LoadableXmlAsset: LaborEarly

GAGARIN: Succeded in LoadableXmlAsset: LaborLate

GAGARIN: Succeded in LoadableXmlAsset: Birthday

GAGARIN: Succeded in LoadableXmlAsset: MechRepairing

GAGARIN: Succeded in LoadableXmlAsset: CommsConsoleBossgroupSummoned

GAGARIN: Succeded in LoadableXmlAsset: BurnoutMechlinkBoosterUsed

GAGARIN: Succeded in LoadableXmlAsset: MechbandDishUsed

GAGARIN: Succeded in LoadableXmlAsset: MechBandAntennaPrepared

GAGARIN: Succeded in LoadableXmlAsset: MechBandDishPrepared

GAGARIN: Succeded in LoadableXmlAsset: MechbandBuildingDestroyed

GAGARIN: Succeded in LoadableXmlAsset: MechChargerWasteProduced

GAGARIN: Succeded in LoadableXmlAsset: MechChargerWasteRemoved

GAGARIN: Succeded in LoadableXmlAsset: PollutionPumped

GAGARIN: Succeded in LoadableXmlAsset: PollutionExtractedPoluxTree

GAGARIN: Succeded in LoadableXmlAsset: ControlMech

GAGARIN: Succeded in LoadableXmlAsset: BandNodeTuning

GAGARIN: Succeded in LoadableXmlAsset: BandNodeRetuning

GAGARIN: Succeded in LoadableXmlAsset: BandNodeTuned

GAGARIN: Succeded in LoadableXmlAsset: BandNodeUntuned

GAGARIN: Succeded in LoadableXmlAsset: WarqueenWarUrchinsSpawned

GAGARIN: Succeded in LoadableXmlAsset: SubcoreSoftscanner_Start

GAGARIN: Succeded in LoadableXmlAsset: SubcoreRipscanner_Start

GAGARIN: Succeded in LoadableXmlAsset: Radiotalking

GAGARIN: Succeded in LoadableXmlAsset: Floordrawing

GAGARIN: Succeded in LoadableXmlAsset: Breastfeeding

GAGARIN: Succeded in LoadableXmlAsset: Birth

GAGARIN: Succeded in LoadableXmlAsset: Fire_Spew

GAGARIN: Succeded in LoadableXmlAsset: Fire_SpewShort

GAGARIN: Succeded in LoadableXmlAsset: GraserBeam_End

GAGARIN: Succeded in LoadableXmlAsset: Fire_Burst

GAGARIN: Succeded in LoadableXmlAsset: Fire_Burst_Warmup

GAGARIN: Succeded in LoadableXmlAsset: CellPollution

GAGARIN: Succeded in LoadableXmlAsset: CellPollution_Performant

GAGARIN: Succeded in LoadableXmlAsset: RipScannerHeadGlow

GAGARIN: Succeded in LoadableXmlAsset: WarUrchinSpawned

GAGARIN: Succeded in LoadableXmlAsset: SanguophageMeeting

GAGARIN: Succeded in LoadableXmlAsset: GeneAssembler_Working

GAGARIN: Succeded in LoadableXmlAsset: TunnelerSlowedDown

GAGARIN: Succeded in LoadableXmlAsset: MechUncontrolled

GAGARIN: Succeded in LoadableXmlAsset: MechResurrected

GAGARIN: Succeded in LoadableXmlAsset: Implant_Xenogerm

GAGARIN: Succeded in LoadableXmlAsset: BlastMechBandShockwave

GAGARIN: Succeded in LoadableXmlAsset: MechBandElectricityArc

GAGARIN: Succeded in LoadableXmlAsset: Coagulate

GAGARIN: Succeded in LoadableXmlAsset: AncientExostriderRemainsPulse

GAGARIN: Succeded in LoadableXmlAsset: WastepackAtomizer_Operating

GAGARIN: Succeded in LoadableXmlAsset: Bloodfeed_Warmup

GAGARIN: Succeded in LoadableXmlAsset: Vat_Bubbles_South

GAGARIN: Succeded in LoadableXmlAsset: Vat_Bubbles_North

GAGARIN: Succeded in LoadableXmlAsset: Vat_Bubbles_West

GAGARIN: Succeded in LoadableXmlAsset: Vat_Bubbles_East

GAGARIN: Succeded in LoadableXmlAsset: ApocrionAttached

GAGARIN: Succeded in LoadableXmlAsset: ApocrionAoeWarmup

GAGARIN: Succeded in LoadableXmlAsset: ApocrionAoeResolve

GAGARIN: Succeded in LoadableXmlAsset: JumpMechWarmupEffect

GAGARIN: Succeded in LoadableXmlAsset: JumpMechFlightEffect

GAGARIN: Succeded in LoadableXmlAsset: AtomizerResolve

GAGARIN: Succeded in LoadableXmlAsset: WastepackAtomizer_Working

GAGARIN: Succeded in LoadableXmlAsset: AnimalWarcall_Cast

GAGARIN: Succeded in LoadableXmlAsset: AnimalWarcall_CastOnTarget

GAGARIN: Succeded in LoadableXmlAsset: AnimalWarcall_Warmup

GAGARIN: Succeded in LoadableXmlAsset: AnimalWarcallMentalState

GAGARIN: Succeded in LoadableXmlAsset: PlayStatic

GAGARIN: Succeded in LoadableXmlAsset: BandNodeRedPulse

GAGARIN: Succeded in LoadableXmlAsset: BandNodeGreenPulse

GAGARIN: Succeded in LoadableXmlAsset: BandNodeYellowPulse

GAGARIN: Succeded in LoadableXmlAsset: FlashHollow

GAGARIN: Succeded in LoadableXmlAsset: FlashHollow_Red

GAGARIN: Succeded in LoadableXmlAsset: FireSpew_A

GAGARIN: Succeded in LoadableXmlAsset: FireSpew_Short

GAGARIN: Succeded in LoadableXmlAsset: FireSpew_Base

GAGARIN: Succeded in LoadableXmlAsset: FireSpew_Glow

GAGARIN: Succeded in LoadableXmlAsset: Beam_Glow

GAGARIN: Succeded in LoadableXmlAsset: Fleck_BeamBurn

GAGARIN: Succeded in LoadableXmlAsset: FuelSpray

GAGARIN: Succeded in LoadableXmlAsset: Fleck_WastePackDissolutionCell

GAGARIN: Succeded in LoadableXmlAsset: Fleck_WastePackDissolutionCell_Performant

GAGARIN: Succeded in LoadableXmlAsset: Fleck_WastePackDissolutionSource

GAGARIN: Succeded in LoadableXmlAsset: Fleck_ToxifierPollutionSource

GAGARIN: Succeded in LoadableXmlAsset: BrightFlashLong

GAGARIN: Succeded in LoadableXmlAsset: BrightFlash

GAGARIN: Succeded in LoadableXmlAsset: AntennaFlash

GAGARIN: Succeded in LoadableXmlAsset: NewbornBecomeChildGlimmer

GAGARIN: Succeded in LoadableXmlAsset: FireAnimated

GAGARIN: Succeded in LoadableXmlAsset: BurningWick

GAGARIN: Succeded in LoadableXmlAsset: FlashXenogerm

GAGARIN: Succeded in LoadableXmlAsset: Fleck_BlastMechBandShockwave

GAGARIN: Succeded in LoadableXmlAsset: Fleck_BlastMechBandRedLine

GAGARIN: Succeded in LoadableXmlAsset: FlashMechBand

GAGARIN: Succeded in LoadableXmlAsset: AncientExostriderRedPulse

GAGARIN: Succeded in LoadableXmlAsset: WastepackAtomizer_Forward

GAGARIN: Succeded in LoadableXmlAsset: WastepackAtomizer_Backward

GAGARIN: Succeded in LoadableXmlAsset: BloodFeedSplash

GAGARIN: Succeded in LoadableXmlAsset: Fleck_VatBubble

GAGARIN: Succeded in LoadableXmlAsset: SanguophageEyes

GAGARIN: Succeded in LoadableXmlAsset: AtomizerGlowShrinking

GAGARIN: Succeded in LoadableXmlAsset: AtomizerGlowFast

GAGARIN: Succeded in LoadableXmlAsset: AtomizerFlash

GAGARIN: Succeded in LoadableXmlAsset: AtomizerFlashGrowing

GAGARIN: Succeded in LoadableXmlAsset: AtomizerSpark

GAGARIN: Succeded in LoadableXmlAsset: JumpFlameMech

GAGARIN: Succeded in LoadableXmlAsset: JumpFlameGlowMech

GAGARIN: Succeded in LoadableXmlAsset: ApocritonResurrectFlashGrowing

GAGARIN: Succeded in LoadableXmlAsset: Mote_Toy

GAGARIN: Succeded in LoadableXmlAsset: MechGestatorForming_South

GAGARIN: Succeded in LoadableXmlAsset: MechGestatorForming_East

GAGARIN: Succeded in LoadableXmlAsset: MechGestatorForming_North

GAGARIN: Succeded in LoadableXmlAsset: MechGestatorCycleComplete_South

GAGARIN: Succeded in LoadableXmlAsset: MechGestatorCycleComplete_East

GAGARIN: Succeded in LoadableXmlAsset: MechGestatorCycleComplete_North

GAGARIN: Succeded in LoadableXmlAsset: MechGestatorFormed_South

GAGARIN: Succeded in LoadableXmlAsset: MechGestatorFormed_East

GAGARIN: Succeded in LoadableXmlAsset: MechGestatorFormed_North

GAGARIN: Succeded in LoadableXmlAsset: MechGestatorFormingLarge_South

GAGARIN: Succeded in LoadableXmlAsset: MechGestatorFormingLarge_East

GAGARIN: Succeded in LoadableXmlAsset: MechGestatorFormingLarge_West

GAGARIN: Succeded in LoadableXmlAsset: MechGestatorFormingLarge_North

GAGARIN: Succeded in LoadableXmlAsset: MechGestatorCycleCompleteLarge_South

GAGARIN: Succeded in LoadableXmlAsset: MechGestatorCycleCompleteLarge_East

GAGARIN: Succeded in LoadableXmlAsset: MechGestatorCycleCompleteLarge_West

GAGARIN: Succeded in LoadableXmlAsset: MechGestatorCycleCompleteLarge_North

GAGARIN: Succeded in LoadableXmlAsset: MechGestatorFormedLarge_South

GAGARIN: Succeded in LoadableXmlAsset: MechGestatorFormedLarge_East

GAGARIN: Succeded in LoadableXmlAsset: MechGestatorFormedLarge_West

GAGARIN: Succeded in LoadableXmlAsset: MechGestatorFormedLarge_North

GAGARIN: Succeded in LoadableXmlAsset: Mote_PollutionPump

GAGARIN: Succeded in LoadableXmlAsset: Mote_GraserBeamBase

GAGARIN: Succeded in LoadableXmlAsset: Mote_MechCharging

GAGARIN: Succeded in LoadableXmlAsset: Mote_ChargingCablesPulse

GAGARIN: Succeded in LoadableXmlAsset: Mote_HellsphereCannon_Aim

GAGARIN: Succeded in LoadableXmlAsset: Mote_HellsphereCannon_Charge

GAGARIN: Succeded in LoadableXmlAsset: Mote_HellsphereCannon_Target

GAGARIN: Succeded in LoadableXmlAsset: SoftScannerGlow_North

GAGARIN: Succeded in LoadableXmlAsset: SoftScannerGlow_South

GAGARIN: Succeded in LoadableXmlAsset: SoftScannerGlow_East

GAGARIN: Succeded in LoadableXmlAsset: SoftScannerGlow_West

GAGARIN: Succeded in LoadableXmlAsset: RipScannerGlow_North

GAGARIN: Succeded in LoadableXmlAsset: RipScannerGlow_South

GAGARIN: Succeded in LoadableXmlAsset: RipScannerGlow_East

GAGARIN: Succeded in LoadableXmlAsset: RipScannerGlow_West

GAGARIN: Succeded in LoadableXmlAsset: Mote_RipscannerHeadGlow

GAGARIN: Succeded in LoadableXmlAsset: Mote_SubcoreEncoderNorth

GAGARIN: Succeded in LoadableXmlAsset: Mote_SubcoreEncoderSouth

GAGARIN: Succeded in LoadableXmlAsset: Mote_SubcoreEncoderEast

GAGARIN: Succeded in LoadableXmlAsset: Mote_MechbandAntennaWaves

GAGARIN: Succeded in LoadableXmlAsset: Mote_MechbandDishWaves

GAGARIN: Succeded in LoadableXmlAsset: Mote_MechbandPreparing

GAGARIN: Succeded in LoadableXmlAsset: Mote_WarhUrchinSpawnElectricity

GAGARIN: Succeded in LoadableXmlAsset: Mote_WarUrchinSpawnFlash

GAGARIN: Succeded in LoadableXmlAsset: Mote_WarQueenSpineGlow

GAGARIN: Succeded in LoadableXmlAsset: Mote_MechTunnelerSlowedDown

GAGARIN: Succeded in LoadableXmlAsset: Mote_NewbornBecomeChildGlow

GAGARIN: Succeded in LoadableXmlAsset: Mote_MechUncontrolled

GAGARIN: Succeded in LoadableXmlAsset: Mote_MechResurrectWarmupOnTarget

GAGARIN: Succeded in LoadableXmlAsset: Mote_ApocritonWarmupArea

GAGARIN: Succeded in LoadableXmlAsset: Mote_MechResurrectGlow

GAGARIN: Succeded in LoadableXmlAsset: Mote_MechResurrectFlash

GAGARIN: Succeded in LoadableXmlAsset: Mote_XenogermImplantation

GAGARIN: Succeded in LoadableXmlAsset: Mote_MechControlTakingSparkArch

GAGARIN: Succeded in LoadableXmlAsset: Mote_RedFlash

GAGARIN: Succeded in LoadableXmlAsset: Mote_RedFlashStrong

GAGARIN: Succeded in LoadableXmlAsset: Mote_CoagulateStencil

GAGARIN: Succeded in LoadableXmlAsset: Mote_CoagulateA

GAGARIN: Succeded in LoadableXmlAsset: Mote_CoagulateB

GAGARIN: Succeded in LoadableXmlAsset: Mote_SanguophageMeetingSmoke

GAGARIN: Succeded in LoadableXmlAsset: Mote_Deathresting

GAGARIN: Succeded in LoadableXmlAsset: Mote_VatGlowHorizontal

GAGARIN: Succeded in LoadableXmlAsset: Mote_VatGlowVertical

GAGARIN: Succeded in LoadableXmlAsset: Mote_MechbandElectricity

GAGARIN: Succeded in LoadableXmlAsset: Mote_ApocritonPulse

GAGARIN: Succeded in LoadableXmlAsset: Mote_MechSparkSimple

GAGARIN: Succeded in LoadableXmlAsset: Mote_AnimalWarcallTarget

GAGARIN: Succeded in LoadableXmlAsset: Mote_AnimalWarcallWarmup

GAGARIN: Succeded in LoadableXmlAsset: Mote_AnimalWarcallTargetFlash

GAGARIN: Succeded in LoadableXmlAsset: Mote_AnimalWarcallMentalState

GAGARIN: Succeded in LoadableXmlAsset: Mote_BabyCryingDots

GAGARIN: Succeded in LoadableXmlAsset: TribeRoughNeanderthal

GAGARIN: Succeded in LoadableXmlAsset: PirateYttakin

GAGARIN: Succeded in LoadableXmlAsset: TribeSavageImpid

GAGARIN: Succeded in LoadableXmlAsset: OutlanderRoughPig

GAGARIN: Succeded in LoadableXmlAsset: PirateWaster

GAGARIN: Succeded in LoadableXmlAsset: Sanguophages

GAGARIN: Succeded in LoadableXmlAsset: NoxiousHaze

GAGARIN: Succeded in LoadableXmlAsset: Archite

GAGARIN: Succeded in LoadableXmlAsset: Ability

GAGARIN: Succeded in LoadableXmlAsset: Hemogen

GAGARIN: Succeded in LoadableXmlAsset: Healing

GAGARIN: Succeded in LoadableXmlAsset: Psychic

GAGARIN: Succeded in LoadableXmlAsset: Beauty

GAGARIN: Succeded in LoadableXmlAsset: Movement

GAGARIN: Succeded in LoadableXmlAsset: Mood

GAGARIN: Succeded in LoadableXmlAsset: Temperature

GAGARIN: Succeded in LoadableXmlAsset: ResistanceAndWeakness

GAGARIN: Succeded in LoadableXmlAsset: Violence

GAGARIN: Succeded in LoadableXmlAsset: Sleep

GAGARIN: Succeded in LoadableXmlAsset: Pain

GAGARIN: Succeded in LoadableXmlAsset: Cosmetic_Body

GAGARIN: Succeded in LoadableXmlAsset: Aptitudes

GAGARIN: Succeded in LoadableXmlAsset: Drugs

GAGARIN: Succeded in LoadableXmlAsset: Reproduction

GAGARIN: Succeded in LoadableXmlAsset: FireSpew

GAGARIN: Succeded in LoadableXmlAsset: FoamSpray

GAGARIN: Succeded in LoadableXmlAsset: LongjumpLegs

GAGARIN: Succeded in LoadableXmlAsset: AnimalWarcall

GAGARIN: Succeded in LoadableXmlAsset: Bloodfeeder

GAGARIN: Succeded in LoadableXmlAsset: Coagulate

GAGARIN: Succeded in LoadableXmlAsset: XenogermReimplanter

GAGARIN: Succeded in LoadableXmlAsset: PiercingSpine

GAGARIN: Succeded in LoadableXmlAsset: AcidSpray

GAGARIN: Succeded in LoadableXmlAsset: Hair_BaldOnly

GAGARIN: Succeded in LoadableXmlAsset: Hair_ShortOnly

GAGARIN: Succeded in LoadableXmlAsset: Hair_LongOnly

GAGARIN: Succeded in LoadableXmlAsset: Hair_Grayless

GAGARIN: Succeded in LoadableXmlAsset: Beard_BushyOnly

GAGARIN: Succeded in LoadableXmlAsset: Beard_NoBeardOnly

GAGARIN: Succeded in LoadableXmlAsset: Beard_Always

GAGARIN: Succeded in LoadableXmlAsset: Skin_InkBlack

GAGARIN: Succeded in LoadableXmlAsset: Skin_SlateGray

GAGARIN: Succeded in LoadableXmlAsset: Skin_LightGray

GAGARIN: Succeded in LoadableXmlAsset: Skin_SheerWhite

GAGARIN: Succeded in LoadableXmlAsset: Skin_Blue

GAGARIN: Succeded in LoadableXmlAsset: Skin_Purple

GAGARIN: Succeded in LoadableXmlAsset: Skin_PaleRed

GAGARIN: Succeded in LoadableXmlAsset: Skin_DeepRed

GAGARIN: Succeded in LoadableXmlAsset: Skin_PaleYellow

GAGARIN: Succeded in LoadableXmlAsset: Skin_DeepYellow

GAGARIN: Succeded in LoadableXmlAsset: Skin_Orange

GAGARIN: Succeded in LoadableXmlAsset: Skin_Green

GAGARIN: Succeded in LoadableXmlAsset: Furskin

GAGARIN: Succeded in LoadableXmlAsset: Eyes_Red

GAGARIN: Succeded in LoadableXmlAsset: Eyes_Gray

GAGARIN: Succeded in LoadableXmlAsset: Brow_Heavy

GAGARIN: Succeded in LoadableXmlAsset: Tail_Furry

GAGARIN: Succeded in LoadableXmlAsset: Tail_Smooth

GAGARIN: Succeded in LoadableXmlAsset: FacialRidges

GAGARIN: Succeded in LoadableXmlAsset: Body_Fat

GAGARIN: Succeded in LoadableXmlAsset: Body_Thin

GAGARIN: Succeded in LoadableXmlAsset: Body_Hulk

GAGARIN: Succeded in LoadableXmlAsset: Body_Standard

GAGARIN: Succeded in LoadableXmlAsset: Ears_Human

GAGARIN: Succeded in LoadableXmlAsset: Ears_Pig

GAGARIN: Succeded in LoadableXmlAsset: Ears_Floppy

GAGARIN: Succeded in LoadableXmlAsset: Ears_Cat

GAGARIN: Succeded in LoadableXmlAsset: Ears_Pointed

GAGARIN: Succeded in LoadableXmlAsset: Nose_Human

GAGARIN: Succeded in LoadableXmlAsset: Nose_Pig

GAGARIN: Succeded in LoadableXmlAsset: Jaw_Baseline

GAGARIN: Succeded in LoadableXmlAsset: Jaw_Heavy

GAGARIN: Succeded in LoadableXmlAsset: Head_Gaunt

GAGARIN: Succeded in LoadableXmlAsset: Hands_Human

GAGARIN: Succeded in LoadableXmlAsset: Hands_Pig

GAGARIN: Succeded in LoadableXmlAsset: ElongatedFingers

GAGARIN: Succeded in LoadableXmlAsset: Headbone_Human

GAGARIN: Succeded in LoadableXmlAsset: Headbone_MiniHorns

GAGARIN: Succeded in LoadableXmlAsset: Headbone_CenterHorn

GAGARIN: Succeded in LoadableXmlAsset: Voice_Human

GAGARIN: Succeded in LoadableXmlAsset: VoicePig

GAGARIN: Succeded in LoadableXmlAsset: VoiceRoar

GAGARIN: Succeded in LoadableXmlAsset: WoundHealing_Slow

GAGARIN: Succeded in LoadableXmlAsset: WoundHealing_Fast

GAGARIN: Succeded in LoadableXmlAsset: WoundHealing_SuperFast

GAGARIN: Succeded in LoadableXmlAsset: Immunity_Weak

GAGARIN: Succeded in LoadableXmlAsset: Immunity_Strong

GAGARIN: Succeded in LoadableXmlAsset: Immunity_SuperStrong

GAGARIN: Succeded in LoadableXmlAsset: ToxicEnvironmentResistance_Partial

GAGARIN: Succeded in LoadableXmlAsset: ToxicEnvironmentResistance_Total

GAGARIN: Succeded in LoadableXmlAsset: Sterile

GAGARIN: Succeded in LoadableXmlAsset: Fertile

GAGARIN: Succeded in LoadableXmlAsset: Superclotting

GAGARIN: Succeded in LoadableXmlAsset: KindInstinct

GAGARIN: Succeded in LoadableXmlAsset: ViolenceDisabled

GAGARIN: Succeded in LoadableXmlAsset: Nearsighted

GAGARIN: Succeded in LoadableXmlAsset: StrongStomach

GAGARIN: Succeded in LoadableXmlAsset: DarkVision

GAGARIN: Succeded in LoadableXmlAsset: CaveDweller

GAGARIN: Succeded in LoadableXmlAsset: KillThirst

GAGARIN: Succeded in LoadableXmlAsset: FireResistant

GAGARIN: Succeded in LoadableXmlAsset: Inbred

GAGARIN: Succeded in LoadableXmlAsset: RobustDigestion

GAGARIN: Succeded in LoadableXmlAsset: Instability_Mild

GAGARIN: Succeded in LoadableXmlAsset: Instability_Major

GAGARIN: Succeded in LoadableXmlAsset: PsychicBonding

GAGARIN: Succeded in LoadableXmlAsset: PollutionRush

GAGARIN: Succeded in LoadableXmlAsset: Unstoppable

GAGARIN: Succeded in LoadableXmlAsset: NakedSpeed

GAGARIN: Succeded in LoadableXmlAsset: WebbedPhalanges

GAGARIN: Succeded in LoadableXmlAsset: Hemogenic

GAGARIN: Succeded in LoadableXmlAsset: HemogenDrain

GAGARIN: Succeded in LoadableXmlAsset: FireWeakness

GAGARIN: Succeded in LoadableXmlAsset: FireTerror

GAGARIN: Succeded in LoadableXmlAsset: Pyrophobia

GAGARIN: Succeded in LoadableXmlAsset: PerfectImmunity

GAGARIN: Succeded in LoadableXmlAsset: DiseaseFree

GAGARIN: Succeded in LoadableXmlAsset: TotalHealing

GAGARIN: Succeded in LoadableXmlAsset: Deathrest

GAGARIN: Succeded in LoadableXmlAsset: Ageless

GAGARIN: Succeded in LoadableXmlAsset: Deathless

GAGARIN: Succeded in LoadableXmlAsset: ArchiteMetabolism

GAGARIN: Succeded in LoadableXmlAsset: MinTemp_SmallIncrease

GAGARIN: Succeded in LoadableXmlAsset: MinTemp_SmallDecrease

GAGARIN: Succeded in LoadableXmlAsset: MinTemp_LargeDecrease

GAGARIN: Succeded in LoadableXmlAsset: MaxTemp_LargeIncrease

GAGARIN: Succeded in LoadableXmlAsset: MaxTemp_SmallIncrease

GAGARIN: Succeded in LoadableXmlAsset: MaxTemp_SmallDecrease

GAGARIN: Succeded in LoadableXmlAsset: PsychicAbility_Deaf

GAGARIN: Succeded in LoadableXmlAsset: PsychicAbility_Dull

GAGARIN: Succeded in LoadableXmlAsset: PsychicAbility_Enhanced

GAGARIN: Succeded in LoadableXmlAsset: PsychicAbility_Extreme

GAGARIN: Succeded in LoadableXmlAsset: MoveSpeed_Slow

GAGARIN: Succeded in LoadableXmlAsset: MoveSpeed_Quick

GAGARIN: Succeded in LoadableXmlAsset: MoveSpeed_VeryQuick

GAGARIN: Succeded in LoadableXmlAsset: Beauty_VeryUgly

GAGARIN: Succeded in LoadableXmlAsset: Beauty_Ugly

GAGARIN: Succeded in LoadableXmlAsset: Beauty_Pretty

GAGARIN: Succeded in LoadableXmlAsset: Beauty_Beautiful

GAGARIN: Succeded in LoadableXmlAsset: Learning_Slow

GAGARIN: Succeded in LoadableXmlAsset: Learning_Fast

GAGARIN: Succeded in LoadableXmlAsset: Mood_Depressive

GAGARIN: Succeded in LoadableXmlAsset: Mood_Pessimist

GAGARIN: Succeded in LoadableXmlAsset: Mood_Optimist

GAGARIN: Succeded in LoadableXmlAsset: Mood_Sanguine

GAGARIN: Succeded in LoadableXmlAsset: ToxResist_Partial

GAGARIN: Succeded in LoadableXmlAsset: ToxResist_Total

GAGARIN: Succeded in LoadableXmlAsset: Delicate

GAGARIN: Succeded in LoadableXmlAsset: Robust

GAGARIN: Succeded in LoadableXmlAsset: Pain_Reduced

GAGARIN: Succeded in LoadableXmlAsset: Pain_Extra

GAGARIN: Succeded in LoadableXmlAsset: Aggression_DeadCalm

GAGARIN: Succeded in LoadableXmlAsset: Aggression_Aggressive

GAGARIN: Succeded in LoadableXmlAsset: Aggression_HyperAggressive

GAGARIN: Succeded in LoadableXmlAsset: VerySleepy

GAGARIN: Succeded in LoadableXmlAsset: Sleepy

GAGARIN: Succeded in LoadableXmlAsset: LowSleep

GAGARIN: Succeded in LoadableXmlAsset: Neversleep

GAGARIN: Succeded in LoadableXmlAsset: MeleeDamage_Weak

GAGARIN: Succeded in LoadableXmlAsset: MeleeDamage_Strong

GAGARIN: Succeded in LoadableXmlAsset: UVSensitivity_Mild

GAGARIN: Succeded in LoadableXmlAsset: UVSensitivity_Intense

GAGARIN: Succeded in LoadableXmlAsset: Libido_Low

GAGARIN: Succeded in LoadableXmlAsset: Libido_High

GAGARIN: Succeded in LoadableXmlAsset: AptitudeTerrible

GAGARIN: Succeded in LoadableXmlAsset: AptitudePoor

GAGARIN: Succeded in LoadableXmlAsset: AptitudeStrong

GAGARIN: Succeded in LoadableXmlAsset: AptitudeRemarkable

GAGARIN: Succeded in LoadableXmlAsset: ChemicalDependency

GAGARIN: Succeded in LoadableXmlAsset: AddictionResistant

GAGARIN: Succeded in LoadableXmlAsset: AddictionImmune

GAGARIN: Succeded in LoadableXmlAsset: Baseliner

GAGARIN: Succeded in LoadableXmlAsset: Dirtmole

GAGARIN: Succeded in LoadableXmlAsset: Genie

GAGARIN: Succeded in LoadableXmlAsset: Hussar

GAGARIN: Succeded in LoadableXmlAsset: Sanguophage

GAGARIN: Succeded in LoadableXmlAsset: Neanderthal

GAGARIN: Succeded in LoadableXmlAsset: Pigskin

GAGARIN: Succeded in LoadableXmlAsset: Impid

GAGARIN: Succeded in LoadableXmlAsset: Waster

GAGARIN: Succeded in LoadableXmlAsset: Yttakin

GAGARIN: Succeded in LoadableXmlAsset: Highmate

GAGARIN: Succeded in LoadableXmlAsset: Basic

GAGARIN: Succeded in LoadableXmlAsset: Crown

GAGARIN: Succeded in LoadableXmlAsset: Horn

GAGARIN: Succeded in LoadableXmlAsset: Ears

GAGARIN: Succeded in LoadableXmlAsset: Frown

GAGARIN: Succeded in LoadableXmlAsset: Skull

GAGARIN: Succeded in LoadableXmlAsset: SkullThin

GAGARIN: Succeded in LoadableXmlAsset: Crescent

GAGARIN: Succeded in LoadableXmlAsset: Lop

GAGARIN: Succeded in LoadableXmlAsset: Rect

GAGARIN: Succeded in LoadableXmlAsset: Furred

GAGARIN: Succeded in LoadableXmlAsset: Gaunt

GAGARIN: Succeded in LoadableXmlAsset: Male_HeavyJawNormal

GAGARIN: Succeded in LoadableXmlAsset: Female_HeavyJawNormal

GAGARIN: Succeded in LoadableXmlAsset: Furskin_Average1

GAGARIN: Succeded in LoadableXmlAsset: Furskin_Average2

GAGARIN: Succeded in LoadableXmlAsset: Furskin_Average3

GAGARIN: Succeded in LoadableXmlAsset: Furskin_Gaunt

GAGARIN: Succeded in LoadableXmlAsset: Furskin_Narrow1

GAGARIN: Succeded in LoadableXmlAsset: Furskin_Narrow2

GAGARIN: Succeded in LoadableXmlAsset: Furskin_Narrow3

GAGARIN: Succeded in LoadableXmlAsset: Furskin_Heavy1

GAGARIN: Succeded in LoadableXmlAsset: Furskin_Heavy2

GAGARIN: Succeded in LoadableXmlAsset: Furskin_Heavy3

GAGARIN: Succeded in LoadableXmlAsset: DetoxifierLung

GAGARIN: Succeded in LoadableXmlAsset: DetoxifierLung

GAGARIN: Succeded in LoadableXmlAsset: InstallDetoxifierLung

GAGARIN: Succeded in LoadableXmlAsset: DetoxifierKidney

GAGARIN: Succeded in LoadableXmlAsset: DetoxifierKidney

GAGARIN: Succeded in LoadableXmlAsset: InstallDetoxifierKidney

GAGARIN: Succeded in LoadableXmlAsset: PregnantHuman

GAGARIN: Succeded in LoadableXmlAsset: MorningSickness

GAGARIN: Succeded in LoadableXmlAsset: PregnancyMood

GAGARIN: Succeded in LoadableXmlAsset: PregnancyLabor

GAGARIN: Succeded in LoadableXmlAsset: PregnancyLaborPushing

GAGARIN: Succeded in LoadableXmlAsset: PostpartumExhaustion

GAGARIN: Succeded in LoadableXmlAsset: Stillborn

GAGARIN: Succeded in LoadableXmlAsset: InfantIllness

GAGARIN: Succeded in LoadableXmlAsset: Lactating

GAGARIN: Succeded in LoadableXmlAsset: OvumExtracted

GAGARIN: Succeded in LoadableXmlAsset: PollutionStimulus

GAGARIN: Succeded in LoadableXmlAsset: Vasectomy

GAGARIN: Succeded in LoadableXmlAsset: ImplantedIUD

GAGARIN: Succeded in LoadableXmlAsset: TubalLigation

GAGARIN: Succeded in LoadableXmlAsset: BloodfeederMark

GAGARIN: Succeded in LoadableXmlAsset: ToxGasExposure

GAGARIN: Succeded in LoadableXmlAsset: Mechlink

GAGARIN: Succeded in LoadableXmlAsset: MechlinkImplant

GAGARIN: Succeded in LoadableXmlAsset: BandNode

GAGARIN: Succeded in LoadableXmlAsset: ControlSublink

GAGARIN: Succeded in LoadableXmlAsset: ControlSublinkHigh

GAGARIN: Succeded in LoadableXmlAsset: ControlSublinkImplant

GAGARIN: Succeded in LoadableXmlAsset: RemoteRepairer

GAGARIN: Succeded in LoadableXmlAsset: RemoteRepairerImplant

GAGARIN: Succeded in LoadableXmlAsset: RemoteRepair

GAGARIN: Succeded in LoadableXmlAsset: MechFormfeeder

GAGARIN: Succeded in LoadableXmlAsset: MechFormfeederImplant

GAGARIN: Succeded in LoadableXmlAsset: RemoteShielder

GAGARIN: Succeded in LoadableXmlAsset: RemoteShielderImplant

GAGARIN: Succeded in LoadableXmlAsset: RemoteShield

GAGARIN: Succeded in LoadableXmlAsset: RepairProbe

GAGARIN: Succeded in LoadableXmlAsset: RepairProbeImplant

GAGARIN: Succeded in LoadableXmlAsset: SelfShutdown

GAGARIN: Succeded in LoadableXmlAsset: Deathrest

GAGARIN: Succeded in LoadableXmlAsset: InterruptedDeathrest

GAGARIN: Succeded in LoadableXmlAsset: DeathrestExhaustion

GAGARIN: Succeded in LoadableXmlAsset: HemogenCraving

GAGARIN: Succeded in LoadableXmlAsset: RegenerationComa

GAGARIN: Succeded in LoadableXmlAsset: XenogerminationComa

GAGARIN: Succeded in LoadableXmlAsset: XenogermLossShock

GAGARIN: Succeded in LoadableXmlAsset: XenogermReplicating

GAGARIN: Succeded in LoadableXmlAsset: GeneticDrugNeed

GAGARIN: Succeded in LoadableXmlAsset: BioStarvation

GAGARIN: Succeded in LoadableXmlAsset: VatLearning

GAGARIN: Succeded in LoadableXmlAsset: VatGrowing

GAGARIN: Succeded in LoadableXmlAsset: ScanningSickness

GAGARIN: Succeded in LoadableXmlAsset: PsychicBond

GAGARIN: Succeded in LoadableXmlAsset: PsychicBondTorn

GAGARIN: Succeded in LoadableXmlAsset: PollutedNearbySite

GAGARIN: Succeded in LoadableXmlAsset: PollutedBase

GAGARIN: Succeded in LoadableXmlAsset: ToxicWasteDumping

GAGARIN: Succeded in LoadableXmlAsset: AbsorbedXenogerm

GAGARIN: Succeded in LoadableXmlAsset: ExtractedHemogenPack

GAGARIN: Succeded in LoadableXmlAsset: MechBandShockwave

GAGARIN: Succeded in LoadableXmlAsset: GiveQuest_AncientComplex_Mechanitor

GAGARIN: Succeded in LoadableXmlAsset: RefugeePodCrash_Baby

GAGARIN: Succeded in LoadableXmlAsset: PoluxTreeSpawn

GAGARIN: Succeded in LoadableXmlAsset: SanguophageChat

GAGARIN: Succeded in LoadableXmlAsset: BabyPlay

GAGARIN: Succeded in LoadableXmlAsset: LessonInteractionTeachingAdverbs

GAGARIN: Succeded in LoadableXmlAsset: LessonInteractionTeachingVerbs

GAGARIN: Succeded in LoadableXmlAsset: LessonInteractionCommonSituations

GAGARIN: Succeded in LoadableXmlAsset: LessonInteractionHowTo

GAGARIN: Succeded in LoadableXmlAsset: LessonInteractionTeachSubjectTo

GAGARIN: Succeded in LoadableXmlAsset: LessonInteractionStudySubjectWith

GAGARIN: Succeded in LoadableXmlAsset: LessonInteractionQuiz

GAGARIN: Succeded in LoadableXmlAsset: LessonShooting

GAGARIN: Succeded in LoadableXmlAsset: LessonMelee

GAGARIN: Succeded in LoadableXmlAsset: LessonConstruction

GAGARIN: Succeded in LoadableXmlAsset: LessonMining

GAGARIN: Succeded in LoadableXmlAsset: LessonCooking

GAGARIN: Succeded in LoadableXmlAsset: LessonPlants

GAGARIN: Succeded in LoadableXmlAsset: LessonAnimals

GAGARIN: Succeded in LoadableXmlAsset: LessonCrafting

GAGARIN: Succeded in LoadableXmlAsset: LessonArtistic

GAGARIN: Succeded in LoadableXmlAsset: LessonMedicine

GAGARIN: Succeded in LoadableXmlAsset: LessonSocial

GAGARIN: Succeded in LoadableXmlAsset: LessonIntellectual

GAGARIN: Succeded in LoadableXmlAsset: LessonGeneric

GAGARIN: Succeded in LoadableXmlAsset: BottleFeedBaby

GAGARIN: Succeded in LoadableXmlAsset: Breastfeed

GAGARIN: Succeded in LoadableXmlAsset: BreastfeedCarryToMom

GAGARIN: Succeded in LoadableXmlAsset: BringBabyToSafety

GAGARIN: Succeded in LoadableXmlAsset: BringBabyToSafetyUnforced

GAGARIN: Succeded in LoadableXmlAsset: CarryToMomAfterBirth

GAGARIN: Succeded in LoadableXmlAsset: FertilizeOvum

GAGARIN: Succeded in LoadableXmlAsset: BabySuckle

GAGARIN: Succeded in LoadableXmlAsset: BabyPlay

GAGARIN: Succeded in LoadableXmlAsset: Skydreaming

GAGARIN: Succeded in LoadableXmlAsset: NatureRunning

GAGARIN: Succeded in LoadableXmlAsset: Radiotalking

GAGARIN: Succeded in LoadableXmlAsset: Floordrawing

GAGARIN: Succeded in LoadableXmlAsset: Workwatching

GAGARIN: Succeded in LoadableXmlAsset: Lessontaking

GAGARIN: Succeded in LoadableXmlAsset: Lessongiving

GAGARIN: Succeded in LoadableXmlAsset: InstallMechlink

GAGARIN: Succeded in LoadableXmlAsset: RemoveMechlink

GAGARIN: Succeded in LoadableXmlAsset: MechCharge

GAGARIN: Succeded in LoadableXmlAsset: HaulMechToCharger

GAGARIN: Succeded in LoadableXmlAsset: RepairMech

GAGARIN: Succeded in LoadableXmlAsset: RepairMechRemote

GAGARIN: Succeded in LoadableXmlAsset: ShieldMech

GAGARIN: Succeded in LoadableXmlAsset: ControlMech

GAGARIN: Succeded in LoadableXmlAsset: DisassembleMech

GAGARIN: Succeded in LoadableXmlAsset: PrisonerBloodfeed

GAGARIN: Succeded in LoadableXmlAsset: Deathrest

GAGARIN: Succeded in LoadableXmlAsset: CreateXenogerm

GAGARIN: Succeded in LoadableXmlAsset: EnterBuilding

GAGARIN: Succeded in LoadableXmlAsset: CarryToBuilding

GAGARIN: Succeded in LoadableXmlAsset: AbsorbXenogerm

GAGARIN: Succeded in LoadableXmlAsset: GetReimplanted

GAGARIN: Succeded in LoadableXmlAsset: CarryGenepackToContainer

GAGARIN: Succeded in LoadableXmlAsset: CastAbilityOnThingWithoutWeapon

GAGARIN: Succeded in LoadableXmlAsset: CastAbilityOnThingWithoutWeaponInterruptible

GAGARIN: Succeded in LoadableXmlAsset: CastAbilityGoToThing

GAGARIN: Succeded in LoadableXmlAsset: Wait_WithSleeping

GAGARIN: Succeded in LoadableXmlAsset: ReleaseMechs

GAGARIN: Succeded in LoadableXmlAsset: SelfShutdown

GAGARIN: Succeded in LoadableXmlAsset: ReadDatacore

GAGARIN: Succeded in LoadableXmlAsset: ClearPollution

GAGARIN: Succeded in LoadableXmlAsset: TryRomance

GAGARIN: Succeded in LoadableXmlAsset: PlayStatic

GAGARIN: Succeded in LoadableXmlAsset: PlayWalking

GAGARIN: Succeded in LoadableXmlAsset: PlayToys

GAGARIN: Succeded in LoadableXmlAsset: EmptyWasteContainer

GAGARIN: Succeded in LoadableXmlAsset: HaulToAtomizer

GAGARIN: Succeded in LoadableXmlAsset: AncientComplex_Mechanitor_Loot

GAGARIN: Succeded in LoadableXmlAsset: AncientRechargeRoom

GAGARIN: Succeded in LoadableXmlAsset: AncientMechGestatorRoom

GAGARIN: Succeded in LoadableXmlAsset: AncientMechGeneratorRoom

GAGARIN: Succeded in LoadableXmlAsset: AncientBandNodeRoom

GAGARIN: Succeded in LoadableXmlAsset: Skydreaming

GAGARIN: Succeded in LoadableXmlAsset: Radiotalking

GAGARIN: Succeded in LoadableXmlAsset: Floordrawing

GAGARIN: Succeded in LoadableXmlAsset: NatureRunning

GAGARIN: Succeded in LoadableXmlAsset: Workwatching

GAGARIN: Succeded in LoadableXmlAsset: Lessontaking

GAGARIN: Succeded in LoadableXmlAsset: Reading

GAGARIN: Succeded in LoadableXmlAsset: Mechs

GAGARIN: Succeded in LoadableXmlAsset: AncientExostriderRemains

GAGARIN: Succeded in LoadableXmlAsset: PoluxTrees

GAGARIN: Succeded in LoadableXmlAsset: Pollution

GAGARIN: Succeded in LoadableXmlAsset: AncientPollutionJunk

GAGARIN: Succeded in LoadableXmlAsset: Pollution

GAGARIN: Succeded in LoadableXmlAsset: Bloodfeeding

GAGARIN: Succeded in LoadableXmlAsset: Crying

GAGARIN: Succeded in LoadableXmlAsset: Giggling

GAGARIN: Succeded in LoadableXmlAsset: Crying

GAGARIN: Succeded in LoadableXmlAsset: Giggling

GAGARIN: Succeded in LoadableXmlAsset: FireTerror

GAGARIN: Succeded in LoadableXmlAsset: PanicFleeFire

GAGARIN: Succeded in LoadableXmlAsset: BerserkWarcall

GAGARIN: Succeded in LoadableXmlAsset: BabyCry

GAGARIN: Succeded in LoadableXmlAsset: BabyBirth

GAGARIN: Succeded in LoadableXmlAsset: BabyToChild

GAGARIN: Succeded in LoadableXmlAsset: Bossgroup

GAGARIN: Succeded in LoadableXmlAsset: HumanPregnancy

GAGARIN: Succeded in LoadableXmlAsset: ChildBirthday

GAGARIN: Succeded in LoadableXmlAsset: ChildToAdult

GAGARIN: Succeded in LoadableXmlAsset: Biotech

GAGARIN: Succeded in LoadableXmlAsset: Furskin

GAGARIN: Succeded in LoadableXmlAsset: Work

GAGARIN: Succeded in LoadableXmlAsset: Escort

GAGARIN: Succeded in LoadableXmlAsset: Recharge

GAGARIN: Succeded in LoadableXmlAsset: SelfShutdown

GAGARIN: Succeded in LoadableXmlAsset: MoteMechGestatorGlow

GAGARIN: Succeded in LoadableXmlAsset: MotePollutionPump

GAGARIN: Succeded in LoadableXmlAsset: MoteSoftScannerGlow

GAGARIN: Succeded in LoadableXmlAsset: MoteSubcoreEncoder

GAGARIN: Succeded in LoadableXmlAsset: MoteGlowParentRotation

GAGARIN: Succeded in LoadableXmlAsset: MotePawnBodyColor

GAGARIN: Succeded in LoadableXmlAsset: MotePawnBodyGlow

GAGARIN: Succeded in LoadableXmlAsset: PollutionCloud

GAGARIN: Succeded in LoadableXmlAsset: TerrainWaterPolluted

GAGARIN: Succeded in LoadableXmlAsset: TerrainFadeRoughLinearBurn

GAGARIN: Succeded in LoadableXmlAsset: MoteGradientScan

GAGARIN: Succeded in LoadableXmlAsset: RitualSmokeNoMask

GAGARIN: Succeded in LoadableXmlAsset: TransparentShaking

GAGARIN: Succeded in LoadableXmlAsset: TransparentColoredMask

GAGARIN: Succeded in LoadableXmlAsset: MoteGlowCircularScrollingDistortion

GAGARIN: Succeded in LoadableXmlAsset: MoteApocritonPulse

GAGARIN: Succeded in LoadableXmlAsset: Deathrest

GAGARIN: Succeded in LoadableXmlAsset: KillThirst

GAGARIN: Succeded in LoadableXmlAsset: Learning

GAGARIN: Succeded in LoadableXmlAsset: Play

GAGARIN: Succeded in LoadableXmlAsset: MechEnergy

GAGARIN: Succeded in LoadableXmlAsset: Xenotype

GAGARIN: Succeded in LoadableXmlAsset: Energy

GAGARIN: Succeded in LoadableXmlAsset: AutoRepair

GAGARIN: Succeded in LoadableXmlAsset: Overseer

GAGARIN: Succeded in LoadableXmlAsset: ControlGroup

GAGARIN: Succeded in LoadableXmlAsset: WorkMode

GAGARIN: Succeded in LoadableXmlAsset: AllowedAreaMech

GAGARIN: Succeded in LoadableXmlAsset: DraftMech

GAGARIN: Succeded in LoadableXmlAsset: Tribal_Archer_Fire

GAGARIN: Succeded in LoadableXmlAsset: Tribal_Hunter_Fire

GAGARIN: Succeded in LoadableXmlAsset: Tribal_Warrior_Fire

GAGARIN: Succeded in LoadableXmlAsset: Tribal_Penitent_Fire

GAGARIN: Succeded in LoadableXmlAsset: Tribal_Child_Fire

GAGARIN: Succeded in LoadableXmlAsset: Villager_Pig

GAGARIN: Succeded in LoadableXmlAsset: Villager_Child_Pig

GAGARIN: Succeded in LoadableXmlAsset: Town_Guard_Pig

GAGARIN: Succeded in LoadableXmlAsset: Town_Councilman_Pig

GAGARIN: Succeded in LoadableXmlAsset: Town_Trader_Pig

GAGARIN: Succeded in LoadableXmlAsset: Mercenary_Gunner_Pig

GAGARIN: Succeded in LoadableXmlAsset: Mercenary_Elite_Pig

GAGARIN: Succeded in LoadableXmlAsset: Mechanitor

GAGARIN: Succeded in LoadableXmlAsset: Mechanitor_Basic

GAGARIN: Succeded in LoadableXmlAsset: Sanguophage

GAGARIN: Succeded in LoadableXmlAsset: Sanguophage_Player

GAGARIN: Succeded in LoadableXmlAsset: SanguophageThrall

GAGARIN: Succeded in LoadableXmlAsset: Villager_Child

GAGARIN: Succeded in LoadableXmlAsset: Tribal_Child

GAGARIN: Succeded in LoadableXmlAsset: Mercenary_GunnerTox

GAGARIN: Succeded in LoadableXmlAsset: Mercenary_SlasherTox

GAGARIN: Succeded in LoadableXmlAsset: Mercenary_EliteTox

GAGARIN: Succeded in LoadableXmlAsset: Grenadier_Tox

GAGARIN: Succeded in LoadableXmlAsset: Mercenary_HeavyTox

GAGARIN: Succeded in LoadableXmlAsset: PirateBossTox

GAGARIN: Succeded in LoadableXmlAsset: Pirate_Yttakin

GAGARIN: Succeded in LoadableXmlAsset: Scavenger_Yttakin

GAGARIN: Succeded in LoadableXmlAsset: Drifter_Yttakin

GAGARIN: Succeded in LoadableXmlAsset: Thrasher_Yttakin

GAGARIN: Succeded in LoadableXmlAsset: Mercenary_Gunner_Yttakin

GAGARIN: Succeded in LoadableXmlAsset: Mercenary_Heavy_Yttakin

GAGARIN: Succeded in LoadableXmlAsset: Mercenary_Slasher_Yttakin

GAGARIN: Succeded in LoadableXmlAsset: Mercenary_Sniper_Yttakin

GAGARIN: Succeded in LoadableXmlAsset: Mercenary_Elite_Yttakin

GAGARIN: Succeded in LoadableXmlAsset: ParentBirth

GAGARIN: Succeded in LoadableXmlAsset: Overseer

GAGARIN: Succeded in LoadableXmlAsset: Mechs

GAGARIN: Succeded in LoadableXmlAsset: Bloodfeeders

GAGARIN: Succeded in LoadableXmlAsset: BloodfeederDied

GAGARIN: Succeded in LoadableXmlAsset: PropagateBloodfeederGene

GAGARIN: Succeded in LoadableXmlAsset: Bloodfeeders_Revered

GAGARIN: Succeded in LoadableXmlAsset: Bloodfeeders_Reviled

GAGARIN: Succeded in LoadableXmlAsset: Bloodfeeders_Revered_Opinion_Bloodfeeder

GAGARIN: Succeded in LoadableXmlAsset: Bloodfeeders_Reviled_Opinion_Bloodfeeder

GAGARIN: Succeded in LoadableXmlAsset: BloodfeederDied_Revered

GAGARIN: Succeded in LoadableXmlAsset: BloodfeederDied_Reviled

GAGARIN: Succeded in LoadableXmlAsset: Bloodfeeder_ReveredBloodfeeder

GAGARIN: Succeded in LoadableXmlAsset: Bloodfeeder_ReviledBloodfeeder

GAGARIN: Succeded in LoadableXmlAsset: BloodfeederColonist_Revered

GAGARIN: Succeded in LoadableXmlAsset: BloodfeederColonist_Reviled

GAGARIN: Succeded in LoadableXmlAsset: ChildLabor

GAGARIN: Succeded in LoadableXmlAsset: ChildLabor_Encouraged

GAGARIN: Succeded in LoadableXmlAsset: ChildLabor_Disapproved

GAGARIN: Succeded in LoadableXmlAsset: ChildLabor_Encouraged_ChildAssignedRecreation

GAGARIN: Succeded in LoadableXmlAsset: ChildLabor_Encouraged_ChildAssignedWork

GAGARIN: Succeded in LoadableXmlAsset: GrowthVat

GAGARIN: Succeded in LoadableXmlAsset: GrowthVat_Essential

GAGARIN: Succeded in LoadableXmlAsset: GrowthVat_Prohibited

GAGARIN: Succeded in LoadableXmlAsset: GrowthVat_Essential_Pregnant

GAGARIN: Succeded in LoadableXmlAsset: GrowthVat_Essential_ChildNotInGrowthVat

GAGARIN: Succeded in LoadableXmlAsset: GrowthVat_Prohibited_ChildNotInGrowthVat

GAGARIN: Succeded in LoadableXmlAsset: GrowthVat_Prohibited_GrowthVatInColony

GAGARIN: Succeded in LoadableXmlAsset: GrowthVat_Prohibited_ChildInGrowthVat

GAGARIN: Succeded in LoadableXmlAsset: MechanoidLabor

GAGARIN: Succeded in LoadableXmlAsset: MechanoidLabor_Enhanced

GAGARIN: Succeded in LoadableXmlAsset: ChildBirth

GAGARIN: Succeded in LoadableXmlAsset: PreferredXenotypes

GAGARIN: Succeded in LoadableXmlAsset: BecomeNonPreferredXenotype

GAGARIN: Succeded in LoadableXmlAsset: PreferredXenotype

GAGARIN: Succeded in LoadableXmlAsset: PreferredXenotype

GAGARIN: Succeded in LoadableXmlAsset: PreferredXenotypeMakeup

GAGARIN: Succeded in LoadableXmlAsset: SelfDislikedXenotype

GAGARIN: Succeded in LoadableXmlAsset: Blood_Worshippers

GAGARIN: Succeded in LoadableXmlAsset: AncientLargeMechGestator

GAGARIN: Succeded in LoadableXmlAsset: AncientMechGestator_Cluster

GAGARIN: Succeded in LoadableXmlAsset: AncientBandNode_Cluster

GAGARIN: Succeded in LoadableXmlAsset: AncientBasicRecharger_Edge

GAGARIN: Succeded in LoadableXmlAsset: AncientStandardRecharger

GAGARIN: Succeded in LoadableXmlAsset: Bloodfeed

GAGARIN: Succeded in LoadableXmlAsset: HemogenFarm

GAGARIN: Succeded in LoadableXmlAsset: Bossgroup

GAGARIN: Succeded in LoadableXmlAsset: OpportunitySite_AncientComplex_Mechanitor

GAGARIN: Succeded in LoadableXmlAsset: MechanitorShip

GAGARIN: Succeded in LoadableXmlAsset: PollutionDump

GAGARIN: Succeded in LoadableXmlAsset: PollutionRaid

GAGARIN: Succeded in LoadableXmlAsset: PollutionRetaliation

GAGARIN: Succeded in LoadableXmlAsset: SanguophageMeetingHost

GAGARIN: Succeded in LoadableXmlAsset: SanguophageShip

GAGARIN: Succeded in LoadableXmlAsset: MechanitorStartingMech

GAGARIN: Succeded in LoadableXmlAsset: RefugeePodCrash_Baby

GAGARIN: Succeded in LoadableXmlAsset: Make_BabyFood

GAGARIN: Succeded in LoadableXmlAsset: Make_BabyFoodBulk

GAGARIN: Succeded in LoadableXmlAsset: Tunneler

GAGARIN: Succeded in LoadableXmlAsset: CentipedeGunner

GAGARIN: Succeded in LoadableXmlAsset: CentipedeBurner

GAGARIN: Succeded in LoadableXmlAsset: Diabolus

GAGARIN: Succeded in LoadableXmlAsset: Militor

GAGARIN: Succeded in LoadableXmlAsset: Lifter

GAGARIN: Succeded in LoadableXmlAsset: Constructoid

GAGARIN: Succeded in LoadableXmlAsset: Fabricor

GAGARIN: Succeded in LoadableXmlAsset: Agrihand

GAGARIN: Succeded in LoadableXmlAsset: Cleansweeper

GAGARIN: Succeded in LoadableXmlAsset: Paramedic

GAGARIN: Succeded in LoadableXmlAsset: Scyther

GAGARIN: Succeded in LoadableXmlAsset: Pikeman

GAGARIN: Succeded in LoadableXmlAsset: Lancer

GAGARIN: Succeded in LoadableXmlAsset: CentipedeBlaster

GAGARIN: Succeded in LoadableXmlAsset: Legionary

GAGARIN: Succeded in LoadableXmlAsset: Tesseron

GAGARIN: Succeded in LoadableXmlAsset: Scorcher

GAGARIN: Succeded in LoadableXmlAsset: Centurion

GAGARIN: Succeded in LoadableXmlAsset: Warqueen

GAGARIN: Succeded in LoadableXmlAsset: ResurrectLightMech

GAGARIN: Succeded in LoadableXmlAsset: ResurrectMediumMech

GAGARIN: Succeded in LoadableXmlAsset: ResurrectHeavyMech

GAGARIN: Succeded in LoadableXmlAsset: ResurrectUltraheavyMech

GAGARIN: Succeded in LoadableXmlAsset: ExtractHemogenPack

GAGARIN: Succeded in LoadableXmlAsset: ImplantXenogerm

GAGARIN: Succeded in LoadableXmlAsset: TerminatePregnancy

GAGARIN: Succeded in LoadableXmlAsset: ExtractOvum

GAGARIN: Succeded in LoadableXmlAsset: ImplantEmbryo

GAGARIN: Succeded in LoadableXmlAsset: TubalLigation

GAGARIN: Succeded in LoadableXmlAsset: Vasectomy

GAGARIN: Succeded in LoadableXmlAsset: ReverseVasectomy

GAGARIN: Succeded in LoadableXmlAsset: ImplantIUD

GAGARIN: Succeded in LoadableXmlAsset: RemoveIUD

GAGARIN: Succeded in LoadableXmlAsset: BloodTransfusion

GAGARIN: Succeded in LoadableXmlAsset: ImplantXenogerm

GAGARIN: Succeded in LoadableXmlAsset: TimeAsChildInColony

GAGARIN: Succeded in LoadableXmlAsset: BasicMechtech

GAGARIN: Succeded in LoadableXmlAsset: StandardMechtech

GAGARIN: Succeded in LoadableXmlAsset: HighMechtech

GAGARIN: Succeded in LoadableXmlAsset: UltraMechtech

GAGARIN: Succeded in LoadableXmlAsset: WastepackAtomizer

GAGARIN: Succeded in LoadableXmlAsset: ToxifierGenerator

GAGARIN: Succeded in LoadableXmlAsset: Xenogermination

GAGARIN: Succeded in LoadableXmlAsset: GeneProcessor

GAGARIN: Succeded in LoadableXmlAsset: Archogenetics

GAGARIN: Succeded in LoadableXmlAsset: Deathrest

GAGARIN: Succeded in LoadableXmlAsset: FertilityProcedures

GAGARIN: Succeded in LoadableXmlAsset: ToxGas

GAGARIN: Succeded in LoadableXmlAsset: ToxFiltration

GAGARIN: Succeded in LoadableXmlAsset: GrowthVats

GAGARIN: Succeded in LoadableXmlAsset: ChildBirth

GAGARIN: Succeded in LoadableXmlAsset: ChildBirth

GAGARIN: Succeded in LoadableXmlAsset: ChildBirth

GAGARIN: Succeded in LoadableXmlAsset: ChildBirth

GAGARIN: Succeded in LoadableXmlAsset: Nursery

GAGARIN: Succeded in LoadableXmlAsset: Playroom

GAGARIN: Succeded in LoadableXmlAsset: Classroom

GAGARIN: Succeded in LoadableXmlAsset: DeathrestChamber

GAGARIN: Succeded in LoadableXmlAsset: AssemblySpeedFactor

GAGARIN: Succeded in LoadableXmlAsset: AncientComplex_Mechanitor

GAGARIN: Succeded in LoadableXmlAsset: Unpollute

GAGARIN: Succeded in LoadableXmlAsset: Damage_MechBandShockwave

GAGARIN: Succeded in LoadableXmlAsset: NamerGenepack

GAGARIN: Succeded in LoadableXmlAsset: NamerXenotype

GAGARIN: Succeded in LoadableXmlAsset: GrowthMomentFlavor

GAGARIN: Succeded in LoadableXmlAsset: NeanderthalUtility

GAGARIN: Succeded in LoadableXmlAsset: NamerFactionTribalNeanderthal

GAGARIN: Succeded in LoadableXmlAsset: NamerSettlementTribalNeaderthal

GAGARIN: Succeded in LoadableXmlAsset: ImpidUtility

GAGARIN: Succeded in LoadableXmlAsset: NamerFactionTribalImpid

GAGARIN: Succeded in LoadableXmlAsset: NamerSettlementTribalImpid

GAGARIN: Succeded in LoadableXmlAsset: YttakinUtility

GAGARIN: Succeded in LoadableXmlAsset: NamerFactionPirateYttakin

GAGARIN: Succeded in LoadableXmlAsset: NamerSettlementPirateYttakin

GAGARIN: Succeded in LoadableXmlAsset: NamerFactionOutlanderPig

GAGARIN: Succeded in LoadableXmlAsset: NamerSettlementOutlanderPig

GAGARIN: Succeded in LoadableXmlAsset: WasterUtility

GAGARIN: Succeded in LoadableXmlAsset: NamerFactionPirateWaster

GAGARIN: Succeded in LoadableXmlAsset: NamerSettlementPirateWaster

GAGARIN: Succeded in LoadableXmlAsset: NamerMech

GAGARIN: Succeded in LoadableXmlAsset: NamerPersonPigskin

GAGARIN: Succeded in LoadableXmlAsset: NamerPersonImpid

GAGARIN: Succeded in LoadableXmlAsset: NamerPersonYttakin

GAGARIN: Succeded in LoadableXmlAsset: NamerPersonWaster

GAGARIN: Succeded in LoadableXmlAsset: NamerPersonDirtmole_Male

GAGARIN: Succeded in LoadableXmlAsset: NamerPersonDirtmole_Female

GAGARIN: Succeded in LoadableXmlAsset: Mechanitor

GAGARIN: Succeded in LoadableXmlAsset: Sanguophage

GAGARIN: Succeded in LoadableXmlAsset: StartingMech

GAGARIN: Succeded in LoadableXmlAsset: ConfigurePawnsKindDefs

GAGARIN: Succeded in LoadableXmlAsset: ConfigurePawnsXenotypes

GAGARIN: Succeded in LoadableXmlAsset: DisableExostriderRemains

GAGARIN: Succeded in LoadableXmlAsset: AncientComplex_Mechanitor

GAGARIN: Succeded in LoadableXmlAsset: AncientComplex_Mechanitor

GAGARIN: Succeded in LoadableXmlAsset: AncientRechargeRoom

GAGARIN: Succeded in LoadableXmlAsset: AncientMechGestatorRoom

GAGARIN: Succeded in LoadableXmlAsset: AncientMechGeneratorRoom

GAGARIN: Succeded in LoadableXmlAsset: AncientBandNodeRoom

GAGARIN: Succeded in LoadableXmlAsset: SubcoreSoftscanner_Start

GAGARIN: Succeded in LoadableXmlAsset: SubcoreSoftscanner_Complete

GAGARIN: Succeded in LoadableXmlAsset: SubcoreRipscanner_Start

GAGARIN: Succeded in LoadableXmlAsset: SubcoreRipscanner_Complete

GAGARIN: Succeded in LoadableXmlAsset: GrowthVat_Open

GAGARIN: Succeded in LoadableXmlAsset: GrowthVat_Close

GAGARIN: Succeded in LoadableXmlAsset: GeneAssembler_Complete

GAGARIN: Succeded in LoadableXmlAsset: BandNodeTuning_Complete

GAGARIN: Succeded in LoadableXmlAsset: Toxifier_Pollute

GAGARIN: Succeded in LoadableXmlAsset: MechGestatorCycle_Started

GAGARIN: Succeded in LoadableXmlAsset: MechGestatorBill_Completed

GAGARIN: Succeded in LoadableXmlAsset: MechGestator_MaterialInserted

GAGARIN: Succeded in LoadableXmlAsset: WastepackAtomizer_Atomized

GAGARIN: Succeded in LoadableXmlAsset: WastepackAtomizer_MaterialInserted

GAGARIN: Succeded in LoadableXmlAsset: MechChargerCharging

GAGARIN: Succeded in LoadableXmlAsset: GeneAssembler_Working

GAGARIN: Succeded in LoadableXmlAsset: GrowthVat_Working

GAGARIN: Succeded in LoadableXmlAsset: GeneExtractor_Working

GAGARIN: Succeded in LoadableXmlAsset: BandNodeTuning_Ambience

GAGARIN: Succeded in LoadableXmlAsset: BandNodeTuned_Ambience

GAGARIN: Succeded in LoadableXmlAsset: MechBooster_Working

GAGARIN: Succeded in LoadableXmlAsset: Toxifier_Working

GAGARIN: Succeded in LoadableXmlAsset: MechGestator_Ambience

GAGARIN: Succeded in LoadableXmlAsset: Hemopump_Ambience

GAGARIN: Succeded in LoadableXmlAsset: GlucosoidPump_Ambience

GAGARIN: Succeded in LoadableXmlAsset: HemogenAmplifier_Ambience

GAGARIN: Succeded in LoadableXmlAsset: DeathrestAccelerator_Ambience

GAGARIN: Succeded in LoadableXmlAsset: PsychofluidPump_Ambience

GAGARIN: Succeded in LoadableXmlAsset: SubcoreSoftscanner_Working

GAGARIN: Succeded in LoadableXmlAsset: SubcoreRipscanner_Working

GAGARIN: Succeded in LoadableXmlAsset: WastepackAtomizer_Working

GAGARIN: Succeded in LoadableXmlAsset: MechbandDishPrepared_Electronic

GAGARIN: Succeded in LoadableXmlAsset: MechbandDishPrepared_Mechanical

GAGARIN: Succeded in LoadableXmlAsset: MechlinkInstalled

GAGARIN: Succeded in LoadableXmlAsset: RepairMech_Touch

GAGARIN: Succeded in LoadableXmlAsset: RepairMech_Remote_Start

GAGARIN: Succeded in LoadableXmlAsset: RepairMech_Remote

GAGARIN: Succeded in LoadableXmlAsset: ShieldMech

GAGARIN: Succeded in LoadableXmlAsset: ShieldMech_Start

GAGARIN: Succeded in LoadableXmlAsset: ShieldMech_Complete

GAGARIN: Succeded in LoadableXmlAsset: ControlMech

GAGARIN: Succeded in LoadableXmlAsset: ControlMech_Complete

GAGARIN: Succeded in LoadableXmlAsset: DisconnectedMech

GAGARIN: Succeded in LoadableXmlAsset: Mechlink_Removed

GAGARIN: Succeded in LoadableXmlAsset: MechlinkCorpseReveal

GAGARIN: Succeded in LoadableXmlAsset: PawnBecameSanguophage

GAGARIN: Succeded in LoadableXmlAsset: SanguophageMeeting

GAGARIN: Succeded in LoadableXmlAsset: Radiotalking

GAGARIN: Succeded in LoadableXmlAsset: Floordrawing

GAGARIN: Succeded in LoadableXmlAsset: HemogenPack_Consume

GAGARIN: Succeded in LoadableXmlAsset: DeathrestCapacitySerum_Consume

GAGARIN: Succeded in LoadableXmlAsset: FireBurst_Warmup

GAGARIN: Succeded in LoadableXmlAsset: SubcoreEncoder_Working

GAGARIN: Succeded in LoadableXmlAsset: SubcoreEncoder_Complete

GAGARIN: Succeded in LoadableXmlAsset: MechGestatorCycle_Initiating

GAGARIN: Succeded in LoadableXmlAsset: Breastfeeding

GAGARIN: Succeded in LoadableXmlAsset: PlayStatic

GAGARIN: Succeded in LoadableXmlAsset: Pawn_Pigskin_Call

GAGARIN: Succeded in LoadableXmlAsset: Pawn_Pigskin_Death

GAGARIN: Succeded in LoadableXmlAsset: Pawn_Pigskin_Wounded

GAGARIN: Succeded in LoadableXmlAsset: Pawn_Furskin_Call

GAGARIN: Succeded in LoadableXmlAsset: Pawn_Furskin_Death

GAGARIN: Succeded in LoadableXmlAsset: Pawn_Furskin_Wounded

GAGARIN: Succeded in LoadableXmlAsset: Birth

GAGARIN: Succeded in LoadableXmlAsset: LaborEarly

GAGARIN: Succeded in LoadableXmlAsset: LaborLate

GAGARIN: Succeded in LoadableXmlAsset: HumanPregnancy

GAGARIN: Succeded in LoadableXmlAsset: BabyCrying

GAGARIN: Succeded in LoadableXmlAsset: BabyGiggling

GAGARIN: Succeded in LoadableXmlAsset: MechSelfShutdown

GAGARIN: Succeded in LoadableXmlAsset: WarqueenWarUrchinsSpawned

GAGARIN: Succeded in LoadableXmlAsset: WarUrchinSpawned

GAGARIN: Succeded in LoadableXmlAsset: MechResurrectCast

GAGARIN: Succeded in LoadableXmlAsset: Pawn_Mech_Tunneler_Wounded

GAGARIN: Succeded in LoadableXmlAsset: Pawn_Mech_Tunneler_Death

GAGARIN: Succeded in LoadableXmlAsset: Pawn_Mech_Tunneler_Call

GAGARIN: Succeded in LoadableXmlAsset: Pawn_Mech_Militor_Wounded

GAGARIN: Succeded in LoadableXmlAsset: Pawn_Mech_Militor_Death

GAGARIN: Succeded in LoadableXmlAsset: Pawn_Mech_Militor_Call

GAGARIN: Succeded in LoadableXmlAsset: Pawn_Mech_Lifter_Wounded

GAGARIN: Succeded in LoadableXmlAsset: Pawn_Mech_Lifter_Death

GAGARIN: Succeded in LoadableXmlAsset: Pawn_Mech_Lifter_Call

GAGARIN: Succeded in LoadableXmlAsset: Pawn_Mech_Constructoid_Wounded

GAGARIN: Succeded in LoadableXmlAsset: Pawn_Mech_Constructoid_Death

GAGARIN: Succeded in LoadableXmlAsset: Pawn_Mech_Constructoid_Call

GAGARIN: Succeded in LoadableXmlAsset: Pawn_Mech_Fabricor_Wounded

GAGARIN: Succeded in LoadableXmlAsset: Pawn_Mech_Fabricor_Death

GAGARIN: Succeded in LoadableXmlAsset: Pawn_Mech_Fabricor_Call

GAGARIN: Succeded in LoadableXmlAsset: Pawn_Mech_Agrihand_Wounded

GAGARIN: Succeded in LoadableXmlAsset: Pawn_Mech_Agrihand_Death

GAGARIN: Succeded in LoadableXmlAsset: Pawn_Mech_Agrihand_Call

GAGARIN: Succeded in LoadableXmlAsset: Pawn_Mech_Cleansweeper_Wounded

GAGARIN: Succeded in LoadableXmlAsset: Pawn_Mech_Cleansweeper_Death

GAGARIN: Succeded in LoadableXmlAsset: Pawn_Mech_Cleansweeper_Call

GAGARIN: Succeded in LoadableXmlAsset: Pawn_Mech_WarUrchin_Wounded

GAGARIN: Succeded in LoadableXmlAsset: Pawn_Mech_WarUrchin_Death

GAGARIN: Succeded in LoadableXmlAsset: Pawn_Mech_WarUrchin_Call

GAGARIN: Succeded in LoadableXmlAsset: Pawn_Mech_Paramedic_Wounded

GAGARIN: Succeded in LoadableXmlAsset: Pawn_Mech_Paramedic_Death

GAGARIN: Succeded in LoadableXmlAsset: Pawn_Mech_Paramedic_Call

GAGARIN: Succeded in LoadableXmlAsset: Pawn_Mech_Tesseron_Wounded

GAGARIN: Succeded in LoadableXmlAsset: Pawn_Mech_Tesseron_Death

GAGARIN: Succeded in LoadableXmlAsset: Pawn_Mech_Tesseron_Call

GAGARIN: Succeded in LoadableXmlAsset: Pawn_Mech_Legionary_Wounded

GAGARIN: Succeded in LoadableXmlAsset: Pawn_Mech_Legionary_Death

GAGARIN: Succeded in LoadableXmlAsset: Pawn_Mech_Legionary_Call

GAGARIN: Succeded in LoadableXmlAsset: Pawn_Mech_Scorcher_Wounded

GAGARIN: Succeded in LoadableXmlAsset: Pawn_Mech_Scorcher_Death

GAGARIN: Succeded in LoadableXmlAsset: Pawn_Mech_Scorcher_Call

GAGARIN: Succeded in LoadableXmlAsset: Pawn_Mech_Apocriton_Wounded

GAGARIN: Succeded in LoadableXmlAsset: Pawn_Mech_Apocriton_Death

GAGARIN: Succeded in LoadableXmlAsset: Pawn_Mech_Apocriton_Call

GAGARIN: Succeded in LoadableXmlAsset: Pawn_Mech_Apocriton_Ambience

GAGARIN: Succeded in LoadableXmlAsset: Pawn_Mech_Warqueen_Wounded

GAGARIN: Succeded in LoadableXmlAsset: Pawn_Mech_Warqueen_Death

GAGARIN: Succeded in LoadableXmlAsset: Pawn_Mech_Warqueen_Call

GAGARIN: Succeded in LoadableXmlAsset: Pawn_Mech_Centurion_Wounded

GAGARIN: Succeded in LoadableXmlAsset: Pawn_Mech_Centurion_Death

GAGARIN: Succeded in LoadableXmlAsset: Pawn_Mech_Centurion_Call

GAGARIN: Succeded in LoadableXmlAsset: Pawn_Mech_Diabolus_Wounded

GAGARIN: Succeded in LoadableXmlAsset: Pawn_Mech_Diabolus_Death

GAGARIN: Succeded in LoadableXmlAsset: Pawn_Mech_Diabolus_Call

GAGARIN: Succeded in LoadableXmlAsset: BabyBecomesChild

GAGARIN: Succeded in LoadableXmlAsset: ChildBecomesAdult

GAGARIN: Succeded in LoadableXmlAsset: ChildBirthday

GAGARIN: Succeded in LoadableXmlAsset: Designate_ZoneAdd_RemovePollution

GAGARIN: Succeded in LoadableXmlAsset: StartRecombining

GAGARIN: Succeded in LoadableXmlAsset: LetterArrive_Bossgroup

GAGARIN: Succeded in LoadableXmlAsset: DatacoreRead

GAGARIN: Succeded in LoadableXmlAsset: Designate_Adopt

GAGARIN: Succeded in LoadableXmlAsset: Explosion_MechBandShockwave

GAGARIN: Succeded in LoadableXmlAsset: MechBandShockwave

GAGARIN: Succeded in LoadableXmlAsset: CommsConsoleBossgroupSummoned

GAGARIN: Succeded in LoadableXmlAsset: BurnoutMechlinkBoosterUsed

GAGARIN: Succeded in LoadableXmlAsset: MechbandDishUsed

GAGARIN: Succeded in LoadableXmlAsset: MechChargerWasteProduced

GAGARIN: Succeded in LoadableXmlAsset: MechChargerWasteRemoved

GAGARIN: Succeded in LoadableXmlAsset: PollutionPumped

GAGARIN: Succeded in LoadableXmlAsset: PollutionExtractedPoluxTree

GAGARIN: Succeded in LoadableXmlAsset: ReimplantXenogerm_Cast

GAGARIN: Succeded in LoadableXmlAsset: Coagulate_Cast

GAGARIN: Succeded in LoadableXmlAsset: Resurrect_Cast

GAGARIN: Succeded in LoadableXmlAsset: Resurrect_Resolve

GAGARIN: Succeded in LoadableXmlAsset: PiercingSpine_Launch

GAGARIN: Succeded in LoadableXmlAsset: PollutionSpreading

GAGARIN: Succeded in LoadableXmlAsset: MechChargerStart

GAGARIN: Succeded in LoadableXmlAsset: FoamSpray_Warmup

GAGARIN: Succeded in LoadableXmlAsset: FoamSpray_Resolve

GAGARIN: Succeded in LoadableXmlAsset: Bloodfeed_Cast

GAGARIN: Succeded in LoadableXmlAsset: DeathrestCasket_Enter

GAGARIN: Succeded in LoadableXmlAsset: DeathrestCasket_Exit

GAGARIN: Succeded in LoadableXmlAsset: Hemopump_Start

GAGARIN: Succeded in LoadableXmlAsset: Hemopump_Stop

GAGARIN: Succeded in LoadableXmlAsset: GlucosoidPump_Start

GAGARIN: Succeded in LoadableXmlAsset: GlucosoidPump_Stop

GAGARIN: Succeded in LoadableXmlAsset: HemogenAmplifier_Start

GAGARIN: Succeded in LoadableXmlAsset: HemogenAmplifier_Stop

GAGARIN: Succeded in LoadableXmlAsset: PsychofluidPump_Start

GAGARIN: Succeded in LoadableXmlAsset: PsychofluidPump_Stop

GAGARIN: Succeded in LoadableXmlAsset: MechResurrect_Warmup

GAGARIN: Succeded in LoadableXmlAsset: MechResurrect_Cast

GAGARIN: Succeded in LoadableXmlAsset: WastepackDissolution

GAGARIN: Succeded in LoadableXmlAsset: AnimalWarcall_Cast

GAGARIN: Succeded in LoadableXmlAsset: AnimalWarcall_Warmup

GAGARIN: Succeded in LoadableXmlAsset: JumpMechPreLaunch

GAGARIN: Succeded in LoadableXmlAsset: JumpMechLaunch

GAGARIN: Succeded in LoadableXmlAsset: JumpMechLand

GAGARIN: Succeded in LoadableXmlAsset: Shot_HellsphereCannonGun

GAGARIN: Succeded in LoadableXmlAsset: Shot_Slugthrower

GAGARIN: Succeded in LoadableXmlAsset: Shot_Spiner

GAGARIN: Succeded in LoadableXmlAsset: Shot_ToxicNeedleGun

GAGARIN: Succeded in LoadableXmlAsset: Shot_MiniFlameblaster

GAGARIN: Succeded in LoadableXmlAsset: BeamGraser_Shooting

GAGARIN: Succeded in LoadableXmlAsset: BeamGraser_Shooting_Resolve

GAGARIN: Succeded in LoadableXmlAsset: HellsphereCannon_Aiming

GAGARIN: Succeded in LoadableXmlAsset: AllowCorpsesMechFriendly

GAGARIN: Succeded in LoadableXmlAsset: AllowCorpsesMechEnemy

GAGARIN: Succeded in LoadableXmlAsset: Mechanitor

GAGARIN: Succeded in LoadableXmlAsset: BabyPlayGainFactor

GAGARIN: Succeded in LoadableXmlAsset: GeneticComplexityIncrease

GAGARIN: Succeded in LoadableXmlAsset: AssemblySpeedFactor

GAGARIN: Succeded in LoadableXmlAsset: BirthRitualQualityOffset

GAGARIN: Succeded in LoadableXmlAsset: MaxInstallCount

GAGARIN: Succeded in LoadableXmlAsset: MeleeDoorDamageFactor

GAGARIN: Succeded in LoadableXmlAsset: ShootingAccuracyChildFactor

GAGARIN: Succeded in LoadableXmlAsset: Fertility

GAGARIN: Succeded in LoadableXmlAsset: MechBandwidth

GAGARIN: Succeded in LoadableXmlAsset: MechControlGroups

GAGARIN: Succeded in LoadableXmlAsset: MechRemoteRepairDistance

GAGARIN: Succeded in LoadableXmlAsset: MechRemoteShieldDistance

GAGARIN: Succeded in LoadableXmlAsset: MechRemoteShieldEnergy

GAGARIN: Succeded in LoadableXmlAsset: MechFormingSpeed

GAGARIN: Succeded in LoadableXmlAsset: MechRepairSpeed

GAGARIN: Succeded in LoadableXmlAsset: SubcoreEncodingSpeed

GAGARIN: Succeded in LoadableXmlAsset: BandwidthCost

GAGARIN: Succeded in LoadableXmlAsset: ControlTakingTime

GAGARIN: Succeded in LoadableXmlAsset: MechEnergyUsageFactor

GAGARIN: Succeded in LoadableXmlAsset: WastepacksPerRecharge

GAGARIN: Succeded in LoadableXmlAsset: MechEnergyLossPerHP

GAGARIN: Succeded in LoadableXmlAsset: HemogenGainFactor

GAGARIN: Succeded in LoadableXmlAsset: RawNutritionFactor

GAGARIN: Succeded in LoadableXmlAsset: CancerRate

GAGARIN: Succeded in LoadableXmlAsset: LearningRateFactor

GAGARIN: Succeded in LoadableXmlAsset: GrowthVatOccupantSpeed

GAGARIN: Succeded in LoadableXmlAsset: WorkSpeedGlobalOffsetMech

GAGARIN: Succeded in LoadableXmlAsset: NoxiousHaze

GAGARIN: Succeded in LoadableXmlAsset: WastepackInfestation

GAGARIN: Succeded in LoadableXmlAsset: Children

GAGARIN: Succeded in LoadableXmlAsset: KilledChild

GAGARIN: Succeded in LoadableXmlAsset: NoxiousHaze

GAGARIN: Succeded in LoadableXmlAsset: AncientToxifierGenerator

GAGARIN: Succeded in LoadableXmlAsset: AncientBandNode

GAGARIN: Succeded in LoadableXmlAsset: AncientExostriderRemains

GAGARIN: Succeded in LoadableXmlAsset: AncientExostriderHead

GAGARIN: Succeded in LoadableXmlAsset: AncientExostriderLeg

GAGARIN: Succeded in LoadableXmlAsset: AncientExostriderCannon

GAGARIN: Succeded in LoadableXmlAsset: DeathrestCasket

GAGARIN: Succeded in LoadableXmlAsset: Hemopump

GAGARIN: Succeded in LoadableXmlAsset: HemogenAmplifier

GAGARIN: Succeded in LoadableXmlAsset: GlucosoidPump

GAGARIN: Succeded in LoadableXmlAsset: PsychofluidPump

GAGARIN: Succeded in LoadableXmlAsset: DeathrestAccelerator

GAGARIN: Succeded in LoadableXmlAsset: HemogenAmplified

GAGARIN: Succeded in LoadableXmlAsset: GlucosoidRush

GAGARIN: Succeded in LoadableXmlAsset: PsychofluidRush

GAGARIN: Succeded in LoadableXmlAsset: ToyBox

GAGARIN: Succeded in LoadableXmlAsset: SchoolDesk

GAGARIN: Succeded in LoadableXmlAsset: BabyDecoration

GAGARIN: Succeded in LoadableXmlAsset: BabySleepingSpot

GAGARIN: Succeded in LoadableXmlAsset: Crib

GAGARIN: Succeded in LoadableXmlAsset: Blackboard

GAGARIN: Succeded in LoadableXmlAsset: BandNode

GAGARIN: Succeded in LoadableXmlAsset: ToxifierGenerator

GAGARIN: Succeded in LoadableXmlAsset: GeneAssembler

GAGARIN: Succeded in LoadableXmlAsset: GeneBank

GAGARIN: Succeded in LoadableXmlAsset: GeneExtractor

GAGARIN: Succeded in LoadableXmlAsset: GrowthVat

GAGARIN: Succeded in LoadableXmlAsset: BurnoutMechlinkBooster

GAGARIN: Succeded in LoadableXmlAsset: MechbandDish

GAGARIN: Succeded in LoadableXmlAsset: PollutionPump

GAGARIN: Succeded in LoadableXmlAsset: ShuttleCrashed_Exitable

GAGARIN: Succeded in LoadableXmlAsset: ShuttleCrashed_Exitable_Mechanitor

GAGARIN: Succeded in LoadableXmlAsset: WastepackAtomizer

GAGARIN: Succeded in LoadableXmlAsset: SanguphageMeetingTorch

GAGARIN: Succeded in LoadableXmlAsset: GeneProcessor

GAGARIN: Succeded in LoadableXmlAsset: MechBoost

GAGARIN: Succeded in LoadableXmlAsset: MechBooster

GAGARIN: Succeded in LoadableXmlAsset: TrapIED_ToxGas

GAGARIN: Succeded in LoadableXmlAsset: MechGestator

GAGARIN: Succeded in LoadableXmlAsset: LargeMechGestator

GAGARIN: Succeded in LoadableXmlAsset: SubcoreEncoder

GAGARIN: Succeded in LoadableXmlAsset: SubcoreSoftscanner

GAGARIN: Succeded in LoadableXmlAsset: SubcoreRipscanner

GAGARIN: Succeded in LoadableXmlAsset: BasicRecharger

GAGARIN: Succeded in LoadableXmlAsset: StandardRecharger

GAGARIN: Succeded in LoadableXmlAsset: BabyFood

GAGARIN: Succeded in LoadableXmlAsset: HemogenPack

GAGARIN: Succeded in LoadableXmlAsset: RawToxipotato

GAGARIN: Succeded in LoadableXmlAsset: SubcoreBasic

GAGARIN: Succeded in LoadableXmlAsset: SubcoreRegular

GAGARIN: Succeded in LoadableXmlAsset: SubcoreHigh

GAGARIN: Succeded in LoadableXmlAsset: SignalChip

GAGARIN: Succeded in LoadableXmlAsset: PowerfocusChip

GAGARIN: Succeded in LoadableXmlAsset: NanostructuringChip

GAGARIN: Succeded in LoadableXmlAsset: DeathrestCapacitySerum

GAGARIN: Succeded in LoadableXmlAsset: Wastepack

GAGARIN: Succeded in LoadableXmlAsset: Shell_Toxic

GAGARIN: Succeded in LoadableXmlAsset: Bullet_Shell_Tox

GAGARIN: Succeded in LoadableXmlAsset: Shell_Toxic_Releasing

GAGARIN: Succeded in LoadableXmlAsset: Shell_Toxic_Releasing_Water

GAGARIN: Succeded in LoadableXmlAsset: UnfinishedSubcore

GAGARIN: Succeded in LoadableXmlAsset: Genepack

GAGARIN: Succeded in LoadableXmlAsset: Xenogerm

GAGARIN: Succeded in LoadableXmlAsset: ArchiteCapsule

GAGARIN: Succeded in LoadableXmlAsset: MechanoidTransponder

GAGARIN: Succeded in LoadableXmlAsset: HumanOvum

GAGARIN: Succeded in LoadableXmlAsset: HumanEmbryo

GAGARIN: Succeded in LoadableXmlAsset: Apparel_KidRomper

GAGARIN: Succeded in LoadableXmlAsset: Apparel_KidShirt

GAGARIN: Succeded in LoadableXmlAsset: Apparel_KidPants

GAGARIN: Succeded in LoadableXmlAsset: Apparel_KidParka

GAGARIN: Succeded in LoadableXmlAsset: Apparel_KidTribal

GAGARIN: Succeded in LoadableXmlAsset: Apparel_KidHelmet

GAGARIN: Succeded in LoadableXmlAsset: Apparel_AirwireHeadset

GAGARIN: Succeded in LoadableXmlAsset: Apparel_ArrayHeadset

GAGARIN: Succeded in LoadableXmlAsset: Apparel_IntegratorHeadset

GAGARIN: Succeded in LoadableXmlAsset: Apparel_ArmorHelmetMechCommander

GAGARIN: Succeded in LoadableXmlAsset: Apparel_ArmorHelmetMechlordHelmet

GAGARIN: Succeded in LoadableXmlAsset: Apparel_GasMask

GAGARIN: Succeded in LoadableXmlAsset: Apparel_HeavyShield

GAGARIN: Succeded in LoadableXmlAsset: Apparel_PackControl

GAGARIN: Succeded in LoadableXmlAsset: Apparel_PackBandwidth

GAGARIN: Succeded in LoadableXmlAsset: Apparel_PackTox

GAGARIN: Succeded in LoadableXmlAsset: Apparel_MechlordSuit

GAGARIN: Succeded in LoadableXmlAsset: Apparel_Bandolier

GAGARIN: Succeded in LoadableXmlAsset: Apparel_Sash

GAGARIN: Succeded in LoadableXmlAsset: ShuttleCrashing_Mechanitor

GAGARIN: Succeded in LoadableXmlAsset: MechShield

GAGARIN: Succeded in LoadableXmlAsset: CocoonSpawner

GAGARIN: Succeded in LoadableXmlAsset: Filth_FlammableBile

GAGARIN: Succeded in LoadableXmlAsset: Filth_Floordrawing

GAGARIN: Succeded in LoadableXmlAsset: Plant_Toxipotato

GAGARIN: Succeded in LoadableXmlAsset: Plant_TreePolux

GAGARIN: Succeded in LoadableXmlAsset: ChoppedStump_Polux

GAGARIN: Succeded in LoadableXmlAsset: SmashedStump_Polux

GAGARIN: Succeded in LoadableXmlAsset: PoluxSeed

GAGARIN: Succeded in LoadableXmlAsset: Plant_GrayGrass

GAGARIN: Succeded in LoadableXmlAsset: Plant_Ripthorn

GAGARIN: Succeded in LoadableXmlAsset: Plant_PebbleCactus

GAGARIN: Succeded in LoadableXmlAsset: Plant_TreeGrayPine

GAGARIN: Succeded in LoadableXmlAsset: Plant_Witchwood

GAGARIN: Succeded in LoadableXmlAsset: Plant_RatPalm

GAGARIN: Succeded in LoadableXmlAsset: ChoppedStump_Polluted

GAGARIN: Succeded in LoadableXmlAsset: SmashedStump_Polluted

GAGARIN: Succeded in LoadableXmlAsset: WasteRat

GAGARIN: Succeded in LoadableXmlAsset: WasteRat

GAGARIN: Succeded in LoadableXmlAsset: Toxalope

GAGARIN: Succeded in LoadableXmlAsset: Toxalope

GAGARIN: Succeded in LoadableXmlAsset: Mech_Tunneler

GAGARIN: Succeded in LoadableXmlAsset: Mech_Tunneler

GAGARIN: Succeded in LoadableXmlAsset: Mech_Militor

GAGARIN: Succeded in LoadableXmlAsset: Mech_Militor

GAGARIN: Succeded in LoadableXmlAsset: Mech_Lifter

GAGARIN: Succeded in LoadableXmlAsset: Mech_Lifter

GAGARIN: Succeded in LoadableXmlAsset: Mech_Constructoid

GAGARIN: Succeded in LoadableXmlAsset: Mech_Constructoid

GAGARIN: Succeded in LoadableXmlAsset: Mech_Fabricor

GAGARIN: Succeded in LoadableXmlAsset: Mech_Fabricor

GAGARIN: Succeded in LoadableXmlAsset: Mech_Agrihand

GAGARIN: Succeded in LoadableXmlAsset: Mech_Agrihand

GAGARIN: Succeded in LoadableXmlAsset: Mech_Cleansweeper

GAGARIN: Succeded in LoadableXmlAsset: Mech_Cleansweeper

GAGARIN: Succeded in LoadableXmlAsset: Mech_WarUrchin

GAGARIN: Succeded in LoadableXmlAsset: Mech_WarUrchin

GAGARIN: Succeded in LoadableXmlAsset: Mech_Paramedic

GAGARIN: Succeded in LoadableXmlAsset: Mech_Paramedic

GAGARIN: Succeded in LoadableXmlAsset: Mech_Legionary

GAGARIN: Succeded in LoadableXmlAsset: Mech_Legionary

GAGARIN: Succeded in LoadableXmlAsset: Mech_Tesseron

GAGARIN: Succeded in LoadableXmlAsset: Mech_Tesseron

GAGARIN: Succeded in LoadableXmlAsset: Mech_Scorcher

GAGARIN: Succeded in LoadableXmlAsset: Mech_Scorcher

GAGARIN: Succeded in LoadableXmlAsset: Mech_Apocriton

GAGARIN: Succeded in LoadableXmlAsset: Mech_Apocriton

GAGARIN: Succeded in LoadableXmlAsset: Mech_Centurion

GAGARIN: Succeded in LoadableXmlAsset: Gun_ChargeBlasterTurret

GAGARIN: Succeded in LoadableXmlAsset: Mech_Centurion

GAGARIN: Succeded in LoadableXmlAsset: Mech_Warqueen

GAGARIN: Succeded in LoadableXmlAsset: Mech_Warqueen

GAGARIN: Succeded in LoadableXmlAsset: Mech_Diabolus

GAGARIN: Succeded in LoadableXmlAsset: Mech_Diabolus

GAGARIN: Succeded in LoadableXmlAsset: HumanlikeBaby

GAGARIN: Succeded in LoadableXmlAsset: HumanlikeBabyConstant

GAGARIN: Succeded in LoadableXmlAsset: MechConstant

GAGARIN: Succeded in LoadableXmlAsset: WarUrchinConstant

GAGARIN: Succeded in LoadableXmlAsset: CryingBaby

GAGARIN: Succeded in LoadableXmlAsset: MyCryingBaby

GAGARIN: Succeded in LoadableXmlAsset: GigglingBaby

GAGARIN: Succeded in LoadableXmlAsset: MyGigglingBaby

GAGARIN: Succeded in LoadableXmlAsset: KilledChild

GAGARIN: Succeded in LoadableXmlAsset: MyBirthMotherDied

GAGARIN: Succeded in LoadableXmlAsset: KilledMyBirthMother

GAGARIN: Succeded in LoadableXmlAsset: MyBirthMotherLost

GAGARIN: Succeded in LoadableXmlAsset: AteBabyFood

GAGARIN: Succeded in LoadableXmlAsset: FedOn_Social

GAGARIN: Succeded in LoadableXmlAsset: WasTaught

GAGARIN: Succeded in LoadableXmlAsset: GaveLesson

GAGARIN: Succeded in LoadableXmlAsset: FedOn

GAGARIN: Succeded in LoadableXmlAsset: IngestedHemogenPack

GAGARIN: Succeded in LoadableXmlAsset: PregnancyTerminated

GAGARIN: Succeded in LoadableXmlAsset: PregnancyEnded

GAGARIN: Succeded in LoadableXmlAsset: Stillbirth

GAGARIN: Succeded in LoadableXmlAsset: Miscarried

GAGARIN: Succeded in LoadableXmlAsset: PartnerMiscarried

GAGARIN: Succeded in LoadableXmlAsset: BabyBorn

GAGARIN: Succeded in LoadableXmlAsset: PsychicBondTorn

GAGARIN: Succeded in LoadableXmlAsset: XenogermHarvested_Prisoner

GAGARIN: Succeded in LoadableXmlAsset: MyChildHappy

GAGARIN: Succeded in LoadableXmlAsset: MyChildrenHappy

GAGARIN: Succeded in LoadableXmlAsset: MyChildSad

GAGARIN: Succeded in LoadableXmlAsset: MyChildrenSad

GAGARIN: Succeded in LoadableXmlAsset: YoungstersHappy

GAGARIN: Succeded in LoadableXmlAsset: YoungstersSad

GAGARIN: Succeded in LoadableXmlAsset: EnslavedChild

GAGARIN: Succeded in LoadableXmlAsset: BabySick

GAGARIN: Succeded in LoadableXmlAsset: ChildInGrowthVat

GAGARIN: Succeded in LoadableXmlAsset: MyParentHappy

GAGARIN: Succeded in LoadableXmlAsset: MyParentsHappy

GAGARIN: Succeded in LoadableXmlAsset: CribQuality

GAGARIN: Succeded in LoadableXmlAsset: MoodOffsetVeryHappy

GAGARIN: Succeded in LoadableXmlAsset: MoodOffsetHappy

GAGARIN: Succeded in LoadableXmlAsset: MoodOffsetUnhappy

GAGARIN: Succeded in LoadableXmlAsset: MoodOffsetVeryUnhappy

GAGARIN: Succeded in LoadableXmlAsset: NeedLearning

GAGARIN: Succeded in LoadableXmlAsset: NeedPlay

GAGARIN: Succeded in LoadableXmlAsset: BreastfedBaby

GAGARIN: Succeded in LoadableXmlAsset: BreastfedMe

GAGARIN: Succeded in LoadableXmlAsset: FedBaby

GAGARIN: Succeded in LoadableXmlAsset: FedMe

GAGARIN: Succeded in LoadableXmlAsset: PlayedWithMe

GAGARIN: Succeded in LoadableXmlAsset: BabyGiggledSocial

GAGARIN: Succeded in LoadableXmlAsset: BabyCriedSocial

GAGARIN: Succeded in LoadableXmlAsset: PsychicBond

GAGARIN: Succeded in LoadableXmlAsset: KilledChild_Opinion

GAGARIN: Succeded in LoadableXmlAsset: PregnancyMood_Collapse

GAGARIN: Succeded in LoadableXmlAsset: PregnancyMood_Down

GAGARIN: Succeded in LoadableXmlAsset: PregnancyMood_Up

GAGARIN: Succeded in LoadableXmlAsset: PregnancyMood_High

GAGARIN: Succeded in LoadableXmlAsset: KillThirst

GAGARIN: Succeded in LoadableXmlAsset: SunlightSensitivity_Mild

GAGARIN: Succeded in LoadableXmlAsset: SunlightSensitivity_Major

GAGARIN: Succeded in LoadableXmlAsset: ScanningSickness

GAGARIN: Succeded in LoadableXmlAsset: DeathrestExhaustion

GAGARIN: Succeded in LoadableXmlAsset: HateAura

GAGARIN: Succeded in LoadableXmlAsset: NoxiousHaze

GAGARIN: Succeded in LoadableXmlAsset: Recluse

GAGARIN: Succeded in LoadableXmlAsset: ChildlikePositivity

GAGARIN: Succeded in LoadableXmlAsset: PregnancyAttitude

GAGARIN: Succeded in LoadableXmlAsset: PsychicBondProximity

GAGARIN: Succeded in LoadableXmlAsset: DeathrestChamber

GAGARIN: Succeded in LoadableXmlAsset: BloodTorch

GAGARIN: Succeded in LoadableXmlAsset: HemogenCraving

GAGARIN: Succeded in LoadableXmlAsset: BiotechTips

GAGARIN: Succeded in LoadableXmlAsset: DemolishDoors

GAGARIN: Succeded in LoadableXmlAsset: Delicate

GAGARIN: Succeded in LoadableXmlAsset: Recluse

GAGARIN: Succeded in LoadableXmlAsset: Ship_ShuttleCrashing

GAGARIN: Succeded in LoadableXmlAsset: Ship_ShuttleCrashing_Mechanitor

GAGARIN: Succeded in LoadableXmlAsset: PollutedTerrain

GAGARIN: Succeded in LoadableXmlAsset: Babies

GAGARIN: Succeded in LoadableXmlAsset: Children

GAGARIN: Succeded in LoadableXmlAsset: Deathrest

GAGARIN: Succeded in LoadableXmlAsset: GenesAndXenotypes

GAGARIN: Succeded in LoadableXmlAsset: Mechanitors

GAGARIN: Succeded in LoadableXmlAsset: MechsInCaravans

GAGARIN: Succeded in LoadableXmlAsset: DeliverHemogenToPrisoner

GAGARIN: Succeded in LoadableXmlAsset: FeedHemogen

GAGARIN: Succeded in LoadableXmlAsset: HaulToGeneBank

GAGARIN: Succeded in LoadableXmlAsset: CreateXenogerm

GAGARIN: Succeded in LoadableXmlAsset: EnterGeneExtractor

GAGARIN: Succeded in LoadableXmlAsset: EnterGrowthVat

GAGARIN: Succeded in LoadableXmlAsset: CarryToGeneExtractor

GAGARIN: Succeded in LoadableXmlAsset: CarryToGrowthVat

GAGARIN: Succeded in LoadableXmlAsset: BringBabyToSafety

GAGARIN: Succeded in LoadableXmlAsset: BreastfeedBaby

GAGARIN: Succeded in LoadableXmlAsset: PlayWithBaby

GAGARIN: Succeded in LoadableXmlAsset: BottleFeedBaby

GAGARIN: Succeded in LoadableXmlAsset: CarryToBreastfeed

GAGARIN: Succeded in LoadableXmlAsset: ChildcarerTeach

GAGARIN: Succeded in LoadableXmlAsset: HaulToGrowthVat

GAGARIN: Succeded in LoadableXmlAsset: RepairMech

GAGARIN: Succeded in LoadableXmlAsset: DoBillsMechGestator

GAGARIN: Succeded in LoadableXmlAsset: DoBillsSubcoreEncoder

GAGARIN: Succeded in LoadableXmlAsset: EmptyWasteContainer

GAGARIN: Succeded in LoadableXmlAsset: HaulMechsToCharger

GAGARIN: Succeded in LoadableXmlAsset: EnterSubcoreScanner

GAGARIN: Succeded in LoadableXmlAsset: CarryToSubcoreScanner

GAGARIN: Succeded in LoadableXmlAsset: HaulToCarrier

GAGARIN: Succeded in LoadableXmlAsset: HaulToSubcoreScanner

GAGARIN: Succeded in LoadableXmlAsset: HaulToWastepackAtomizer

GAGARIN: Succeded in LoadableXmlAsset: CleanClearPollution

GAGARIN: Succeded in LoadableXmlAsset: Childcare

GAGARIN: Succeded in LoadableXmlAsset: Pollution

GAGARIN: Succeded in LoadableXmlAsset: Baby

GAGARIN: Succeded in LoadableXmlAsset: Child

GAGARIN: Succeded in LoadableXmlAsset: HumanlikePreTeenager

GAGARIN: Succeded in LoadableXmlAsset: Gun_ToxbombLauncher

GAGARIN: Succeded in LoadableXmlAsset: Bullet_ToxbombLauncher

GAGARIN: Succeded in LoadableXmlAsset: Weapon_GrenadeTox

GAGARIN: Succeded in LoadableXmlAsset: Proj_GrenadeTox

GAGARIN: Succeded in LoadableXmlAsset: Flamebow

GAGARIN: Succeded in LoadableXmlAsset: Proj_FireArrow

GAGARIN: Succeded in LoadableXmlAsset: Gun_HellsphereCannon

GAGARIN: Succeded in LoadableXmlAsset: Bullet_HellsphereCannonGun

GAGARIN: Succeded in LoadableXmlAsset: Gun_MiniShotgun

GAGARIN: Succeded in LoadableXmlAsset: Bullet_MiniShotgun

GAGARIN: Succeded in LoadableXmlAsset: Gun_Slugthrower

GAGARIN: Succeded in LoadableXmlAsset: Bullet_Slugthrower

GAGARIN: Succeded in LoadableXmlAsset: Gun_Spiner

GAGARIN: Succeded in LoadableXmlAsset: Bullet_Spiner

GAGARIN: Succeded in LoadableXmlAsset: Gun_MiniFlameblaster

GAGARIN: Succeded in LoadableXmlAsset: Gun_BeamGraser

GAGARIN: Succeded in LoadableXmlAsset: Gun_ToxicNeedle

GAGARIN: Succeded in LoadableXmlAsset: Bullet_ToxicNeedleGun

GAGARIN: Succeded in LoadableXmlAsset: Gun_NeedleLauncher

GAGARIN: Succeded in LoadableXmlAsset: SpikeLaunch_Toughspike

GAGARIN: Succeded in LoadableXmlAsset: Spike_Toughspike

GAGARIN: Succeded in LoadableXmlAsset: SpikeLaunch_Fingerspike

GAGARIN: Succeded in LoadableXmlAsset: Spike_Fingerspike

GAGARIN: Succeded in LoadableXmlAsset: SpineLaunch_Gorehulk

GAGARIN: Succeded in LoadableXmlAsset: Spine_Gorehulk

GAGARIN: Succeded in LoadableXmlAsset: ConsumeLeap_Devourer

GAGARIN: Succeded in LoadableXmlAsset: EntitySkip

GAGARIN: Succeded in LoadableXmlAsset: UnnaturalCorpseSkip

GAGARIN: Succeded in LoadableXmlAsset: Heatspikes

GAGARIN: Succeded in LoadableXmlAsset: Bullet_Heatspike

GAGARIN: Succeded in LoadableXmlAsset: FleshmelterBolt

GAGARIN: Succeded in LoadableXmlAsset: Bullet_FleshmelterBolt

GAGARIN: Succeded in LoadableXmlAsset: AgonyPulse

GAGARIN: Succeded in LoadableXmlAsset: UnnaturalHealing

GAGARIN: Succeded in LoadableXmlAsset: ShapeFlesh

GAGARIN: Succeded in LoadableXmlAsset: TransmuteSteel

GAGARIN: Succeded in LoadableXmlAsset: PsychicSlaughter

GAGARIN: Succeded in LoadableXmlAsset: ReleaseDeadlifeDust

GAGARIN: Succeded in LoadableXmlAsset: GhoulFrenzy

GAGARIN: Succeded in LoadableXmlAsset: CorrosiveSpray

GAGARIN: Succeded in LoadableXmlAsset: Proj_CorrosiveFluid

GAGARIN: Succeded in LoadableXmlAsset: MetalbloodInjection

GAGARIN: Succeded in LoadableXmlAsset: RevenantInvisibility

GAGARIN: Succeded in LoadableXmlAsset: VoidTerror

GAGARIN: Succeded in LoadableXmlAsset: DeathRefusalTwitches

GAGARIN: Succeded in LoadableXmlAsset: DevourerDigesting

GAGARIN: Succeded in LoadableXmlAsset: HoldingPlatformLungeUp

GAGARIN: Succeded in LoadableXmlAsset: HoldingPlatformLungeRight

GAGARIN: Succeded in LoadableXmlAsset: HoldingPlatformLungeDown

GAGARIN: Succeded in LoadableXmlAsset: HoldingPlatformLungeLeft

GAGARIN: Succeded in LoadableXmlAsset: HoldingPlatformWiggleIntense

GAGARIN: Succeded in LoadableXmlAsset: HoldingPlatformWiggleLight

GAGARIN: Succeded in LoadableXmlAsset: RevenantSpasm

GAGARIN: Succeded in LoadableXmlAsset: RevenantHypnotise

GAGARIN: Succeded in LoadableXmlAsset: ShamblerSway

GAGARIN: Succeded in LoadableXmlAsset: ShamblerRise

GAGARIN: Succeded in LoadableXmlAsset: UnnaturalCorpseAwokenKilling

GAGARIN: Succeded in LoadableXmlAsset: Standard

GAGARIN: Succeded in LoadableXmlAsset: AmbientHorror

GAGARIN: Succeded in LoadableXmlAsset: Disabled

GAGARIN: Succeded in LoadableXmlAsset: NoctolClaw

GAGARIN: Succeded in LoadableXmlAsset: FrontLeftClaw

GAGARIN: Succeded in LoadableXmlAsset: FrontRightClaw

GAGARIN: Succeded in LoadableXmlAsset: Noctol

GAGARIN: Succeded in LoadableXmlAsset: Nociosphere

GAGARIN: Succeded in LoadableXmlAsset: NociosphereShell

GAGARIN: Succeded in LoadableXmlAsset: NociosphereCore

GAGARIN: Succeded in LoadableXmlAsset: ShellSection

GAGARIN: Succeded in LoadableXmlAsset: MetalhorrorTorso

GAGARIN: Succeded in LoadableXmlAsset: MetalhorrorCore

GAGARIN: Succeded in LoadableXmlAsset: MetalhorrorNeck

GAGARIN: Succeded in LoadableXmlAsset: MetalhorrorHead

GAGARIN: Succeded in LoadableXmlAsset: MetalhorrorBrain

GAGARIN: Succeded in LoadableXmlAsset: MetalhorrorEye

GAGARIN: Succeded in LoadableXmlAsset: MetalhorrorShoulder

GAGARIN: Succeded in LoadableXmlAsset: MetalhorrorArm

GAGARIN: Succeded in LoadableXmlAsset: MetalhorrorLeg

GAGARIN: Succeded in LoadableXmlAsset: MetalhorrorFoot

GAGARIN: Succeded in LoadableXmlAsset: MetalhorrorBlade

GAGARIN: Succeded in LoadableXmlAsset: Metalhorror

GAGARIN: Succeded in LoadableXmlAsset: FleshmassNucleus

GAGARIN: Succeded in LoadableXmlAsset: FleshmassNucleusCore

GAGARIN: Succeded in LoadableXmlAsset: FleshClub_Gorehulk

GAGARIN: Succeded in LoadableXmlAsset: SpineLauncher_Gorehulk

GAGARIN: Succeded in LoadableXmlAsset: Gorehulk

GAGARIN: Succeded in LoadableXmlAsset: Fin

GAGARIN: Succeded in LoadableXmlAsset: MovingBody

GAGARIN: Succeded in LoadableXmlAsset: Devourer

GAGARIN: Succeded in LoadableXmlAsset: LeftSpike

GAGARIN: Succeded in LoadableXmlAsset: RightSpike

GAGARIN: Succeded in LoadableXmlAsset: MiddleSpike

GAGARIN: Succeded in LoadableXmlAsset: FirstTentacle

GAGARIN: Succeded in LoadableXmlAsset: SecondTentacle

GAGARIN: Succeded in LoadableXmlAsset: ThirdTentacle

GAGARIN: Succeded in LoadableXmlAsset: FourthTentacle

GAGARIN: Succeded in LoadableXmlAsset: FifthTentacle

GAGARIN: Succeded in LoadableXmlAsset: MovingBodyFleshbeast

GAGARIN: Succeded in LoadableXmlAsset: FleshbeastHead

GAGARIN: Succeded in LoadableXmlAsset: Tentacle

GAGARIN: Succeded in LoadableXmlAsset: FleshbeastSpike

GAGARIN: Succeded in LoadableXmlAsset: FleshbeastLeg

GAGARIN: Succeded in LoadableXmlAsset: Bulbfreak

GAGARIN: Succeded in LoadableXmlAsset: Toughspike

GAGARIN: Succeded in LoadableXmlAsset: Trispike

GAGARIN: Succeded in LoadableXmlAsset: Fingerspike

GAGARIN: Succeded in LoadableXmlAsset: Dreadmeld

GAGARIN: Succeded in LoadableXmlAsset: RightFleshClub

GAGARIN: Succeded in LoadableXmlAsset: LeftFleshClub

GAGARIN: Succeded in LoadableXmlAsset: LeftFin

GAGARIN: Succeded in LoadableXmlAsset: RightFin

GAGARIN: Succeded in LoadableXmlAsset: Tome

GAGARIN: Succeded in LoadableXmlAsset: Assault

GAGARIN: Succeded in LoadableXmlAsset: FleshbeastEmergence

GAGARIN: Succeded in LoadableXmlAsset: SightstealerAttack

GAGARIN: Succeded in LoadableXmlAsset: PerfectHuman

GAGARIN: Succeded in LoadableXmlAsset: Occultist

GAGARIN: Succeded in LoadableXmlAsset: UnnaturalHealing

GAGARIN: Succeded in LoadableXmlAsset: ShamblerOverlord

GAGARIN: Succeded in LoadableXmlAsset: Fleshcrafter

GAGARIN: Succeded in LoadableXmlAsset: Alchemist

GAGARIN: Succeded in LoadableXmlAsset: Joybringer

GAGARIN: Succeded in LoadableXmlAsset: DeathRefusal

GAGARIN: Succeded in LoadableXmlAsset: BodyMastery

GAGARIN: Succeded in LoadableXmlAsset: PsychicButcher

GAGARIN: Succeded in LoadableXmlAsset: Nothing

GAGARIN: Succeded in LoadableXmlAsset: Leaves

GAGARIN: Succeded in LoadableXmlAsset: Aggressive

GAGARIN: Succeded in LoadableXmlAsset: Metalhorror

GAGARIN: Succeded in LoadableXmlAsset: CrumblingMind

GAGARIN: Succeded in LoadableXmlAsset: EntityJailbreaker

GAGARIN: Succeded in LoadableXmlAsset: PsychicAgony

GAGARIN: Succeded in LoadableXmlAsset: OrganDecay

GAGARIN: Succeded in LoadableXmlAsset: Disturbing

GAGARIN: Succeded in LoadableXmlAsset: LeatheryStranger

GAGARIN: Succeded in LoadableXmlAsset: DarkScholar

GAGARIN: Succeded in LoadableXmlAsset: DealMaker

GAGARIN: Succeded in LoadableXmlAsset: CreepDrifter

GAGARIN: Succeded in LoadableXmlAsset: Blindhealer

GAGARIN: Succeded in LoadableXmlAsset: TimelessOne

GAGARIN: Succeded in LoadableXmlAsset: CultEscapee

GAGARIN: Succeded in LoadableXmlAsset: LoneGenius

GAGARIN: Succeded in LoadableXmlAsset: Departure

GAGARIN: Succeded in LoadableXmlAsset: AggressiveRejection

GAGARIN: Succeded in LoadableXmlAsset: ElectricalBurn

GAGARIN: Succeded in LoadableXmlAsset: Digested

GAGARIN: Succeded in LoadableXmlAsset: EnergyBolt

GAGARIN: Succeded in LoadableXmlAsset: Psychic

GAGARIN: Succeded in LoadableXmlAsset: DeadlifeDust

GAGARIN: Succeded in LoadableXmlAsset: NociosphereVaporize

GAGARIN: Succeded in LoadableXmlAsset: ShamblerSwarm

GAGARIN: Succeded in LoadableXmlAsset: SightstealerSwarm

GAGARIN: Succeded in LoadableXmlAsset: PerformHateChant

GAGARIN: Succeded in LoadableXmlAsset: Goto_NoZeroLengthPaths

GAGARIN: Succeded in LoadableXmlAsset: SightstealerAssault

GAGARIN: Succeded in LoadableXmlAsset: GorehulkAssault

GAGARIN: Succeded in LoadableXmlAsset: DevourerAssault

GAGARIN: Succeded in LoadableXmlAsset: ChimeraStalkFlee

GAGARIN: Succeded in LoadableXmlAsset: ChimeraStalkWander

GAGARIN: Succeded in LoadableXmlAsset: ChimeraAttack

GAGARIN: Succeded in LoadableXmlAsset: DefendFleshmassHeart

GAGARIN: Succeded in LoadableXmlAsset: VoidAwakeningWander

GAGARIN: Succeded in LoadableXmlAsset: FleshbeastAssault

GAGARIN: Succeded in LoadableXmlAsset: Goto

GAGARIN: Succeded in LoadableXmlAsset: Invoke

GAGARIN: Succeded in LoadableXmlAsset: PsychicRitualDance

GAGARIN: Succeded in LoadableXmlAsset: WaitForRitualParticipants

GAGARIN: Succeded in LoadableXmlAsset: DeliverPawnToPsychicRitualCell

GAGARIN: Succeded in LoadableXmlAsset: GatherOfferingsForPsychicRitual

GAGARIN: Succeded in LoadableXmlAsset: DefendInvoker

GAGARIN: Succeded in LoadableXmlAsset: NociosphereDeparting

GAGARIN: Succeded in LoadableXmlAsset: NociosphereDepartComplete

GAGARIN: Succeded in LoadableXmlAsset: MeatExplosionTiny

GAGARIN: Succeded in LoadableXmlAsset: MeatExplosionSmall

GAGARIN: Succeded in LoadableXmlAsset: MeatExplosion

GAGARIN: Succeded in LoadableXmlAsset: MeatExplosionLarge

GAGARIN: Succeded in LoadableXmlAsset: MeatExplosionExtraLarge

GAGARIN: Succeded in LoadableXmlAsset: FleshmassDestroyed

GAGARIN: Succeded in LoadableXmlAsset: FleshmassHeartDestroyed

GAGARIN: Succeded in LoadableXmlAsset: TachycardiacArrest

GAGARIN: Succeded in LoadableXmlAsset: ShamblerRaise

GAGARIN: Succeded in LoadableXmlAsset: ShamblerRaise_Sketch

GAGARIN: Succeded in LoadableXmlAsset: MetalhorrorEmerging

GAGARIN: Succeded in LoadableXmlAsset: ImpactDustCloud

GAGARIN: Succeded in LoadableXmlAsset: UndercaveCeilingDebris

GAGARIN: Succeded in LoadableXmlAsset: HoraxianSpellLight_Warmup

GAGARIN: Succeded in LoadableXmlAsset: HoraxianSpellDark_Warmup

GAGARIN: Succeded in LoadableXmlAsset: AgonyPulseExplosion

GAGARIN: Succeded in LoadableXmlAsset: ObeliskSpark

GAGARIN: Succeded in LoadableXmlAsset: HoraxianAbilityCasting

GAGARIN: Succeded in LoadableXmlAsset: GrayBoxOpened

GAGARIN: Succeded in LoadableXmlAsset: AbductWarmup

GAGARIN: Succeded in LoadableXmlAsset: AbductWarmup_Pawn

GAGARIN: Succeded in LoadableXmlAsset: AbductWarmup_Monolith

GAGARIN: Succeded in LoadableXmlAsset: ObeliskActionWarmup

GAGARIN: Succeded in LoadableXmlAsset: PsychicRitual_Sustained

GAGARIN: Succeded in LoadableXmlAsset: PsychicRitual_CompleteSoon

GAGARIN: Succeded in LoadableXmlAsset: PsychicRitual_Complete

GAGARIN: Succeded in LoadableXmlAsset: VoidTerror_Target

GAGARIN: Succeded in LoadableXmlAsset: MonolithStage1

GAGARIN: Succeded in LoadableXmlAsset: MonolithStage2

GAGARIN: Succeded in LoadableXmlAsset: MonolithGleaming_Transition

GAGARIN: Succeded in LoadableXmlAsset: MonolithGleaming_Sustained

GAGARIN: Succeded in LoadableXmlAsset: MonolithGleamingPyramid_Sustained

GAGARIN: Succeded in LoadableXmlAsset: EnergyCrackle_Sketch

GAGARIN: Succeded in LoadableXmlAsset: MonolithLevelChanged

GAGARIN: Succeded in LoadableXmlAsset: PsychicRitual_Candles

GAGARIN: Succeded in LoadableXmlAsset: VoidNodeAttached

GAGARIN: Succeded in LoadableXmlAsset: VoidNodeDisruptedFlashes

GAGARIN: Succeded in LoadableXmlAsset: VoidNodeDisrupted

GAGARIN: Succeded in LoadableXmlAsset: DeathRefusalAvailable

GAGARIN: Succeded in LoadableXmlAsset: DeathRefusalUse

GAGARIN: Succeded in LoadableXmlAsset: PitGateAboveGroundCollapseStage1

GAGARIN: Succeded in LoadableXmlAsset: PitGateAboveGroundCollapseStage2

GAGARIN: Succeded in LoadableXmlAsset: PitGateAboveGroundCollapsed

GAGARIN: Succeded in LoadableXmlAsset: FillingInPitGate

GAGARIN: Succeded in LoadableXmlAsset: DeadlifeReleasing

GAGARIN: Succeded in LoadableXmlAsset: VoidStructureSpawningSkipSequence

GAGARIN: Succeded in LoadableXmlAsset: VoidStructureActivating

GAGARIN: Succeded in LoadableXmlAsset: VoidStructureActivated

GAGARIN: Succeded in LoadableXmlAsset: VoidStructureActivatedAmbience

GAGARIN: Succeded in LoadableXmlAsset: ProximityDetectorAlert

GAGARIN: Succeded in LoadableXmlAsset: DisruptorFlareAttached

GAGARIN: Succeded in LoadableXmlAsset: DisruptorDestroyWarning

GAGARIN: Succeded in LoadableXmlAsset: DisruptorFlareLanded

GAGARIN: Succeded in LoadableXmlAsset: Fire_SpewBioferrite

GAGARIN: Succeded in LoadableXmlAsset: IncineratorBeam_End

GAGARIN: Succeded in LoadableXmlAsset: Shell_AcidSpitStream

GAGARIN: Succeded in LoadableXmlAsset: Shell_AcidSpitLaunched

GAGARIN: Succeded in LoadableXmlAsset: Shell_AcidSpitImpact

GAGARIN: Succeded in LoadableXmlAsset: BurnerUsed

GAGARIN: Succeded in LoadableXmlAsset: StudyHoraxian

GAGARIN: Succeded in LoadableXmlAsset: GhoulFrenzy

GAGARIN: Succeded in LoadableXmlAsset: RevenantDeath

GAGARIN: Succeded in LoadableXmlAsset: TestCameraFX

GAGARIN: Succeded in LoadableXmlAsset: VoidStructureIncoming

GAGARIN: Succeded in LoadableXmlAsset: UndercaveMapAmbience

GAGARIN: Succeded in LoadableXmlAsset: UndercaveMapAmbienceWater

GAGARIN: Succeded in LoadableXmlAsset: BiomutationLanceWarmup

GAGARIN: Succeded in LoadableXmlAsset: BiomutationPulserWarmup

GAGARIN: Succeded in LoadableXmlAsset: BiomutationPulserUsed

GAGARIN: Succeded in LoadableXmlAsset: MonolithTwisting

GAGARIN: Succeded in LoadableXmlAsset: MonolithTwistingIntense

GAGARIN: Succeded in LoadableXmlAsset: MonolithAutoActivating

GAGARIN: Succeded in LoadableXmlAsset: AtmosphericHeaterAmbience

GAGARIN: Succeded in LoadableXmlAsset: BioferriteHarvesterAmbience

GAGARIN: Succeded in LoadableXmlAsset: TerrifyingHallucinations

GAGARIN: Succeded in LoadableXmlAsset: ChimeraRage

GAGARIN: Succeded in LoadableXmlAsset: HarbingerTreeConsume

GAGARIN: Succeded in LoadableXmlAsset: HarbingerTreeWillConsume

GAGARIN: Succeded in LoadableXmlAsset: RevenantHypnosis

GAGARIN: Succeded in LoadableXmlAsset: RageSpeedState

GAGARIN: Succeded in LoadableXmlAsset: MetalHellAmbience

GAGARIN: Succeded in LoadableXmlAsset: ActivitySuppression

GAGARIN: Succeded in LoadableXmlAsset: MonolithL0Glow

GAGARIN: Succeded in LoadableXmlAsset: MetalhorrorDeath

GAGARIN: Succeded in LoadableXmlAsset: MonolithGleamingVoidNode

GAGARIN: Succeded in LoadableXmlAsset: ObeliskExplosionWarmup

GAGARIN: Succeded in LoadableXmlAsset: HoldingPlatformChainSparks

GAGARIN: Succeded in LoadableXmlAsset: RevenantKilledCompleteBurst

GAGARIN: Succeded in LoadableXmlAsset: FleckShamblerDecay

GAGARIN: Succeded in LoadableXmlAsset: MeatExplosionSplatter

GAGARIN: Succeded in LoadableXmlAsset: MeatExplosionSplatterTerrain

GAGARIN: Succeded in LoadableXmlAsset: ShamblerRaiseSplatter

GAGARIN: Succeded in LoadableXmlAsset: MonolithLevelChanged

GAGARIN: Succeded in LoadableXmlAsset: DirtyExpandingRingShort

GAGARIN: Succeded in LoadableXmlAsset: VoidNodeCollapsingRing

GAGARIN: Succeded in LoadableXmlAsset: VoidNodeCollapseDirtyGroundFogSlow

GAGARIN: Succeded in LoadableXmlAsset: VoidNodeCollapseContractRingSlow

GAGARIN: Succeded in LoadableXmlAsset: VoidNodeCollapseContractRingSlowLow

GAGARIN: Succeded in LoadableXmlAsset: NociosphereDepartingRing

GAGARIN: Succeded in LoadableXmlAsset: NociosphereDepartCompleteDistortion

GAGARIN: Succeded in LoadableXmlAsset: HoraxianHugeSpellLightWarmup

GAGARIN: Succeded in LoadableXmlAsset: HoraxianHugeSpellDarkWarmup

GAGARIN: Succeded in LoadableXmlAsset: HoraxianBurstDistortion

GAGARIN: Succeded in LoadableXmlAsset: HoraxianBurstDistortionSmall

GAGARIN: Succeded in LoadableXmlAsset: HoraxianBurstDistortionSmallDark

GAGARIN: Succeded in LoadableXmlAsset: HoraxianField

GAGARIN: Succeded in LoadableXmlAsset: HoraxianFieldQuickRing

GAGARIN: Succeded in LoadableXmlAsset: HoraxianFieldQuickRingCurved

GAGARIN: Succeded in LoadableXmlAsset: PsychicRitualRiserRing

GAGARIN: Succeded in LoadableXmlAsset: PsychicRitual_Complete

GAGARIN: Succeded in LoadableXmlAsset: HoraxianSnakeQuick

GAGARIN: Succeded in LoadableXmlAsset: HoraxianClouds

GAGARIN: Succeded in LoadableXmlAsset: HoraxianSparks

GAGARIN: Succeded in LoadableXmlAsset: HoraxianWhiteRing

GAGARIN: Succeded in LoadableXmlAsset: VoidAwakeningStructureActivated

GAGARIN: Succeded in LoadableXmlAsset: PsychicRitual_Sustained

GAGARIN: Succeded in LoadableXmlAsset: PsychicDistortionRibbon

GAGARIN: Succeded in LoadableXmlAsset: HoraxianRibbon

GAGARIN: Succeded in LoadableXmlAsset: PsychicDistortionRingContracting

GAGARIN: Succeded in LoadableXmlAsset: PsychicDistortionRingContractingQuick

GAGARIN: Succeded in LoadableXmlAsset: DistortionPulse

GAGARIN: Succeded in LoadableXmlAsset: DarkHighlightRing

GAGARIN: Succeded in LoadableXmlAsset: MonolithShadow

GAGARIN: Succeded in LoadableXmlAsset: DarkHighlightRing_FullDirty

GAGARIN: Succeded in LoadableXmlAsset: HoraxianField_LongDecay

GAGARIN: Succeded in LoadableXmlAsset: MonolithLowLightningRing

GAGARIN: Succeded in LoadableXmlAsset: EnergyCrackle

GAGARIN: Succeded in LoadableXmlAsset: PsychicRitual_Candle

GAGARIN: Succeded in LoadableXmlAsset: VoidNodeCore_DebrisBit

GAGARIN: Succeded in LoadableXmlAsset: VoidNodeDisrupted

GAGARIN: Succeded in LoadableXmlAsset: DirtyExpandingRingShortDist

GAGARIN: Succeded in LoadableXmlAsset: VoidNodeLowLightningRing

GAGARIN: Succeded in LoadableXmlAsset: VoidNodeHighLightningRing

GAGARIN: Succeded in LoadableXmlAsset: VoidNodeLowestGroundFlashes

GAGARIN: Succeded in LoadableXmlAsset: DeathRefusalPulse

GAGARIN: Succeded in LoadableXmlAsset: DeathRefusalBubble

GAGARIN: Succeded in LoadableXmlAsset: DeathRefusalSplatter

GAGARIN: Succeded in LoadableXmlAsset: SputteringBlackPuff

GAGARIN: Succeded in LoadableXmlAsset: PitGateCollapseDust

GAGARIN: Succeded in LoadableXmlAsset: PitGateCollapseDustThick

GAGARIN: Succeded in LoadableXmlAsset: PitGateCollapseDustVeryFine

GAGARIN: Succeded in LoadableXmlAsset: SheetingDust

GAGARIN: Succeded in LoadableXmlAsset: DustImpact

GAGARIN: Succeded in LoadableXmlAsset: BouncingDebris

GAGARIN: Succeded in LoadableXmlAsset: PitGateCollapsedDistortion

GAGARIN: Succeded in LoadableXmlAsset: PitGateCollapseForce

GAGARIN: Succeded in LoadableXmlAsset: PitGateCollapseRays

GAGARIN: Succeded in LoadableXmlAsset: PitGateCollapseCenterFlash

GAGARIN: Succeded in LoadableXmlAsset: GleamingLensFlare

GAGARIN: Succeded in LoadableXmlAsset: DirtClod

GAGARIN: Succeded in LoadableXmlAsset: ObeliskActionDarkHighlightRing

GAGARIN: Succeded in LoadableXmlAsset: AbductWarmupSpark

GAGARIN: Succeded in LoadableXmlAsset: Fleck_DeadlifeSmall

GAGARIN: Succeded in LoadableXmlAsset: ProximityDetectorFlare

GAGARIN: Succeded in LoadableXmlAsset: ProximityDetectorGem

GAGARIN: Succeded in LoadableXmlAsset: VoidStructureActivatingRing

GAGARIN: Succeded in LoadableXmlAsset: VoidStructureLowRing

GAGARIN: Succeded in LoadableXmlAsset: FireSpew_A_Bioferrite

GAGARIN: Succeded in LoadableXmlAsset: FireSpew_Base_Bioferrite

GAGARIN: Succeded in LoadableXmlAsset: FireSpew_Glow_Bioferrite

GAGARIN: Succeded in LoadableXmlAsset: Fleck_IncineratorBeamBurn

GAGARIN: Succeded in LoadableXmlAsset: IncineratorBeamEnd_Glow

GAGARIN: Succeded in LoadableXmlAsset: Fleck_IncineratorBeamSmoke

GAGARIN: Succeded in LoadableXmlAsset: Fleck_BurnerUsedSmoke

GAGARIN: Succeded in LoadableXmlAsset: Fleck_BurnerUsedEmber

GAGARIN: Succeded in LoadableXmlAsset: Fleck_BurnerUsedEmberBlack

GAGARIN: Succeded in LoadableXmlAsset: UnnaturalHealing

GAGARIN: Succeded in LoadableXmlAsset: DisruptorFlareGlow

GAGARIN: Succeded in LoadableXmlAsset: DisruptorDestroyWarnSmoke

GAGARIN: Succeded in LoadableXmlAsset: DisruptorFlareImpactPulse

GAGARIN: Succeded in LoadableXmlAsset: Fleck_AcidSpitLaunchedMist

GAGARIN: Succeded in LoadableXmlAsset: Fleck_AcidSpitLaunchedDenseMist

GAGARIN: Succeded in LoadableXmlAsset: Fleck_AcidSpitLaunchedGlob

GAGARIN: Succeded in LoadableXmlAsset: Fleck_AcidSpitLaunchedGlobFast

GAGARIN: Succeded in LoadableXmlAsset: Fleck_AcidSpitImpact

GAGARIN: Succeded in LoadableXmlAsset: Fleck_Studying

GAGARIN: Succeded in LoadableXmlAsset: StressAura

GAGARIN: Succeded in LoadableXmlAsset: StressSpikes

GAGARIN: Succeded in LoadableXmlAsset: RevenantDeath

GAGARIN: Succeded in LoadableXmlAsset: RevenantDeathDrip1

GAGARIN: Succeded in LoadableXmlAsset: RevenantDeathDrip2

GAGARIN: Succeded in LoadableXmlAsset: RevenantDeathDrip3

GAGARIN: Succeded in LoadableXmlAsset: RevenantDeathPuddle

GAGARIN: Succeded in LoadableXmlAsset: VoidStructureIncomingFast

GAGARIN: Succeded in LoadableXmlAsset: VoidStructureIncomingSlow

GAGARIN: Succeded in LoadableXmlAsset: MonolithTwistingRingSlow

GAGARIN: Succeded in LoadableXmlAsset: TachycardiacArrestRiserRing

GAGARIN: Succeded in LoadableXmlAsset: CaveWaterDrip

GAGARIN: Succeded in LoadableXmlAsset: CaveWaterSpray

GAGARIN: Succeded in LoadableXmlAsset: PulsingDistortionRing

GAGARIN: Succeded in LoadableXmlAsset: ExpandingDistortionRing

GAGARIN: Succeded in LoadableXmlAsset: ExpandingDistortionRingFast

GAGARIN: Succeded in LoadableXmlAsset: BioferriteHarvesterWorking

GAGARIN: Succeded in LoadableXmlAsset: HeatDistortion

GAGARIN: Succeded in LoadableXmlAsset: FerroBlob

GAGARIN: Succeded in LoadableXmlAsset: HoraxianFerroBlob

GAGARIN: Succeded in LoadableXmlAsset: FerroBlobComplex

GAGARIN: Succeded in LoadableXmlAsset: FerroWave

GAGARIN: Succeded in LoadableXmlAsset: TwistingMonolithLights

GAGARIN: Succeded in LoadableXmlAsset: TwistingMonolithLightsIntense

GAGARIN: Succeded in LoadableXmlAsset: GleamingMonolithLights

GAGARIN: Succeded in LoadableXmlAsset: TerrifyingHallucinationsHigh

GAGARIN: Succeded in LoadableXmlAsset: TerrifyingHallucinationsLow

GAGARIN: Succeded in LoadableXmlAsset: ChimeraRage

GAGARIN: Succeded in LoadableXmlAsset: RevenantHypnosis

GAGARIN: Succeded in LoadableXmlAsset: RageSpeedBit

GAGARIN: Succeded in LoadableXmlAsset: MonolithL0FlareHint

GAGARIN: Succeded in LoadableXmlAsset: MonolithL0CrackGlow

GAGARIN: Succeded in LoadableXmlAsset: MetalhorrorDeath

GAGARIN: Succeded in LoadableXmlAsset: MetalhorrorDeathFlash

GAGARIN: Succeded in LoadableXmlAsset: HoldingPlatformChainSparks

GAGARIN: Succeded in LoadableXmlAsset: Mote_ShamblerAlert

GAGARIN: Succeded in LoadableXmlAsset: Mote_RevenantHeard

GAGARIN: Succeded in LoadableXmlAsset: Mote_MeatExplosionMist

GAGARIN: Succeded in LoadableXmlAsset: Mote_MeatExplosionFlyingSplatter

GAGARIN: Succeded in LoadableXmlAsset: Mote_MeatExplosionFlyingPiece

GAGARIN: Succeded in LoadableXmlAsset: Mote_MeatExplosionFlyingPieceOverloaded

GAGARIN: Succeded in LoadableXmlAsset: TachycardiacArrestExplosion

GAGARIN: Succeded in LoadableXmlAsset: Mote_ShamblerRaiseMist

GAGARIN: Succeded in LoadableXmlAsset: Mote_HoraxHugeSpellWarmup

GAGARIN: Succeded in LoadableXmlAsset: Mote_HoraxSmallSpellWarmup

GAGARIN: Succeded in LoadableXmlAsset: Mote_PsychicBanshee

GAGARIN: Succeded in LoadableXmlAsset: Mote_ActivatedVoidStructure

GAGARIN: Succeded in LoadableXmlAsset: Mote_HateChantCall

GAGARIN: Succeded in LoadableXmlAsset: Mote_PsychicRitualInvocation

GAGARIN: Succeded in LoadableXmlAsset: Mote_HateChantShadow

GAGARIN: Succeded in LoadableXmlAsset: Mote_ChargingElectroCables

GAGARIN: Succeded in LoadableXmlAsset: Mote_BioFerriteHarvested

GAGARIN: Succeded in LoadableXmlAsset: Mote_PsychicDistortionRingContractingQuick

GAGARIN: Succeded in LoadableXmlAsset: Mote_FleshmelterBolt_Aim

GAGARIN: Succeded in LoadableXmlAsset: Mote_FleshmelterBolt_Charge

GAGARIN: Succeded in LoadableXmlAsset: Mote_FleshmelterBolt_Target

GAGARIN: Succeded in LoadableXmlAsset: Mote_DistortionPulse

GAGARIN: Succeded in LoadableXmlAsset: Mote_RitualCandleA

GAGARIN: Succeded in LoadableXmlAsset: Mote_RitualCandleB

GAGARIN: Succeded in LoadableXmlAsset: Mote_RitualCandleC

GAGARIN: Succeded in LoadableXmlAsset: Mote_AbductWarmupDistortionRing

GAGARIN: Succeded in LoadableXmlAsset: Mote_AbductWarmupDistortionRingBuilding

GAGARIN: Succeded in LoadableXmlAsset: Mote_IncineratorBurst

GAGARIN: Succeded in LoadableXmlAsset: Mote_SparkSimple

GAGARIN: Succeded in LoadableXmlAsset: Mote_Clipboard

GAGARIN: Succeded in LoadableXmlAsset: BiomutationWarmup

GAGARIN: Succeded in LoadableXmlAsset: AtmosphericHeaterGlowingVents

GAGARIN: Succeded in LoadableXmlAsset: MetalHellFog

GAGARIN: Succeded in LoadableXmlAsset: MetalHellFogHigh

GAGARIN: Succeded in LoadableXmlAsset: VoidNodeDistortion

GAGARIN: Succeded in LoadableXmlAsset: Mote_HarbingerTreeRoots

GAGARIN: Succeded in LoadableXmlAsset: Mote_NoctolEyes

GAGARIN: Succeded in LoadableXmlAsset: Mote_VoidNode

GAGARIN: Succeded in LoadableXmlAsset: VoidNodeCore_DustA

GAGARIN: Succeded in LoadableXmlAsset: VoidNodeCore_DustB

GAGARIN: Succeded in LoadableXmlAsset: Mote_ObeliskExplosionWarmupArea

GAGARIN: Succeded in LoadableXmlAsset: Basic

GAGARIN: Succeded in LoadableXmlAsset: Advanced

GAGARIN: Succeded in LoadableXmlAsset: Ultimate

GAGARIN: Succeded in LoadableXmlAsset: VoidMonolith

GAGARIN: Succeded in LoadableXmlAsset: HarbingerTree

GAGARIN: Succeded in LoadableXmlAsset: Fleshbeasts

GAGARIN: Succeded in LoadableXmlAsset: Sightstealer

GAGARIN: Succeded in LoadableXmlAsset: Shambler

GAGARIN: Succeded in LoadableXmlAsset: Ghoul

GAGARIN: Succeded in LoadableXmlAsset: Gorehulk

GAGARIN: Succeded in LoadableXmlAsset: Deathpall

GAGARIN: Succeded in LoadableXmlAsset: PitGate

GAGARIN: Succeded in LoadableXmlAsset: Dreadmeld

GAGARIN: Succeded in LoadableXmlAsset: FleshmassHeart

GAGARIN: Succeded in LoadableXmlAsset: FleshmassNucleus

GAGARIN: Succeded in LoadableXmlAsset: Chimera

GAGARIN: Succeded in LoadableXmlAsset: Devourer

GAGARIN: Succeded in LoadableXmlAsset: Noctolith

GAGARIN: Succeded in LoadableXmlAsset: Noctol

GAGARIN: Succeded in LoadableXmlAsset: Revenant

GAGARIN: Succeded in LoadableXmlAsset: Metalhorror

GAGARIN: Succeded in LoadableXmlAsset: Nociosphere

GAGARIN: Succeded in LoadableXmlAsset: BloodRain

GAGARIN: Succeded in LoadableXmlAsset: TwistedObelisk

GAGARIN: Succeded in LoadableXmlAsset: CorruptedObelisk

GAGARIN: Succeded in LoadableXmlAsset: WarpedObelisk

GAGARIN: Succeded in LoadableXmlAsset: GoldenCube

GAGARIN: Succeded in LoadableXmlAsset: UnnaturalCorpse

GAGARIN: Succeded in LoadableXmlAsset: VoidStructure

GAGARIN: Succeded in LoadableXmlAsset: VoidNode

GAGARIN: Succeded in LoadableXmlAsset: HoraxCult

GAGARIN: Succeded in LoadableXmlAsset: Entities

GAGARIN: Succeded in LoadableXmlAsset: ResearchExpedition

GAGARIN: Succeded in LoadableXmlAsset: DeathPall

GAGARIN: Succeded in LoadableXmlAsset: GrayPall

GAGARIN: Succeded in LoadableXmlAsset: HateChantDrone

GAGARIN: Succeded in LoadableXmlAsset: UnnaturalDarkness

GAGARIN: Succeded in LoadableXmlAsset: BloodRain

GAGARIN: Succeded in LoadableXmlAsset: UnnaturalHeat

GAGARIN: Succeded in LoadableXmlAsset: Cultist

GAGARIN: Succeded in LoadableXmlAsset: DoubleTuft

GAGARIN: Succeded in LoadableXmlAsset: LargeTuft

GAGARIN: Succeded in LoadableXmlAsset: LongMess

GAGARIN: Succeded in LoadableXmlAsset: LongOily

GAGARIN: Succeded in LoadableXmlAsset: Parted

GAGARIN: Succeded in LoadableXmlAsset: PatchyShave

GAGARIN: Succeded in LoadableXmlAsset: RoughShave

GAGARIN: Succeded in LoadableXmlAsset: ShavedMohawk

GAGARIN: Succeded in LoadableXmlAsset: ShortCut

GAGARIN: Succeded in LoadableXmlAsset: SideCut

GAGARIN: Succeded in LoadableXmlAsset: SideSpikes

GAGARIN: Succeded in LoadableXmlAsset: FleshmassStomach

GAGARIN: Succeded in LoadableXmlAsset: FleshmassLung

GAGARIN: Succeded in LoadableXmlAsset: Tentacle

GAGARIN: Succeded in LoadableXmlAsset: FleshWhip

GAGARIN: Succeded in LoadableXmlAsset: UnfinishedHealthItemGhoul

GAGARIN: Succeded in LoadableXmlAsset: GhoulPlating

GAGARIN: Succeded in LoadableXmlAsset: GhoulPlating

GAGARIN: Succeded in LoadableXmlAsset: InstallGhoulPlating

GAGARIN: Succeded in LoadableXmlAsset: GhoulBarbs

GAGARIN: Succeded in LoadableXmlAsset: GhoulBarbs

GAGARIN: Succeded in LoadableXmlAsset: InstallGhoulBarbs

GAGARIN: Succeded in LoadableXmlAsset: AdrenalHeart

GAGARIN: Succeded in LoadableXmlAsset: AdrenalHeart

GAGARIN: Succeded in LoadableXmlAsset: InstallAdrenalHeart

GAGARIN: Succeded in LoadableXmlAsset: CorrosiveHeart

GAGARIN: Succeded in LoadableXmlAsset: CorrosiveHeart

GAGARIN: Succeded in LoadableXmlAsset: InstallCorrosiveHeart

GAGARIN: Succeded in LoadableXmlAsset: MetalbloodHeart

GAGARIN: Succeded in LoadableXmlAsset: MetalbloodHeart

GAGARIN: Succeded in LoadableXmlAsset: InstallMetalbloodHeart

GAGARIN: Succeded in LoadableXmlAsset: RevenantVertebrae

GAGARIN: Succeded in LoadableXmlAsset: RevenantVertebrae

GAGARIN: Succeded in LoadableXmlAsset: InstallRevenantVertebrae

GAGARIN: Succeded in LoadableXmlAsset: HoraxianInvisibility

GAGARIN: Succeded in LoadableXmlAsset: RevenantHypnosis

GAGARIN: Succeded in LoadableXmlAsset: AwokenHypnosis

GAGARIN: Succeded in LoadableXmlAsset: DeathRefusal

GAGARIN: Succeded in LoadableXmlAsset: DeathRefusalCreepJoiner

GAGARIN: Succeded in LoadableXmlAsset: DeathRefusalSickness

GAGARIN: Succeded in LoadableXmlAsset: Regeneration

GAGARIN: Succeded in LoadableXmlAsset: PainField

GAGARIN: Succeded in LoadableXmlAsset: AgonyPulse

GAGARIN: Succeded in LoadableXmlAsset: MetalhorrorImplant

GAGARIN: Succeded in LoadableXmlAsset: MetalhorrorSpeedBoost

GAGARIN: Succeded in LoadableXmlAsset: DarkPsychicShock

GAGARIN: Succeded in LoadableXmlAsset: PsychicTrance

GAGARIN: Succeded in LoadableXmlAsset: DuplicateSickness

GAGARIN: Succeded in LoadableXmlAsset: CrumblingMindUndiagnosedDuplication

GAGARIN: Succeded in LoadableXmlAsset: CrumblingMindUndiagnosedCreepjoiner

GAGARIN: Succeded in LoadableXmlAsset: CrumblingMind

GAGARIN: Succeded in LoadableXmlAsset: CrumbledMind

GAGARIN: Succeded in LoadableXmlAsset: BlissLobotomy

GAGARIN: Succeded in LoadableXmlAsset: DisruptorFlash

GAGARIN: Succeded in LoadableXmlAsset: PleasurePulse

GAGARIN: Succeded in LoadableXmlAsset: NeurosisPulse

GAGARIN: Succeded in LoadableXmlAsset: Voidsight

GAGARIN: Succeded in LoadableXmlAsset: Metalblood

GAGARIN: Succeded in LoadableXmlAsset: MindNumbSerum

GAGARIN: Succeded in LoadableXmlAsset: JuggernautSerum

GAGARIN: Succeded in LoadableXmlAsset: BloodRage

GAGARIN: Succeded in LoadableXmlAsset: FrenzyField

GAGARIN: Succeded in LoadableXmlAsset: CubeInterest

GAGARIN: Succeded in LoadableXmlAsset: CubeWithdrawal

GAGARIN: Succeded in LoadableXmlAsset: CubeComa

GAGARIN: Succeded in LoadableXmlAsset: CubeRage

GAGARIN: Succeded in LoadableXmlAsset: VoidShock

GAGARIN: Succeded in LoadableXmlAsset: BrainwipeComa

GAGARIN: Succeded in LoadableXmlAsset: VoidTouched

GAGARIN: Succeded in LoadableXmlAsset: CorpseTorment

GAGARIN: Succeded in LoadableXmlAsset: PsychicallyDead

GAGARIN: Succeded in LoadableXmlAsset: Psychophage

GAGARIN: Succeded in LoadableXmlAsset: SleepSuppression

GAGARIN: Succeded in LoadableXmlAsset: ShardHolder

GAGARIN: Succeded in LoadableXmlAsset: RageSpeed

GAGARIN: Succeded in LoadableXmlAsset: Inhumanized

GAGARIN: Succeded in LoadableXmlAsset: LightExposure

GAGARIN: Succeded in LoadableXmlAsset: DarknessExposure

GAGARIN: Succeded in LoadableXmlAsset: BioferriteExtracted

GAGARIN: Succeded in LoadableXmlAsset: OrganDecayUndiagnosedDuplicaton

GAGARIN: Succeded in LoadableXmlAsset: OrganDecayUndiagnosedCreepjoiner

GAGARIN: Succeded in LoadableXmlAsset: OrganDecayCreepjoiner

GAGARIN: Succeded in LoadableXmlAsset: Digested

GAGARIN: Succeded in LoadableXmlAsset: EnergyBolt

GAGARIN: Succeded in LoadableXmlAsset: PsychicInjury

GAGARIN: Succeded in LoadableXmlAsset: PsychicInjurySkin

GAGARIN: Succeded in LoadableXmlAsset: PsychicInjurySolid

GAGARIN: Succeded in LoadableXmlAsset: Shambler

GAGARIN: Succeded in LoadableXmlAsset: Rising

GAGARIN: Succeded in LoadableXmlAsset: ShamblerCorpse

GAGARIN: Succeded in LoadableXmlAsset: Ghoul

GAGARIN: Succeded in LoadableXmlAsset: MeatHunger

GAGARIN: Succeded in LoadableXmlAsset: GhoulFrenzy

GAGARIN: Succeded in LoadableXmlAsset: ResurrectionComa

GAGARIN: Succeded in LoadableXmlAsset: AwokenCorpse

GAGARIN: Succeded in LoadableXmlAsset: RapidRegeneration

GAGARIN: Succeded in LoadableXmlAsset: Fleshbeast

GAGARIN: Succeded in LoadableXmlAsset: AnomalyEntity

GAGARIN: Succeded in LoadableXmlAsset: EntityAttacked

GAGARIN: Succeded in LoadableXmlAsset: RevenantHypnotized

GAGARIN: Succeded in LoadableXmlAsset: DarkDialogue

GAGARIN: Succeded in LoadableXmlAsset: CreepyWords

GAGARIN: Succeded in LoadableXmlAsset: InhumanRambling

GAGARIN: Succeded in LoadableXmlAsset: DisturbingChat

GAGARIN: Succeded in LoadableXmlAsset: OccultTeaching

GAGARIN: Succeded in LoadableXmlAsset: PrisonerStudyAnomaly

GAGARIN: Succeded in LoadableXmlAsset: InterrogateIdentity

GAGARIN: Succeded in LoadableXmlAsset: RevenantAttack

GAGARIN: Succeded in LoadableXmlAsset: RevenantWander

GAGARIN: Succeded in LoadableXmlAsset: RevenantEscape

GAGARIN: Succeded in LoadableXmlAsset: RevenantSleep

GAGARIN: Succeded in LoadableXmlAsset: SmashThing

GAGARIN: Succeded in LoadableXmlAsset: CarryToEntityHolder

GAGARIN: Succeded in LoadableXmlAsset: TransferBetweenEntityHolders

GAGARIN: Succeded in LoadableXmlAsset: CarryToEntityHolderAlreadyHolding

GAGARIN: Succeded in LoadableXmlAsset: ReleaseEntity

GAGARIN: Succeded in LoadableXmlAsset: TendEntity

GAGARIN: Succeded in LoadableXmlAsset: ExecuteEntity

GAGARIN: Succeded in LoadableXmlAsset: ExtractBioferrite

GAGARIN: Succeded in LoadableXmlAsset: ActivityDormant

GAGARIN: Succeded in LoadableXmlAsset: EntityGoPassive

GAGARIN: Succeded in LoadableXmlAsset: NociosphereDepart

GAGARIN: Succeded in LoadableXmlAsset: HateChanting

GAGARIN: Succeded in LoadableXmlAsset: TalkCreepJoiner

GAGARIN: Succeded in LoadableXmlAsset: GoldenCubePlay

GAGARIN: Succeded in LoadableXmlAsset: BuildCubeSculpture

GAGARIN: Succeded in LoadableXmlAsset: InvestigateMonolith

GAGARIN: Succeded in LoadableXmlAsset: ActivateMonolith

GAGARIN: Succeded in LoadableXmlAsset: TakeBioferriteOutOfHarvester

GAGARIN: Succeded in LoadableXmlAsset: ChimeraSwitchToAttackMode

GAGARIN: Succeded in LoadableXmlAsset: DevourerDigest

GAGARIN: Succeded in LoadableXmlAsset: UnnaturalCorpseAttack

GAGARIN: Succeded in LoadableXmlAsset: UnnaturalCorpseSkip

GAGARIN: Succeded in LoadableXmlAsset: FleeAndCowerShort

GAGARIN: Succeded in LoadableXmlAsset: PrisonerInterrogateIdentity

GAGARIN: Succeded in LoadableXmlAsset: ActivitySuppression

GAGARIN: Succeded in LoadableXmlAsset: Basic

GAGARIN: Succeded in LoadableXmlAsset: Advanced

GAGARIN: Succeded in LoadableXmlAsset: Labyrinth

GAGARIN: Succeded in LoadableXmlAsset: LabyrinthEmpty

GAGARIN: Succeded in LoadableXmlAsset: LabyrinthEndlessPit

GAGARIN: Succeded in LoadableXmlAsset: LabyrinthObelisk

GAGARIN: Succeded in LoadableXmlAsset: LabyrinthFloorEtchings

GAGARIN: Succeded in LoadableXmlAsset: LabyrinthStatueDeadlife

GAGARIN: Succeded in LoadableXmlAsset: LabyrinthStatueTeleporter

GAGARIN: Succeded in LoadableXmlAsset: LabyrinthDeadBody

GAGARIN: Succeded in LoadableXmlAsset: LabyrinthCorpseRoom

GAGARIN: Succeded in LoadableXmlAsset: LabyrinthSleepingFleshbeast

GAGARIN: Succeded in LoadableXmlAsset: LabyrinthAbandonedCamp

GAGARIN: Succeded in LoadableXmlAsset: LabyrinthAnimalCorpses

GAGARIN: Succeded in LoadableXmlAsset: LabyrinthAnimals

GAGARIN: Succeded in LoadableXmlAsset: LabyrinthHarbinger

GAGARIN: Succeded in LoadableXmlAsset: LabyrinthTrees

GAGARIN: Succeded in LoadableXmlAsset: LabyrinthGrayBox

GAGARIN: Succeded in LoadableXmlAsset: LabyrinthLargeGrayBox

GAGARIN: Succeded in LoadableXmlAsset: LabyrinthLargeEmptyGrayBox

GAGARIN: Succeded in LoadableXmlAsset: LabyrinthFloorRamblings

GAGARIN: Succeded in LoadableXmlAsset: LabyrinthChildRoom

GAGARIN: Succeded in LoadableXmlAsset: EntityFullyFormed

GAGARIN: Succeded in LoadableXmlAsset: FullyFormed_Toughspike

GAGARIN: Succeded in LoadableXmlAsset: MetalhorrorLarva

GAGARIN: Succeded in LoadableXmlAsset: MetalhorrorJuvenile

GAGARIN: Succeded in LoadableXmlAsset: MetalhorrorMature

GAGARIN: Succeded in LoadableXmlAsset: HarbingerTrees

GAGARIN: Succeded in LoadableXmlAsset: VoidMonolith

GAGARIN: Succeded in LoadableXmlAsset: Labyrinth

GAGARIN: Succeded in LoadableXmlAsset: Labyrinth

GAGARIN: Succeded in LoadableXmlAsset: Labyrinth

GAGARIN: Succeded in LoadableXmlAsset: MetalHell

GAGARIN: Succeded in LoadableXmlAsset: MetalHell

GAGARIN: Succeded in LoadableXmlAsset: MetalHell

GAGARIN: Succeded in LoadableXmlAsset: Undercave

GAGARIN: Succeded in LoadableXmlAsset: Fleshmass

GAGARIN: Succeded in LoadableXmlAsset: FleshSacks

GAGARIN: Succeded in LoadableXmlAsset: Fleshbulbs

GAGARIN: Succeded in LoadableXmlAsset: Dreadmeld

GAGARIN: Succeded in LoadableXmlAsset: UndercaveInterest

GAGARIN: Succeded in LoadableXmlAsset: Undercave

GAGARIN: Succeded in LoadableXmlAsset: Void

GAGARIN: Succeded in LoadableXmlAsset: Inhuman

GAGARIN: Succeded in LoadableXmlAsset: Ritualist

GAGARIN: Succeded in LoadableXmlAsset: DarkVisions

GAGARIN: Succeded in LoadableXmlAsset: DarkVisions

GAGARIN: Succeded in LoadableXmlAsset: InsaneRamblings

GAGARIN: Succeded in LoadableXmlAsset: InsaneRamblings

GAGARIN: Succeded in LoadableXmlAsset: EntityKiller

GAGARIN: Succeded in LoadableXmlAsset: EntityKiller

GAGARIN: Succeded in LoadableXmlAsset: EntityLiberator

GAGARIN: Succeded in LoadableXmlAsset: EntityLiberator

GAGARIN: Succeded in LoadableXmlAsset: TerrifyingHallucinations

GAGARIN: Succeded in LoadableXmlAsset: TerrifyingHallucinations

GAGARIN: Succeded in LoadableXmlAsset: HumanityBreak

GAGARIN: Succeded in LoadableXmlAsset: HumanityBreak

GAGARIN: Succeded in LoadableXmlAsset: BerserkShort

GAGARIN: Succeded in LoadableXmlAsset: BerserkShort

GAGARIN: Succeded in LoadableXmlAsset: ManhunterBloodRain

GAGARIN: Succeded in LoadableXmlAsset: CubeSculpting

GAGARIN: Succeded in LoadableXmlAsset: CubeSculpting

GAGARIN: Succeded in LoadableXmlAsset: Anomaly

GAGARIN: Succeded in LoadableXmlAsset: Ghoul_Furious

GAGARIN: Succeded in LoadableXmlAsset: Ghoul_Hungry

GAGARIN: Succeded in LoadableXmlAsset: Ghoul_Ravenous

GAGARIN: Succeded in LoadableXmlAsset: Ghoul_Twisted

GAGARIN: Succeded in LoadableXmlAsset: Ghoul_Vengeful

GAGARIN: Succeded in LoadableXmlAsset: Ghoul_Warped

GAGARIN: Succeded in LoadableXmlAsset: Ghoul_Wicked

GAGARIN: Succeded in LoadableXmlAsset: Ghoul_Normal

GAGARIN: Succeded in LoadableXmlAsset: Ghoul_Heavy

GAGARIN: Succeded in LoadableXmlAsset: Ghoul_Narrow

GAGARIN: Succeded in LoadableXmlAsset: Ghoul_Wide

GAGARIN: Succeded in LoadableXmlAsset: CultEscapee

GAGARIN: Succeded in LoadableXmlAsset: TimelessOne

GAGARIN: Succeded in LoadableXmlAsset: DarkScholar_Female

GAGARIN: Succeded in LoadableXmlAsset: DarkScholar_Male

GAGARIN: Succeded in LoadableXmlAsset: Leathery_Female

GAGARIN: Succeded in LoadableXmlAsset: Leathery_Male

GAGARIN: Succeded in LoadableXmlAsset: GhoulInfusionPerformed

GAGARIN: Succeded in LoadableXmlAsset: BecameMutant

GAGARIN: Succeded in LoadableXmlAsset: DestroyedVoidMonolith

GAGARIN: Succeded in LoadableXmlAsset: Inactive

GAGARIN: Succeded in LoadableXmlAsset: Stirring

GAGARIN: Succeded in LoadableXmlAsset: Waking

GAGARIN: Succeded in LoadableXmlAsset: VoidAwakened

GAGARIN: Succeded in LoadableXmlAsset: Gleaming

GAGARIN: Succeded in LoadableXmlAsset: Embraced

GAGARIN: Succeded in LoadableXmlAsset: Disrupted

GAGARIN: Succeded in LoadableXmlAsset: Shambler

GAGARIN: Succeded in LoadableXmlAsset: Ghoul

GAGARIN: Succeded in LoadableXmlAsset: AwokenCorpse

GAGARIN: Succeded in LoadableXmlAsset: VoidmetalRoof

GAGARIN: Succeded in LoadableXmlAsset: Shamblers

GAGARIN: Succeded in LoadableXmlAsset: Fleshbeasts

GAGARIN: Succeded in LoadableXmlAsset: FleshbeastsWithDreadmeld

GAGARIN: Succeded in LoadableXmlAsset: Sightstealers

GAGARIN: Succeded in LoadableXmlAsset: Metalhorrors

GAGARIN: Succeded in LoadableXmlAsset: PsychicRitualSiege

GAGARIN: Succeded in LoadableXmlAsset: Gorehulks

GAGARIN: Succeded in LoadableXmlAsset: Devourers

GAGARIN: Succeded in LoadableXmlAsset: Noctols

GAGARIN: Succeded in LoadableXmlAsset: SightstealersNoctols

GAGARIN: Succeded in LoadableXmlAsset: Chimeras

GAGARIN: Succeded in LoadableXmlAsset: Nociosphere

GAGARIN: Succeded in LoadableXmlAsset: Metalhorror

GAGARIN: Succeded in LoadableXmlAsset: Revenant

GAGARIN: Succeded in LoadableXmlAsset: Sightstealer

GAGARIN: Succeded in LoadableXmlAsset: Noctol

GAGARIN: Succeded in LoadableXmlAsset: FleshmassNucleus

GAGARIN: Succeded in LoadableXmlAsset: Gorehulk

GAGARIN: Succeded in LoadableXmlAsset: Devourer

GAGARIN: Succeded in LoadableXmlAsset: Chimera

GAGARIN: Succeded in LoadableXmlAsset: Bulbfreak

GAGARIN: Succeded in LoadableXmlAsset: Fingerspike

GAGARIN: Succeded in LoadableXmlAsset: Toughspike

GAGARIN: Succeded in LoadableXmlAsset: Trispike

GAGARIN: Succeded in LoadableXmlAsset: Dreadmeld

GAGARIN: Succeded in LoadableXmlAsset: Horaxian_Underthrall

GAGARIN: Succeded in LoadableXmlAsset: Horaxian_Gunner

GAGARIN: Succeded in LoadableXmlAsset: Horaxian_Highthrall

GAGARIN: Succeded in LoadableXmlAsset: ShamblerSwarmer

GAGARIN: Succeded in LoadableXmlAsset: ShamblerSoldier

GAGARIN: Succeded in LoadableXmlAsset: ShamblerGorehulk

GAGARIN: Succeded in LoadableXmlAsset: Ghoul

GAGARIN: Succeded in LoadableXmlAsset: Researcher

GAGARIN: Succeded in LoadableXmlAsset: Bulbfreak

GAGARIN: Succeded in LoadableXmlAsset: Toughspike

GAGARIN: Succeded in LoadableXmlAsset: Trispike

GAGARIN: Succeded in LoadableXmlAsset: Fingerspike

GAGARIN: Succeded in LoadableXmlAsset: Dreadmeld

GAGARIN: Succeded in LoadableXmlAsset: Revenant

GAGARIN: Succeded in LoadableXmlAsset: Devourer

GAGARIN: Succeded in LoadableXmlAsset: Nociosphere

GAGARIN: Succeded in LoadableXmlAsset: Inhumanizing

GAGARIN: Succeded in LoadableXmlAsset: Inhumanizing_Required

GAGARIN: Succeded in LoadableXmlAsset: Inhumanizing_Required_Human

GAGARIN: Succeded in LoadableXmlAsset: PsychicRituals

GAGARIN: Succeded in LoadableXmlAsset: PsychicRitualPerformed

GAGARIN: Succeded in LoadableXmlAsset: InvolvedInPsychicRitual

GAGARIN: Succeded in LoadableXmlAsset: WasPsychicRitualTarget

GAGARIN: Succeded in LoadableXmlAsset: PsychicRituals_Abhorrent

GAGARIN: Succeded in LoadableXmlAsset: PsychicRituals_Disapproved

GAGARIN: Succeded in LoadableXmlAsset: PsychicRituals_Exalted

GAGARIN: Succeded in LoadableXmlAsset: PsychicRitualPerformed_Abhorrent

GAGARIN: Succeded in LoadableXmlAsset: InvolvedInPsychicRitual_Abhorrent

GAGARIN: Succeded in LoadableXmlAsset: InvolvedInPsychicRitual_Social_Abhorrent

GAGARIN: Succeded in LoadableXmlAsset: PsychicRitualPerformed_Disapproved

GAGARIN: Succeded in LoadableXmlAsset: InvolvedInPsychicRitual_Disapproved

GAGARIN: Succeded in LoadableXmlAsset: InvolvedInPsychicRitual_Social_Disapproved

GAGARIN: Succeded in LoadableXmlAsset: InvolvedInPsychicRitual_Exalted

GAGARIN: Succeded in LoadableXmlAsset: InvolvedInPsychicRitual_Social_Exalted

GAGARIN: Succeded in LoadableXmlAsset: NoPsychicRituals

GAGARIN: Succeded in LoadableXmlAsset: VoidStudy

GAGARIN: Succeded in LoadableXmlAsset: VoidStudy_VeryInefficient

GAGARIN: Succeded in LoadableXmlAsset: VoidStudy_Inefficient

GAGARIN: Succeded in LoadableXmlAsset: VoidStudy_Efficient

GAGARIN: Succeded in LoadableXmlAsset: VoidStudy_VeryEfficient

GAGARIN: Succeded in LoadableXmlAsset: VoidFollowers

GAGARIN: Succeded in LoadableXmlAsset: Study

GAGARIN: Succeded in LoadableXmlAsset: Interrogate

GAGARIN: Succeded in LoadableXmlAsset: Invoker

GAGARIN: Succeded in LoadableXmlAsset: Chanter

GAGARIN: Succeded in LoadableXmlAsset: ChanterAdvanced

GAGARIN: Succeded in LoadableXmlAsset: Defender

GAGARIN: Succeded in LoadableXmlAsset: DeathRefusalTarget

GAGARIN: Succeded in LoadableXmlAsset: PhilophagyTarget

GAGARIN: Succeded in LoadableXmlAsset: ChronophagyTarget

GAGARIN: Succeded in LoadableXmlAsset: BrainwipeTarget

GAGARIN: Succeded in LoadableXmlAsset: PsychophagyTarget

GAGARIN: Succeded in LoadableXmlAsset: VoidProvocation

GAGARIN: Succeded in LoadableXmlAsset: ImbueDeathRefusal

GAGARIN: Succeded in LoadableXmlAsset: Philophagy

GAGARIN: Succeded in LoadableXmlAsset: SummonAnimals

GAGARIN: Succeded in LoadableXmlAsset: SummonShamblers

GAGARIN: Succeded in LoadableXmlAsset: SummonPitGate

GAGARIN: Succeded in LoadableXmlAsset: Chronophagy

GAGARIN: Succeded in LoadableXmlAsset: PleasurePulse

GAGARIN: Succeded in LoadableXmlAsset: NeurosisPulse

GAGARIN: Succeded in LoadableXmlAsset: BloodRain

GAGARIN: Succeded in LoadableXmlAsset: Brainwipe

GAGARIN: Succeded in LoadableXmlAsset: Psychophagy

GAGARIN: Succeded in LoadableXmlAsset: SkipAbduction

GAGARIN: Succeded in LoadableXmlAsset: SkipAbductionPlayer

GAGARIN: Succeded in LoadableXmlAsset: SummonFleshbeasts

GAGARIN: Succeded in LoadableXmlAsset: SummonFleshbeastsPlayer

GAGARIN: Succeded in LoadableXmlAsset: CreepJoinerArrival

GAGARIN: Succeded in LoadableXmlAsset: CreepJoinerArrival_Metalhorror

GAGARIN: Succeded in LoadableXmlAsset: OpportunitySite_DistressCall

GAGARIN: Succeded in LoadableXmlAsset: EndGame_VoidMonolith

GAGARIN: Succeded in LoadableXmlAsset: EndGame_VoidAwakening

GAGARIN: Succeded in LoadableXmlAsset: MonolithMigration

GAGARIN: Succeded in LoadableXmlAsset: MysteriousCargoUnnaturalCorpse

GAGARIN: Succeded in LoadableXmlAsset: MysteriousCargoCube

GAGARIN: Succeded in LoadableXmlAsset: MysteriousCargoRevenantSpine

GAGARIN: Succeded in LoadableXmlAsset: SightstealerArrival

GAGARIN: Succeded in LoadableXmlAsset: RefugeePodCrash_Ghoul

GAGARIN: Succeded in LoadableXmlAsset: UnnaturalDarkness

GAGARIN: Succeded in LoadableXmlAsset: PsychicRitualSiege

GAGARIN: Succeded in LoadableXmlAsset: ShamblerAssault

GAGARIN: Succeded in LoadableXmlAsset: ExtractBioferrite

GAGARIN: Succeded in LoadableXmlAsset: BlissLobotomy

GAGARIN: Succeded in LoadableXmlAsset: GhoulInfusion

GAGARIN: Succeded in LoadableXmlAsset: SurgicalInspection

GAGARIN: Succeded in LoadableXmlAsset: KillsEntities

GAGARIN: Succeded in LoadableXmlAsset: PawnsDownedEntities

GAGARIN: Succeded in LoadableXmlAsset: BioferriteExtraction

GAGARIN: Succeded in LoadableXmlAsset: BioferriteHarvesting

GAGARIN: Succeded in LoadableXmlAsset: BioferriteShaping

GAGARIN: Succeded in LoadableXmlAsset: BioferriteIgnition

GAGARIN: Succeded in LoadableXmlAsset: BioferriteGenerator

GAGARIN: Succeded in LoadableXmlAsset: VoidSculptures

GAGARIN: Succeded in LoadableXmlAsset: InsanityWeaponry

GAGARIN: Succeded in LoadableXmlAsset: MutationWeaponry

GAGARIN: Succeded in LoadableXmlAsset: AtmosphericHeater

GAGARIN: Succeded in LoadableXmlAsset: FrenzyInducer

GAGARIN: Succeded in LoadableXmlAsset: SleepSuppressor

GAGARIN: Succeded in LoadableXmlAsset: EntityContainment

GAGARIN: Succeded in LoadableXmlAsset: Electroharvester

GAGARIN: Succeded in LoadableXmlAsset: DisruptorFlares

GAGARIN: Succeded in LoadableXmlAsset: ProximityDetector

GAGARIN: Succeded in LoadableXmlAsset: BasicPsychicRituals

GAGARIN: Succeded in LoadableXmlAsset: SummonAnimals

GAGARIN: Succeded in LoadableXmlAsset: SummonShamblers

GAGARIN: Succeded in LoadableXmlAsset: Chronophagy

GAGARIN: Succeded in LoadableXmlAsset: Psychophagy

GAGARIN: Succeded in LoadableXmlAsset: SkipAbductionPlayer

GAGARIN: Succeded in LoadableXmlAsset: SummonFleshbeastsPlayer

GAGARIN: Succeded in LoadableXmlAsset: AdvancedPsychicRituals

GAGARIN: Succeded in LoadableXmlAsset: SummonPitGate

GAGARIN: Succeded in LoadableXmlAsset: DeathRefusal

GAGARIN: Succeded in LoadableXmlAsset: Philophagy

GAGARIN: Succeded in LoadableXmlAsset: PleasurePulse

GAGARIN: Succeded in LoadableXmlAsset: NeurosisPulse

GAGARIN: Succeded in LoadableXmlAsset: BloodRain

GAGARIN: Succeded in LoadableXmlAsset: Brainwipe

GAGARIN: Succeded in LoadableXmlAsset: SerumSynthesis

GAGARIN: Succeded in LoadableXmlAsset: MetalbloodSerum

GAGARIN: Succeded in LoadableXmlAsset: MindNumbSerum

GAGARIN: Succeded in LoadableXmlAsset: JuggernautSerum

GAGARIN: Succeded in LoadableXmlAsset: BlissLobotomy

GAGARIN: Succeded in LoadableXmlAsset: GhoulInfusion

GAGARIN: Succeded in LoadableXmlAsset: GhoulEnhancements

GAGARIN: Succeded in LoadableXmlAsset: GhoulResurrection

GAGARIN: Succeded in LoadableXmlAsset: DeadlifeDust

GAGARIN: Succeded in LoadableXmlAsset: RevenantInvisibility

GAGARIN: Succeded in LoadableXmlAsset: TurretPack

GAGARIN: Succeded in LoadableXmlAsset: SecurityDoor

GAGARIN: Succeded in LoadableXmlAsset: Anomaly

GAGARIN: Succeded in LoadableXmlAsset: ContainmentCell

GAGARIN: Succeded in LoadableXmlAsset: CeremonialChamber

GAGARIN: Succeded in LoadableXmlAsset: RandomFleshbeastGroup

GAGARIN: Succeded in LoadableXmlAsset: NamerArtCubeSculpture

GAGARIN: Succeded in LoadableXmlAsset: NamerArtVoidSculpture

GAGARIN: Succeded in LoadableXmlAsset: ArtDescription_CubeSculpture

GAGARIN: Succeded in LoadableXmlAsset: ArtDescription_VoidSculpture

GAGARIN: Succeded in LoadableXmlAsset: NamerBiosignature

GAGARIN: Succeded in LoadableXmlAsset: Combat_RangedFlamethrower

GAGARIN: Succeded in LoadableXmlAsset: NamerPersonCreepjoiner

GAGARIN: Succeded in LoadableXmlAsset: TalkTopicsCube

GAGARIN: Succeded in LoadableXmlAsset: PersonalCharacteristicsCube

GAGARIN: Succeded in LoadableXmlAsset: DamageEvent_UnnaturalDarkness

GAGARIN: Succeded in LoadableXmlAsset: RevenantNoises

GAGARIN: Succeded in LoadableXmlAsset: Event_UnnaturalCorpseAttack

GAGARIN: Succeded in LoadableXmlAsset: Event_DevourerConsumeLeap

GAGARIN: Succeded in LoadableXmlAsset: Event_DevourerDigestionAborted

GAGARIN: Succeded in LoadableXmlAsset: Event_DevourerDigestionCompleted

GAGARIN: Succeded in LoadableXmlAsset: Event_MetalhorrorEmerged

GAGARIN: Succeded in LoadableXmlAsset: Event_Hypnotized

GAGARIN: Succeded in LoadableXmlAsset: LabyrinthRamblings

GAGARIN: Succeded in LoadableXmlAsset: TheAnomaly

GAGARIN: Succeded in LoadableXmlAsset: AutoActivateMonolith

GAGARIN: Succeded in LoadableXmlAsset: ScenPart_MonolithGeneration

GAGARIN: Succeded in LoadableXmlAsset: ConfigurePawnsMutants

GAGARIN: Succeded in LoadableXmlAsset: DistressCall_Fleshbeasts

GAGARIN: Succeded in LoadableXmlAsset: DistressCall_Settlement

GAGARIN: Succeded in LoadableXmlAsset: DistressCall_Fleshmass

GAGARIN: Succeded in LoadableXmlAsset: DistressCall_FleshSacks

GAGARIN: Succeded in LoadableXmlAsset: DistressCall_Fleshbulbs

GAGARIN: Succeded in LoadableXmlAsset: DistressCall_PitBurrows

GAGARIN: Succeded in LoadableXmlAsset: DistressCall_BurntPatches

GAGARIN: Succeded in LoadableXmlAsset: Fleshmass_Damaged

GAGARIN: Succeded in LoadableXmlAsset: Fleshmass_Destroyed

GAGARIN: Succeded in LoadableXmlAsset: FleshmassHeart_Throb

GAGARIN: Succeded in LoadableXmlAsset: FleshmassHeart_Destroyed

GAGARIN: Succeded in LoadableXmlAsset: FleshmassHeart_Ambience

GAGARIN: Succeded in LoadableXmlAsset: FleshmassHeart_Emerge

GAGARIN: Succeded in LoadableXmlAsset: FleshmassHeart_Emerge_End

GAGARIN: Succeded in LoadableXmlAsset: SpitterSpawn

GAGARIN: Succeded in LoadableXmlAsset: SpitterSpit

GAGARIN: Succeded in LoadableXmlAsset: SpitterSpitLands

GAGARIN: Succeded in LoadableXmlAsset: FleshmassBirth

GAGARIN: Succeded in LoadableXmlAsset: ObeliskDamaged

GAGARIN: Succeded in LoadableXmlAsset: ObeliskAmbientStageOne

GAGARIN: Succeded in LoadableXmlAsset: ObeliskAmbientStageTwo

GAGARIN: Succeded in LoadableXmlAsset: ObeliskAmbientStageThree

GAGARIN: Succeded in LoadableXmlAsset: WarpedObelisk_Fall

GAGARIN: Succeded in LoadableXmlAsset: WarpedObelisk_Impact

GAGARIN: Succeded in LoadableXmlAsset: GrayBoxOpening

GAGARIN: Succeded in LoadableXmlAsset: SecurityDoor_Open

GAGARIN: Succeded in LoadableXmlAsset: SecurityDoor_BeginClosing

GAGARIN: Succeded in LoadableXmlAsset: SecurityDoor_EndClosing

GAGARIN: Succeded in LoadableXmlAsset: VoidNode_Ambient

GAGARIN: Succeded in LoadableXmlAsset: VoidNode_Explode

GAGARIN: Succeded in LoadableXmlAsset: PitBurrow_Collapse

GAGARIN: Succeded in LoadableXmlAsset: VoidStructure_Emerging

GAGARIN: Succeded in LoadableXmlAsset: VoidStructure_Emerge

GAGARIN: Succeded in LoadableXmlAsset: VoidStructure_EmergeSpark

GAGARIN: Succeded in LoadableXmlAsset: VoidStructure_Activate

GAGARIN: Succeded in LoadableXmlAsset: VoidStructure_AmbientPreActivate

GAGARIN: Succeded in LoadableXmlAsset: VoidStructure_AmbientPostActivate

GAGARIN: Succeded in LoadableXmlAsset: BioferriteHarvester_Ambient

GAGARIN: Succeded in LoadableXmlAsset: BioferriteHarvester_AmbientStart

GAGARIN: Succeded in LoadableXmlAsset: BioferriteHarvester_AmbientStop

GAGARIN: Succeded in LoadableXmlAsset: PitGateOpen

GAGARIN: Succeded in LoadableXmlAsset: EntityChainHigh

GAGARIN: Succeded in LoadableXmlAsset: EntityChainLow

GAGARIN: Succeded in LoadableXmlAsset: VoidMonolith_InspectLoop

GAGARIN: Succeded in LoadableXmlAsset: VoidMonolith_ActivateL0L1

GAGARIN: Succeded in LoadableXmlAsset: VoidMonolith_ActivatedL0L1

GAGARIN: Succeded in LoadableXmlAsset: VoidMonolith_ActivateL1L2

GAGARIN: Succeded in LoadableXmlAsset: VoidMonolith_ActivatedL1L2

GAGARIN: Succeded in LoadableXmlAsset: VoidMonolith_ActivateL2L3

GAGARIN: Succeded in LoadableXmlAsset: VoidMonolith_ActivatedL2L3

GAGARIN: Succeded in LoadableXmlAsset: VoidMonolith_Gleaming

GAGARIN: Succeded in LoadableXmlAsset: VoidMonolith_GleamingActivating

GAGARIN: Succeded in LoadableXmlAsset: RevenantSpineSmash

GAGARIN: Succeded in LoadableXmlAsset: Ability_SpineLaunch

GAGARIN: Succeded in LoadableXmlAsset: AnomalyAbilityWarmup

GAGARIN: Succeded in LoadableXmlAsset: FlareLaunch

GAGARIN: Succeded in LoadableXmlAsset: FlareImpact

GAGARIN: Succeded in LoadableXmlAsset: DeadlifeRelease

GAGARIN: Succeded in LoadableXmlAsset: Pawn_Chimera_SpeedupRoar

GAGARIN: Succeded in LoadableXmlAsset: Pawn_Chimera_Call

GAGARIN: Succeded in LoadableXmlAsset: Pawn_Chimera_Death

GAGARIN: Succeded in LoadableXmlAsset: Pawn_Chimera_Wounded

GAGARIN: Succeded in LoadableXmlAsset: Pawn_Devourer_Call

GAGARIN: Succeded in LoadableXmlAsset: Pawn_Devourer_Attack

GAGARIN: Succeded in LoadableXmlAsset: Pawn_Devourer_Wounded

GAGARIN: Succeded in LoadableXmlAsset: Pawn_Devourer_Digesting

GAGARIN: Succeded in LoadableXmlAsset: Pawn_Devourer_Jump

GAGARIN: Succeded in LoadableXmlAsset: Pawn_Devourer_Land

GAGARIN: Succeded in LoadableXmlAsset: Pawn_Fleshbeast_EmergeFromPitGate

GAGARIN: Succeded in LoadableXmlAsset: Pawn_Fleshbeast_Bulbfreak_Call

GAGARIN: Succeded in LoadableXmlAsset: Pawn_Fleshbeast_Bulbfreak_Wounded

GAGARIN: Succeded in LoadableXmlAsset: Pawn_Fleshbeast_Bulbfreak_Death

GAGARIN: Succeded in LoadableXmlAsset: Pawn_Fleshbeast_Bulbfreak_Moving

GAGARIN: Succeded in LoadableXmlAsset: Pawn_Fleshbeast_Toughspike_Call

GAGARIN: Succeded in LoadableXmlAsset: Pawn_Fleshbeast_Toughspike_Wounded

GAGARIN: Succeded in LoadableXmlAsset: Pawn_Fleshbeast_Toughspike_Death

GAGARIN: Succeded in LoadableXmlAsset: Pawn_Fleshbeast_Trispike_Call

GAGARIN: Succeded in LoadableXmlAsset: Pawn_Fleshbeast_Trispike_Wounded

GAGARIN: Succeded in LoadableXmlAsset: Pawn_Fleshbeast_Trispike_Death

GAGARIN: Succeded in LoadableXmlAsset: Pawn_Fleshbeast_Fingerspike_Call

GAGARIN: Succeded in LoadableXmlAsset: Pawn_Fleshbeast_Fingerspike_Wounded

GAGARIN: Succeded in LoadableXmlAsset: Pawn_Fleshbeast_Fingerspike_Death

GAGARIN: Succeded in LoadableXmlAsset: Pawn_Fleshbeast_Dreadmeld_Call

GAGARIN: Succeded in LoadableXmlAsset: Pawn_Fleshbeast_Dreadmeld_Wounded

GAGARIN: Succeded in LoadableXmlAsset: Pawn_Fleshbeast_Dreadmeld_Death

GAGARIN: Succeded in LoadableXmlAsset: Pawn_Fleshbeast_Dreadmeld_Moving

GAGARIN: Succeded in LoadableXmlAsset: Pawn_Fleshbeast_Attack_Blunt

GAGARIN: Succeded in LoadableXmlAsset: Pawn_Fleshbeast_Attack_Spike

GAGARIN: Succeded in LoadableXmlAsset: Pawn_Dreadmeld_Attack_Spike

GAGARIN: Succeded in LoadableXmlAsset: Pawn_Ghoul_Call

GAGARIN: Succeded in LoadableXmlAsset: Pawn_Ghoul_Attack

GAGARIN: Succeded in LoadableXmlAsset: Pawn_Ghoul_Scratch

GAGARIN: Succeded in LoadableXmlAsset: Pawn_Ghoul_Pain

GAGARIN: Succeded in LoadableXmlAsset: Pawn_Ghoul_Killed

GAGARIN: Succeded in LoadableXmlAsset: Pawn_Ghoul_Frenzy

GAGARIN: Succeded in LoadableXmlAsset: Pawn_Gorehulk_Call

GAGARIN: Succeded in LoadableXmlAsset: Pawn_Gorehulk_Wounded

GAGARIN: Succeded in LoadableXmlAsset: Pawn_Gorehulk_Death

GAGARIN: Succeded in LoadableXmlAsset: Pawn_Gorehulk_Attack

GAGARIN: Succeded in LoadableXmlAsset: Pawn_HateChanter_Call

GAGARIN: Succeded in LoadableXmlAsset: Pawn_Nociosphere_Call

GAGARIN: Succeded in LoadableXmlAsset: Pawn_Nociosphere_Wounded

GAGARIN: Succeded in LoadableXmlAsset: Pawn_Nociosphere_Attack

GAGARIN: Succeded in LoadableXmlAsset: Pawn_Nociosphere_Arc

GAGARIN: Succeded in LoadableXmlAsset: Pawn_Nociosphere_Departing

GAGARIN: Succeded in LoadableXmlAsset: Pawn_Noctol_Call

GAGARIN: Succeded in LoadableXmlAsset: Pawn_Noctol_Wounded

GAGARIN: Succeded in LoadableXmlAsset: Pawn_Noctol_Death

GAGARIN: Succeded in LoadableXmlAsset: Pawn_Revenant_Call

GAGARIN: Succeded in LoadableXmlAsset: Pawn_Revenant_Wounded

GAGARIN: Succeded in LoadableXmlAsset: Pawn_Revenant_Death

GAGARIN: Succeded in LoadableXmlAsset: Pawn_Revenant_Revealed

GAGARIN: Succeded in LoadableXmlAsset: Pawn_Revenant_Stealth

GAGARIN: Succeded in LoadableXmlAsset: Pawn_Revenant_Hypnotize

GAGARIN: Succeded in LoadableXmlAsset: Pawn_Revenant_StartledScream

GAGARIN: Succeded in LoadableXmlAsset: Pawn_Shambler_Call

GAGARIN: Succeded in LoadableXmlAsset: Pawn_Shambler_Attack

GAGARIN: Succeded in LoadableXmlAsset: Pawn_Shambler_Alert

GAGARIN: Succeded in LoadableXmlAsset: Pawn_Shambler_Wounded

GAGARIN: Succeded in LoadableXmlAsset: Pawn_Shambler_Killed

GAGARIN: Succeded in LoadableXmlAsset: Pawn_Shambler_Rise

GAGARIN: Succeded in LoadableXmlAsset: Pawn_Shambler_RiseEnd

GAGARIN: Succeded in LoadableXmlAsset: Pawn_Sightstealer_Call

GAGARIN: Succeded in LoadableXmlAsset: Pawn_Sightstealer_Wounded

GAGARIN: Succeded in LoadableXmlAsset: Pawn_Sightstealer_Death

GAGARIN: Succeded in LoadableXmlAsset: Pawn_Sightstealer_Howl

GAGARIN: Succeded in LoadableXmlAsset: Pawn_SelfResurrection

GAGARIN: Succeded in LoadableXmlAsset: HateChant_Sighing

GAGARIN: Succeded in LoadableXmlAsset: AnomalyCreditsSong

GAGARIN: Succeded in LoadableXmlAsset: Sightstealer_DistantHowl

GAGARIN: Succeded in LoadableXmlAsset: Sightstealer_DistantHowlLarge

GAGARIN: Succeded in LoadableXmlAsset: Sightstealer_SummonedHowl

GAGARIN: Succeded in LoadableXmlAsset: PsychicBanshee

GAGARIN: Succeded in LoadableXmlAsset: Noctolith_Destroyed

GAGARIN: Succeded in LoadableXmlAsset: PsychicRitual_Complete

GAGARIN: Succeded in LoadableXmlAsset: PsychicRitual_Interrupted

GAGARIN: Succeded in LoadableXmlAsset: PsychicRitual_Interrupted_Human

GAGARIN: Succeded in LoadableXmlAsset: HarbingerTreeScream

GAGARIN: Succeded in LoadableXmlAsset: Gorehulk_Spine_Launch

GAGARIN: Succeded in LoadableXmlAsset: Heatspikes_Shot

GAGARIN: Succeded in LoadableXmlAsset: Heatspikes_Tail

GAGARIN: Succeded in LoadableXmlAsset: AgonyPulse_Cast

GAGARIN: Succeded in LoadableXmlAsset: FleshmelterBolt_Launch

GAGARIN: Succeded in LoadableXmlAsset: FleshmelterBolt_Charging

GAGARIN: Succeded in LoadableXmlAsset: FleshmelterBolt_Blast

GAGARIN: Succeded in LoadableXmlAsset: DarknessDamage

GAGARIN: Succeded in LoadableXmlAsset: TraversePitGate

GAGARIN: Succeded in LoadableXmlAsset: MeatExplosionSmall

GAGARIN: Succeded in LoadableXmlAsset: MeatExplosionNormal

GAGARIN: Succeded in LoadableXmlAsset: MeatExplosionLarge

GAGARIN: Succeded in LoadableXmlAsset: VoidTerrorCast

GAGARIN: Succeded in LoadableXmlAsset: FleshbeastDigging

GAGARIN: Succeded in LoadableXmlAsset: FleshbeastDigging_End

GAGARIN: Succeded in LoadableXmlAsset: PitBurrowOpening

GAGARIN: Succeded in LoadableXmlAsset: PitBurrowOpening_End

GAGARIN: Succeded in LoadableXmlAsset: PitGateOpening

GAGARIN: Succeded in LoadableXmlAsset: PitGateOpening_End

GAGARIN: Succeded in LoadableXmlAsset: PitGateCollapsing

GAGARIN: Succeded in LoadableXmlAsset: PitGateCollapsing_End

GAGARIN: Succeded in LoadableXmlAsset: UndercaveRumble

GAGARIN: Succeded in LoadableXmlAsset: UndercaveCollapsingStage1

GAGARIN: Succeded in LoadableXmlAsset: UndercaveCollapsingStage2

GAGARIN: Succeded in LoadableXmlAsset: UndercaveCollapsing_End

GAGARIN: Succeded in LoadableXmlAsset: PitGateGas

GAGARIN: Succeded in LoadableXmlAsset: Ambient_Undercave

GAGARIN: Succeded in LoadableXmlAsset: PsychicRitual_Ongoing_Human

GAGARIN: Succeded in LoadableXmlAsset: PsychicRitual_Ongoing

GAGARIN: Succeded in LoadableXmlAsset: ChainToPlatform

GAGARIN: Succeded in LoadableXmlAsset: ReleaseFromPlatform

GAGARIN: Succeded in LoadableXmlAsset: PillarSpawning

GAGARIN: Succeded in LoadableXmlAsset: Ambient_UnnaturalDarkness_Phase1

GAGARIN: Succeded in LoadableXmlAsset: Ambient_UnnaturalDarkness_Phase2

GAGARIN: Succeded in LoadableXmlAsset: FleshmassAmbience

GAGARIN: Succeded in LoadableXmlAsset: Pawn_Awoken_Hypnotize

GAGARIN: Succeded in LoadableXmlAsset: Ambient_DeathPall

GAGARIN: Succeded in LoadableXmlAsset: Zap_Loud

GAGARIN: Succeded in LoadableXmlAsset: Zap_Quiet

GAGARIN: Succeded in LoadableXmlAsset: BiomutationLanceWarmup

GAGARIN: Succeded in LoadableXmlAsset: BiomutationPulserWarmup

GAGARIN: Succeded in LoadableXmlAsset: AllowCorpsesUnnatural

GAGARIN: Succeded in LoadableXmlAsset: AllowAnomalyResearch

GAGARIN: Succeded in LoadableXmlAsset: Containment

GAGARIN: Succeded in LoadableXmlAsset: ContainmentStrength

GAGARIN: Succeded in LoadableXmlAsset: MinimumContainmentStrength

GAGARIN: Succeded in LoadableXmlAsset: ColdContainmentBonus

GAGARIN: Succeded in LoadableXmlAsset: EntityStudyRate

GAGARIN: Succeded in LoadableXmlAsset: StudyEfficiency

GAGARIN: Succeded in LoadableXmlAsset: ActivitySuppressionRate

GAGARIN: Succeded in LoadableXmlAsset: PsychicRituals

GAGARIN: Succeded in LoadableXmlAsset: PsychicRitualQuality

GAGARIN: Succeded in LoadableXmlAsset: PsychicRitualQualityOffset

GAGARIN: Succeded in LoadableXmlAsset: Serum

GAGARIN: Succeded in LoadableXmlAsset: UnnaturalDarkness

GAGARIN: Succeded in LoadableXmlAsset: DeathPall

GAGARIN: Succeded in LoadableXmlAsset: MetalhorrorImplantation

GAGARIN: Succeded in LoadableXmlAsset: WarpedObelisk_Mutator

GAGARIN: Succeded in LoadableXmlAsset: WarpedObelisk_Duplicator

GAGARIN: Succeded in LoadableXmlAsset: WarpedObelisk_Abductor

GAGARIN: Succeded in LoadableXmlAsset: Nociosphere

GAGARIN: Succeded in LoadableXmlAsset: PitGate

GAGARIN: Succeded in LoadableXmlAsset: FleshmassHeart

GAGARIN: Succeded in LoadableXmlAsset: CreepJoinerJoin

GAGARIN: Succeded in LoadableXmlAsset: CreepJoinerJoin_Metalhorror

GAGARIN: Succeded in LoadableXmlAsset: BloodRain

GAGARIN: Succeded in LoadableXmlAsset: MysteriousCargoUnnaturalCorpse

GAGARIN: Succeded in LoadableXmlAsset: MysteriousCargoCube

GAGARIN: Succeded in LoadableXmlAsset: MysteriousCargoRevenantSpine

GAGARIN: Succeded in LoadableXmlAsset: GiveQuest_DistressCall

GAGARIN: Succeded in LoadableXmlAsset: RevenantEmergence

GAGARIN: Succeded in LoadableXmlAsset: UnnaturalCorpseArrival

GAGARIN: Succeded in LoadableXmlAsset: GoldenCubeArrival

GAGARIN: Succeded in LoadableXmlAsset: HarbingerTreeProvoked

GAGARIN: Succeded in LoadableXmlAsset: HarbingerTreeSpawn

GAGARIN: Succeded in LoadableXmlAsset: MonolithMigration

GAGARIN: Succeded in LoadableXmlAsset: RefugeePodCrash_Ghoul

GAGARIN: Succeded in LoadableXmlAsset: VoidCuriosity

GAGARIN: Succeded in LoadableXmlAsset: ShamblerSwarm

GAGARIN: Succeded in LoadableXmlAsset: ShamblerSwarmAnimals

GAGARIN: Succeded in LoadableXmlAsset: SmallShamblerSwarm

GAGARIN: Succeded in LoadableXmlAsset: SightstealerSwarm

GAGARIN: Succeded in LoadableXmlAsset: ShamblerAssault

GAGARIN: Succeded in LoadableXmlAsset: GhoulAttack

GAGARIN: Succeded in LoadableXmlAsset: Revenant

GAGARIN: Succeded in LoadableXmlAsset: SightstealerArrival

GAGARIN: Succeded in LoadableXmlAsset: PsychicRitualSiege

GAGARIN: Succeded in LoadableXmlAsset: HateChanters

GAGARIN: Succeded in LoadableXmlAsset: FrenziedAnimals

GAGARIN: Succeded in LoadableXmlAsset: FleshbeastAttack

GAGARIN: Succeded in LoadableXmlAsset: GorehulkAssault

GAGARIN: Succeded in LoadableXmlAsset: DevourerAssault

GAGARIN: Succeded in LoadableXmlAsset: DevourerWaterAssault

GAGARIN: Succeded in LoadableXmlAsset: ChimeraAssault

GAGARIN: Succeded in LoadableXmlAsset: Bioferrite

GAGARIN: Succeded in LoadableXmlAsset: Horaxian

GAGARIN: Succeded in LoadableXmlAsset: HealedMe

GAGARIN: Succeded in LoadableXmlAsset: MutatedMyArm

GAGARIN: Succeded in LoadableXmlAsset: StudiedEntity

GAGARIN: Succeded in LoadableXmlAsset: DeathPall

GAGARIN: Succeded in LoadableXmlAsset: UnnaturalDarkness

GAGARIN: Succeded in LoadableXmlAsset: ClosedTheVoid

GAGARIN: Succeded in LoadableXmlAsset: EmbracedTheVoid

GAGARIN: Succeded in LoadableXmlAsset: PerformedPsychicRitual

GAGARIN: Succeded in LoadableXmlAsset: Voidmetal

GAGARIN: Succeded in LoadableXmlAsset: BioferritePlate

GAGARIN: Succeded in LoadableXmlAsset: BurnedBioferritePlate

GAGARIN: Succeded in LoadableXmlAsset: Flesh

GAGARIN: Succeded in LoadableXmlAsset: GraySurface

GAGARIN: Succeded in LoadableXmlAsset: CorpsesEntity

GAGARIN: Succeded in LoadableXmlAsset: BodyPartsGhoul

GAGARIN: Succeded in LoadableXmlAsset: Fleshmass

GAGARIN: Succeded in LoadableXmlAsset: Fleshmass_Active

GAGARIN: Succeded in LoadableXmlAsset: FleshSack

GAGARIN: Succeded in LoadableXmlAsset: FleshmassHeart

GAGARIN: Succeded in LoadableXmlAsset: FleshmassHeartSpawner

GAGARIN: Succeded in LoadableXmlAsset: Fleshbulb

GAGARIN: Succeded in LoadableXmlAsset: NerveBundle

GAGARIN: Succeded in LoadableXmlAsset: FleshmassSpitter

GAGARIN: Succeded in LoadableXmlAsset: Bullet_Shell_AcidSpit

GAGARIN: Succeded in LoadableXmlAsset: PitGate

GAGARIN: Succeded in LoadableXmlAsset: PitGateSpawner

GAGARIN: Succeded in LoadableXmlAsset: PitGateExit

GAGARIN: Succeded in LoadableXmlAsset: PitBurrowSpawner

GAGARIN: Succeded in LoadableXmlAsset: HoldingSpot

GAGARIN: Succeded in LoadableXmlAsset: HoldingPlatform

GAGARIN: Succeded in LoadableXmlAsset: DirtCubeSculpture

GAGARIN: Succeded in LoadableXmlAsset: StoneCubeSculpture

GAGARIN: Succeded in LoadableXmlAsset: SandCubeSculpture

GAGARIN: Succeded in LoadableXmlAsset: ScrapCubeSculpture

GAGARIN: Succeded in LoadableXmlAsset: PitBurrow

GAGARIN: Succeded in LoadableXmlAsset: Turret_TacticalTurret

GAGARIN: Succeded in LoadableXmlAsset: Gun_TacticalTurret

GAGARIN: Succeded in LoadableXmlAsset: Bullet_TacticalTurret

GAGARIN: Succeded in LoadableXmlAsset: GrayDoor

GAGARIN: Succeded in LoadableXmlAsset: GrayWall

GAGARIN: Succeded in LoadableXmlAsset: FloorEtching

GAGARIN: Succeded in LoadableXmlAsset: FloorEtchingRambling

GAGARIN: Succeded in LoadableXmlAsset: GrayBox

GAGARIN: Succeded in LoadableXmlAsset: GrayStatueDeadlifeDust

GAGARIN: Succeded in LoadableXmlAsset: GrayStatueTeleporter

GAGARIN: Succeded in LoadableXmlAsset: SecurityDoor

GAGARIN: Succeded in LoadableXmlAsset: ElectricInhibitor

GAGARIN: Succeded in LoadableXmlAsset: ShardInhibitor

GAGARIN: Succeded in LoadableXmlAsset: ProximityDetector

GAGARIN: Succeded in LoadableXmlAsset: AtmosphericHeater

GAGARIN: Succeded in LoadableXmlAsset: FrenzyInducer

GAGARIN: Succeded in LoadableXmlAsset: SleepSuppressor

GAGARIN: Succeded in LoadableXmlAsset: Noctolith

GAGARIN: Succeded in LoadableXmlAsset: TrapIED_Deadlife

GAGARIN: Succeded in LoadableXmlAsset: DelayedMetalhorrorEmerger

GAGARIN: Succeded in LoadableXmlAsset: EndlessPit2x2c

GAGARIN: Succeded in LoadableXmlAsset: EndlessPit3x2c

GAGARIN: Succeded in LoadableXmlAsset: EndlessPit3x3c

GAGARIN: Succeded in LoadableXmlAsset: WarpedObelisk_Mutator

GAGARIN: Succeded in LoadableXmlAsset: WarpedObelisk_Duplicator

GAGARIN: Succeded in LoadableXmlAsset: WarpedObelisk_Abductor

GAGARIN: Succeded in LoadableXmlAsset: WarpedObelisk_Labyrinth

GAGARIN: Succeded in LoadableXmlAsset: BioferriteGenerator

GAGARIN: Succeded in LoadableXmlAsset: Electroharvester

GAGARIN: Succeded in LoadableXmlAsset: BioferriteShaper

GAGARIN: Succeded in LoadableXmlAsset: SerumCentrifuge

GAGARIN: Succeded in LoadableXmlAsset: BioferriteHarvester

GAGARIN: Succeded in LoadableXmlAsset: PsychicRitualSpot

GAGARIN: Succeded in LoadableXmlAsset: ShardBeacon

GAGARIN: Succeded in LoadableXmlAsset: VoidSculpture

GAGARIN: Succeded in LoadableXmlAsset: VoidMonolith

GAGARIN: Succeded in LoadableXmlAsset: VoidMonolithAttachmentLeft

GAGARIN: Succeded in LoadableXmlAsset: VoidMonolithAttachmentRight

GAGARIN: Succeded in LoadableXmlAsset: VoidMonolithAttachmentTop

GAGARIN: Succeded in LoadableXmlAsset: VoidMonolithAttachmentBottomLeft

GAGARIN: Succeded in LoadableXmlAsset: VoidMonolithAttachmentBottomRight

GAGARIN: Succeded in LoadableXmlAsset: VoidStructure

GAGARIN: Succeded in LoadableXmlAsset: VoidmetalWall

GAGARIN: Succeded in LoadableXmlAsset: VoidmetalMassSmall

GAGARIN: Succeded in LoadableXmlAsset: VoidmetalMassMedium

GAGARIN: Succeded in LoadableXmlAsset: VoidmetalMassLarge

GAGARIN: Succeded in LoadableXmlAsset: VoidNode

GAGARIN: Succeded in LoadableXmlAsset: TwistedArchotechSupport_Small

GAGARIN: Succeded in LoadableXmlAsset: TwistedArchotechSupport_Large

GAGARIN: Succeded in LoadableXmlAsset: TwistedArchotechSupport_Vertical

GAGARIN: Succeded in LoadableXmlAsset: ShardAnimalPulser

GAGARIN: Succeded in LoadableXmlAsset: BiomutationPulser

GAGARIN: Succeded in LoadableXmlAsset: Shell_Deadlife

GAGARIN: Succeded in LoadableXmlAsset: Bullet_Shell_Deadlife

GAGARIN: Succeded in LoadableXmlAsset: Shell_Deadlife_Releasing

GAGARIN: Succeded in LoadableXmlAsset: VoidsightSerum

GAGARIN: Succeded in LoadableXmlAsset: MetalbloodSerum

GAGARIN: Succeded in LoadableXmlAsset: JuggernautSerum

GAGARIN: Succeded in LoadableXmlAsset: MindNumbSerum

GAGARIN: Succeded in LoadableXmlAsset: GhoulResurrectionSerum

GAGARIN: Succeded in LoadableXmlAsset: Bioferrite

GAGARIN: Succeded in LoadableXmlAsset: LabyrinthMatter

GAGARIN: Succeded in LoadableXmlAsset: Leather_Dread

GAGARIN: Succeded in LoadableXmlAsset: Shard

GAGARIN: Succeded in LoadableXmlAsset: RevenantSpine

GAGARIN: Succeded in LoadableXmlAsset: Meat_Twisted

GAGARIN: Succeded in LoadableXmlAsset: GoldenCube

GAGARIN: Succeded in LoadableXmlAsset: GrayFleshSample

GAGARIN: Succeded in LoadableXmlAsset: FleshmassNeuralLump

GAGARIN: Succeded in LoadableXmlAsset: RevenantFleshChunk

GAGARIN: Succeded in LoadableXmlAsset: MonolithFragment

GAGARIN: Succeded in LoadableXmlAsset: Apparel_CultistMask

GAGARIN: Succeded in LoadableXmlAsset: Apparel_CeremonialCultistMask

GAGARIN: Succeded in LoadableXmlAsset: Apparel_DisruptorFlarePack

GAGARIN: Succeded in LoadableXmlAsset: Grenade_DisruptorFlare

GAGARIN: Succeded in LoadableXmlAsset: DisruptorFlare

GAGARIN: Succeded in LoadableXmlAsset: Apparel_PackTurret

GAGARIN: Succeded in LoadableXmlAsset: Grenade_TurretPack

GAGARIN: Succeded in LoadableXmlAsset: Apparel_DeadlifePack

GAGARIN: Succeded in LoadableXmlAsset: Grenade_Deadlife

GAGARIN: Succeded in LoadableXmlAsset: Apparel_ShardPsychicShockLance

GAGARIN: Succeded in LoadableXmlAsset: Apparel_ShardPsychicInsanityLance

GAGARIN: Succeded in LoadableXmlAsset: Apparel_BiomutationLance

GAGARIN: Succeded in LoadableXmlAsset: Apparel_LabCoat

GAGARIN: Succeded in LoadableXmlAsset: PawnFlyer_ConsumeLeap

GAGARIN: Succeded in LoadableXmlAsset: WarpedObeliskIncoming

GAGARIN: Succeded in LoadableXmlAsset: FleshbeastGroundSpawner

GAGARIN: Succeded in LoadableXmlAsset: NoctolithIncoming

GAGARIN: Succeded in LoadableXmlAsset: IncineratorSpray

GAGARIN: Succeded in LoadableXmlAsset: DyingRevenant

GAGARIN: Succeded in LoadableXmlAsset: MetalHellFloorCracks

GAGARIN: Succeded in LoadableXmlAsset: MetalHellFloorMarkings

GAGARIN: Succeded in LoadableXmlAsset: VoidStructureIncoming

GAGARIN: Succeded in LoadableXmlAsset: MonolithIncoming

GAGARIN: Succeded in LoadableXmlAsset: MetalHellAmbience

GAGARIN: Succeded in LoadableXmlAsset: VoidMonolithPyramind

GAGARIN: Succeded in LoadableXmlAsset: Filth_RevenantSmear

GAGARIN: Succeded in LoadableXmlAsset: Filth_RevenantBloodPool

GAGARIN: Succeded in LoadableXmlAsset: Filth_GrayFlesh

GAGARIN: Succeded in LoadableXmlAsset: Filth_GrayFleshNoticeable

GAGARIN: Succeded in LoadableXmlAsset: Filth_TwistedFlesh

GAGARIN: Succeded in LoadableXmlAsset: Filth_Fleshmass

GAGARIN: Succeded in LoadableXmlAsset: Filth_DarkBlood

GAGARIN: Succeded in LoadableXmlAsset: Filth_DarkBloodSmear

GAGARIN: Succeded in LoadableXmlAsset: Filth_MetalhorrorDebris

GAGARIN: Succeded in LoadableXmlAsset: Plant_TreeHarbinger

GAGARIN: Succeded in LoadableXmlAsset: ChoppedStump_Harbinger

GAGARIN: Succeded in LoadableXmlAsset: SmashedStump_Harbinger

GAGARIN: Succeded in LoadableXmlAsset: HarbingerSeed

GAGARIN: Succeded in LoadableXmlAsset: Nociosphere

GAGARIN: Succeded in LoadableXmlAsset: Metalhorror

GAGARIN: Succeded in LoadableXmlAsset: Revenant

GAGARIN: Succeded in LoadableXmlAsset: Sightstealer

GAGARIN: Succeded in LoadableXmlAsset: CreepJoiner

GAGARIN: Succeded in LoadableXmlAsset: Noctol

GAGARIN: Succeded in LoadableXmlAsset: FleshmassNucleus

GAGARIN: Succeded in LoadableXmlAsset: Gorehulk

GAGARIN: Succeded in LoadableXmlAsset: Devourer

GAGARIN: Succeded in LoadableXmlAsset: Chimera

GAGARIN: Succeded in LoadableXmlAsset: Bulbfreak

GAGARIN: Succeded in LoadableXmlAsset: Toughspike

GAGARIN: Succeded in LoadableXmlAsset: Trispike

GAGARIN: Succeded in LoadableXmlAsset: Fingerspike

GAGARIN: Succeded in LoadableXmlAsset: Dreadmeld

GAGARIN: Succeded in LoadableXmlAsset: MapGen_FleshSackLoot

GAGARIN: Succeded in LoadableXmlAsset: Reward_GrayBox

GAGARIN: Succeded in LoadableXmlAsset: Reward_GrayBoxLowReward

GAGARIN: Succeded in LoadableXmlAsset: Horaxian_Axe

GAGARIN: Succeded in LoadableXmlAsset: Horaxian_Knife

GAGARIN: Succeded in LoadableXmlAsset: Horaxian_Gladius

GAGARIN: Succeded in LoadableXmlAsset: Horaxian_Mace

GAGARIN: Succeded in LoadableXmlAsset: Horaxian_Club

GAGARIN: Succeded in LoadableXmlAsset: CultistMask_TwistedMask

GAGARIN: Succeded in LoadableXmlAsset: CultistMask_Spikemask

GAGARIN: Succeded in LoadableXmlAsset: CultistMask_SpikedApex

GAGARIN: Succeded in LoadableXmlAsset: CultistMask_Dreadmask

GAGARIN: Succeded in LoadableXmlAsset: CeremonialCultistMask_CeremonialDreadcap

GAGARIN: Succeded in LoadableXmlAsset: CeremonialCultistMask_WhispererMask

GAGARIN: Succeded in LoadableXmlAsset: AwokenCorpse

GAGARIN: Succeded in LoadableXmlAsset: AwokenCorpseConstant

GAGARIN: Succeded in LoadableXmlAsset: Chimera

GAGARIN: Succeded in LoadableXmlAsset: ChimeraConstant

GAGARIN: Succeded in LoadableXmlAsset: Devourer

GAGARIN: Succeded in LoadableXmlAsset: DevourerConstant

GAGARIN: Succeded in LoadableXmlAsset: FleshbeastConstant

GAGARIN: Succeded in LoadableXmlAsset: Fleshbeast

GAGARIN: Succeded in LoadableXmlAsset: FleshmassNucleus

GAGARIN: Succeded in LoadableXmlAsset: FleshmassNucleusConstant

GAGARIN: Succeded in LoadableXmlAsset: Ghoul

GAGARIN: Succeded in LoadableXmlAsset: GhoulConstant

GAGARIN: Succeded in LoadableXmlAsset: Gorehulk

GAGARIN: Succeded in LoadableXmlAsset: GorehulkConstant

GAGARIN: Succeded in LoadableXmlAsset: Metalhorror

GAGARIN: Succeded in LoadableXmlAsset: MetalhorrorConstant

GAGARIN: Succeded in LoadableXmlAsset: Nociosphere

GAGARIN: Succeded in LoadableXmlAsset: NociosphereConstant

GAGARIN: Succeded in LoadableXmlAsset: NoctolConstant

GAGARIN: Succeded in LoadableXmlAsset: Noctol

GAGARIN: Succeded in LoadableXmlAsset: Revenant

GAGARIN: Succeded in LoadableXmlAsset: RevenantConstant

GAGARIN: Succeded in LoadableXmlAsset: Shambler

GAGARIN: Succeded in LoadableXmlAsset: ShamblerConstant

GAGARIN: Succeded in LoadableXmlAsset: Sightstealer

GAGARIN: Succeded in LoadableXmlAsset: SightstealerConstant

GAGARIN: Succeded in LoadableXmlAsset: AteTwistedMeat

GAGARIN: Succeded in LoadableXmlAsset: PsychicRitualVictim

GAGARIN: Succeded in LoadableXmlAsset: DarknessLifted

GAGARIN: Succeded in LoadableXmlAsset: HealedMe

GAGARIN: Succeded in LoadableXmlAsset: MutatedMyArm

GAGARIN: Succeded in LoadableXmlAsset: BlissLobotomy

GAGARIN: Succeded in LoadableXmlAsset: PlayedWithCube

GAGARIN: Succeded in LoadableXmlAsset: UnnaturalCorpseDestroyed

GAGARIN: Succeded in LoadableXmlAsset: ObeliskAbduction

GAGARIN: Succeded in LoadableXmlAsset: EmbracedTheVoid

GAGARIN: Succeded in LoadableXmlAsset: ClosedTheVoid

GAGARIN: Succeded in LoadableXmlAsset: VoidClosed

GAGARIN: Succeded in LoadableXmlAsset: ClosedTheVoidOpinion

GAGARIN: Succeded in LoadableXmlAsset: Chimera

GAGARIN: Succeded in LoadableXmlAsset: PsychicRitualGuilt

GAGARIN: Succeded in LoadableXmlAsset: VoidCatharsis

GAGARIN: Succeded in LoadableXmlAsset: HeardInhumanRambling

GAGARIN: Succeded in LoadableXmlAsset: VoidCuriosity

GAGARIN: Succeded in LoadableXmlAsset: VoidCuriositySatisfied

GAGARIN: Succeded in LoadableXmlAsset: BecameGhoul

GAGARIN: Succeded in LoadableXmlAsset: DrainedMySkills

GAGARIN: Succeded in LoadableXmlAsset: UsedMeForPsychicRitual

GAGARIN: Succeded in LoadableXmlAsset: VoidPleasure

GAGARIN: Succeded in LoadableXmlAsset: DeathPall

GAGARIN: Succeded in LoadableXmlAsset: GrayPall

GAGARIN: Succeded in LoadableXmlAsset: UnnaturalDarkness

GAGARIN: Succeded in LoadableXmlAsset: SleepSuppressor

GAGARIN: Succeded in LoadableXmlAsset: BioferriteGenerator

GAGARIN: Succeded in LoadableXmlAsset: HateChantDrone

GAGARIN: Succeded in LoadableXmlAsset: HarbingerScream

GAGARIN: Succeded in LoadableXmlAsset: FleshTentacle

GAGARIN: Succeded in LoadableXmlAsset: FleshWhip

GAGARIN: Succeded in LoadableXmlAsset: JoyousPresence

GAGARIN: Succeded in LoadableXmlAsset: SwallowedByDarkness

GAGARIN: Succeded in LoadableXmlAsset: PleasurePulse

GAGARIN: Succeded in LoadableXmlAsset: NeurosisPulse

GAGARIN: Succeded in LoadableXmlAsset: Voidsight

GAGARIN: Succeded in LoadableXmlAsset: BloodRage

GAGARIN: Succeded in LoadableXmlAsset: UnnaturalCorpse

GAGARIN: Succeded in LoadableXmlAsset: CubeWithdrawl

GAGARIN: Succeded in LoadableXmlAsset: CubeSculptures

GAGARIN: Succeded in LoadableXmlAsset: DestroyedCubeSculpture

GAGARIN: Succeded in LoadableXmlAsset: SpokeToDisturbingMood

GAGARIN: Succeded in LoadableXmlAsset: ReadingTome

GAGARIN: Succeded in LoadableXmlAsset: DeadlifeDust

GAGARIN: Succeded in LoadableXmlAsset: WearingDreadLeather

GAGARIN: Succeded in LoadableXmlAsset: ImprisonedWithEntity

GAGARIN: Succeded in LoadableXmlAsset: EntityInRoom

GAGARIN: Succeded in LoadableXmlAsset: VoidFascination

GAGARIN: Succeded in LoadableXmlAsset: JuggernautSerum

GAGARIN: Succeded in LoadableXmlAsset: DeathRefusalSickness

GAGARIN: Succeded in LoadableXmlAsset: SpokeToDisturbing

GAGARIN: Succeded in LoadableXmlAsset: Joyous

GAGARIN: Succeded in LoadableXmlAsset: GhoulNegative

GAGARIN: Succeded in LoadableXmlAsset: GhoulPositive

GAGARIN: Succeded in LoadableXmlAsset: AnomalyTips

GAGARIN: Succeded in LoadableXmlAsset: PerfectMemory

GAGARIN: Succeded in LoadableXmlAsset: Occultist

GAGARIN: Succeded in LoadableXmlAsset: Joyous

GAGARIN: Succeded in LoadableXmlAsset: BodyMastery

GAGARIN: Succeded in LoadableXmlAsset: Disturbing

GAGARIN: Succeded in LoadableXmlAsset: VoidFascination

GAGARIN: Succeded in LoadableXmlAsset: CapturingEntities

GAGARIN: Succeded in LoadableXmlAsset: ContainingEntities

GAGARIN: Succeded in LoadableXmlAsset: StudyingEntities

GAGARIN: Succeded in LoadableXmlAsset: EntityCodex

GAGARIN: Succeded in LoadableXmlAsset: SuppressingEntities

GAGARIN: Succeded in LoadableXmlAsset: AnomalyResearch

GAGARIN: Succeded in LoadableXmlAsset: ColonyGhouls

GAGARIN: Succeded in LoadableXmlAsset: VoidProvocation

GAGARIN: Succeded in LoadableXmlAsset: UnnaturalDarkness_Stage1

GAGARIN: Succeded in LoadableXmlAsset: UnnaturalDarkness_Stage2

GAGARIN: Succeded in LoadableXmlAsset: BloodRain

GAGARIN: Succeded in LoadableXmlAsset: Undercave

GAGARIN: Succeded in LoadableXmlAsset: MetalHell

GAGARIN: Succeded in LoadableXmlAsset: UnnaturalFog

GAGARIN: Succeded in LoadableXmlAsset: GrayPall

GAGARIN: Succeded in LoadableXmlAsset: DoBillsBioferriteShaper

GAGARIN: Succeded in LoadableXmlAsset: DoBillsSerumCentrifuge

GAGARIN: Succeded in LoadableXmlAsset: TakeEntityToHoldingPlatform

GAGARIN: Succeded in LoadableXmlAsset: ReleaseEntity

GAGARIN: Succeded in LoadableXmlAsset: TransferEntity

GAGARIN: Succeded in LoadableXmlAsset: ActivitySuppression

GAGARIN: Succeded in LoadableXmlAsset: ExecuteEntity

GAGARIN: Succeded in LoadableXmlAsset: InterrogatePrisoner

GAGARIN: Succeded in LoadableXmlAsset: TakeBioferriteOutOfHarvester

GAGARIN: Succeded in LoadableXmlAsset: DoctorTendToEntities

GAGARIN: Succeded in LoadableXmlAsset: ExtractBioferrite

GAGARIN: Succeded in LoadableXmlAsset: StudyInteract

GAGARIN: Succeded in LoadableXmlAsset: DarkStudy

GAGARIN: Succeded in LoadableXmlAsset: UnknownChildhood

GAGARIN: Succeded in LoadableXmlAsset: UnknownAdulthood

GAGARIN: Succeded in LoadableXmlAsset: EntityMechanical

GAGARIN: Succeded in LoadableXmlAsset: EntityFlesh

GAGARIN: Succeded in LoadableXmlAsset: Fleshbeast

GAGARIN: Succeded in LoadableXmlAsset: AcceptCreepJoiner

GAGARIN: Succeded in LoadableXmlAsset: EntityDiscovered

GAGARIN: Succeded in LoadableXmlAsset: HorrorRelax

GAGARIN: Succeded in LoadableXmlAsset: HorrorTension

GAGARIN: Succeded in LoadableXmlAsset: HorrorMonolithAdvanced

GAGARIN: Succeded in LoadableXmlAsset: HorrorCombat

GAGARIN: Succeded in LoadableXmlAsset: MetalHell

GAGARIN: Succeded in LoadableXmlAsset: CorpseAttack

GAGARIN: Succeded in LoadableXmlAsset: HorrorRelax

GAGARIN: Succeded in LoadableXmlAsset: HorrorTension

GAGARIN: Succeded in LoadableXmlAsset: HorrorMonolithAdvanced

GAGARIN: Succeded in LoadableXmlAsset: HorrorCombat

GAGARIN: Succeded in LoadableXmlAsset: CorpseAttack

GAGARIN: Succeded in LoadableXmlAsset: MetalHell

GAGARIN: Succeded in LoadableXmlAsset: EdgeWalkInHateChanters

GAGARIN: Succeded in LoadableXmlAsset: EdgeWalkInDistributedGroups

GAGARIN: Succeded in LoadableXmlAsset: EdgeWalkInDarkness

GAGARIN: Succeded in LoadableXmlAsset: FleshbeastEmergence

GAGARIN: Succeded in LoadableXmlAsset: MoteHateChant

GAGARIN: Succeded in LoadableXmlAsset: MoteHateChantShadow

GAGARIN: Succeded in LoadableXmlAsset: VoidNodeParallax

GAGARIN: Succeded in LoadableXmlAsset: Ember

GAGARIN: Succeded in LoadableXmlAsset: EmberGlow

GAGARIN: Succeded in LoadableXmlAsset: TransparentColorLerp

GAGARIN: Succeded in LoadableXmlAsset: TransparentAnimatedColorLerp

GAGARIN: Succeded in LoadableXmlAsset: BuildingSquashNStretch

GAGARIN: Succeded in LoadableXmlAsset: RevenantDeath

GAGARIN: Succeded in LoadableXmlAsset: Metalblood

GAGARIN: Succeded in LoadableXmlAsset: MoteMultiplyCircular

GAGARIN: Succeded in LoadableXmlAsset: HoraxianSnake

GAGARIN: Succeded in LoadableXmlAsset: BioferriteHarvester

GAGARIN: Succeded in LoadableXmlAsset: MoteHeatDistortion

GAGARIN: Succeded in LoadableXmlAsset: FerroBlob

GAGARIN: Succeded in LoadableXmlAsset: FerroWave

GAGARIN: Succeded in LoadableXmlAsset: BuildingWorking

GAGARIN: Succeded in LoadableXmlAsset: GroundFog

GAGARIN: Succeded in LoadableXmlAsset: VoidNodeDistortion

GAGARIN: Succeded in LoadableXmlAsset: MoteObeliskExplosionPulse

GAGARIN: Succeded in LoadableXmlAsset: EndlessPit

GAGARIN: Succeded in LoadableXmlAsset: Abandoned_By_The_Light

GAGARIN: Succeded in LoadableXmlAsset: Blood_Rain_Falling

GAGARIN: Succeded in LoadableXmlAsset: Shamblers_Blues

GAGARIN: Succeded in LoadableXmlAsset: A_Twisted_Path

GAGARIN: Succeded in LoadableXmlAsset: Have_They_Come_For_Us

GAGARIN: Succeded in LoadableXmlAsset: Is_It_Truly_Alive

GAGARIN: Succeded in LoadableXmlAsset: They_See_You

GAGARIN: Succeded in LoadableXmlAsset: Death_Pall_Rising

GAGARIN: Succeded in LoadableXmlAsset: Shadow_Work

GAGARIN: Succeded in LoadableXmlAsset: Spent_Introject

GAGARIN: Succeded in LoadableXmlAsset: MetalHell_Ambience

GAGARIN: Succeded in LoadableXmlAsset: Corpse_Attack

GAGARIN: Succeded in LoadableXmlAsset: Description_Tome

GAGARIN: Succeded in LoadableXmlAsset: Namer_Tome

GAGARIN: Succeded in LoadableXmlAsset: Gun_HellcatRifle

GAGARIN: Succeded in LoadableXmlAsset: Bullet_HellcatRifle

GAGARIN: Succeded in LoadableXmlAsset: HellcatBurner

GAGARIN: Succeded in LoadableXmlAsset: Gun_Incinerator

GAGARIN: Succeded in LoadableXmlAsset: IncineratorBurner

GAGARIN: Succeded in LoadableXmlAsset: NerveSpiker

GAGARIN: Succeded in LoadableXmlAsset: NerveSpiker_Spike

GAGARIN: Succeded in LoadableXmlAsset: Substructure

GAGARIN: Succeded in LoadableXmlAsset: SludgeSpew

GAGARIN: Succeded in LoadableXmlAsset: Proj_SludgeSpray

GAGARIN: Succeded in LoadableXmlAsset: EggSpew

GAGARIN: Succeded in LoadableXmlAsset: Proj_StrongSludgeSpray

GAGARIN: Succeded in LoadableXmlAsset: Proj_EggSac

GAGARIN: Succeded in LoadableXmlAsset: CallMechanoids

GAGARIN: Succeded in LoadableXmlAsset: CallDropPods

GAGARIN: Succeded in LoadableXmlAsset: DeactivateMechanoid

GAGARIN: Succeded in LoadableXmlAsset: TerrorRoar

GAGARIN: Succeded in LoadableXmlAsset: WarTrumpet

GAGARIN: Succeded in LoadableXmlAsset: ThrumboRoar

GAGARIN: Succeded in LoadableXmlAsset: LaunchFragGrenade

GAGARIN: Succeded in LoadableXmlAsset: LaunchEMPShell

GAGARIN: Succeded in LoadableXmlAsset: LaunchSmokeShell

GAGARIN: Succeded in LoadableXmlAsset: LaunchIncendiaryShell

GAGARIN: Succeded in LoadableXmlAsset: EMPPulse

GAGARIN: Succeded in LoadableXmlAsset: GlacialPlain

GAGARIN: Succeded in LoadableXmlAsset: Glowforest

GAGARIN: Succeded in LoadableXmlAsset: Grasslands

GAGARIN: Succeded in LoadableXmlAsset: LavaField

GAGARIN: Succeded in LoadableXmlAsset: Scarlands

GAGARIN: Succeded in LoadableXmlAsset: Space

GAGARIN: Succeded in LoadableXmlAsset: Orbit

GAGARIN: Succeded in LoadableXmlAsset: Crab

GAGARIN: Succeded in LoadableXmlAsset: Larva

GAGARIN: Succeded in LoadableXmlAsset: Pinniped

GAGARIN: Succeded in LoadableXmlAsset: PinnipedWithTusks

GAGARIN: Succeded in LoadableXmlAsset: Snail

GAGARIN: Succeded in LoadableXmlAsset: DroneShell

GAGARIN: Succeded in LoadableXmlAsset: DroneCore

GAGARIN: Succeded in LoadableXmlAsset: DroneEye

GAGARIN: Succeded in LoadableXmlAsset: DroneShellSection

GAGARIN: Succeded in LoadableXmlAsset: DroneShellSectionWithSpike

GAGARIN: Succeded in LoadableXmlAsset: DroneChassis

GAGARIN: Succeded in LoadableXmlAsset: DroneTreads

GAGARIN: Succeded in LoadableXmlAsset: Drone

GAGARIN: Succeded in LoadableXmlAsset: DroneWithTreads

GAGARIN: Succeded in LoadableXmlAsset: DroneWithThreeLegs

GAGARIN: Succeded in LoadableXmlAsset: Cyclops

GAGARIN: Succeded in LoadableXmlAsset: SpikedShellAttackTool

GAGARIN: Succeded in LoadableXmlAsset: AnimalShell

GAGARIN: Succeded in LoadableXmlAsset: Gills

GAGARIN: Succeded in LoadableXmlAsset: EyeStalk

GAGARIN: Succeded in LoadableXmlAsset: SnailFoot

GAGARIN: Succeded in LoadableXmlAsset: Map

GAGARIN: Succeded in LoadableXmlAsset: UniqueWeapon_Gold

GAGARIN: Succeded in LoadableXmlAsset: UniqueWeapon_Jade

GAGARIN: Succeded in LoadableXmlAsset: UniqueWeapon_Tox

GAGARIN: Succeded in LoadableXmlAsset: UniqueWeapon_Fire

GAGARIN: Succeded in LoadableXmlAsset: UniqueWeapon_EMP

GAGARIN: Succeded in LoadableXmlAsset: UniqueWeapon_Red

GAGARIN: Succeded in LoadableXmlAsset: UniqueWeapon_MutedRed

GAGARIN: Succeded in LoadableXmlAsset: UniqueWeapon_Purple

GAGARIN: Succeded in LoadableXmlAsset: UniqueWeapon_MutedPurple

GAGARIN: Succeded in LoadableXmlAsset: UniqueWeapon_Green

GAGARIN: Succeded in LoadableXmlAsset: UniqueWeapon_MutedGreen

GAGARIN: Succeded in LoadableXmlAsset: UniqueWeapon_IceBlue

GAGARIN: Succeded in LoadableXmlAsset: UniqueWeapon_MutedBlue

GAGARIN: Succeded in LoadableXmlAsset: UniqueWeapon_DarkBrown

GAGARIN: Succeded in LoadableXmlAsset: UniqueWeapon_White

GAGARIN: Succeded in LoadableXmlAsset: UniqueWeapon_Cream

GAGARIN: Succeded in LoadableXmlAsset: UniqueWeapon_Limestone

GAGARIN: Succeded in LoadableXmlAsset: UniqueWeapon_Sandstone

GAGARIN: Succeded in LoadableXmlAsset: UniqueWeapon_Gray

GAGARIN: Succeded in LoadableXmlAsset: UniqueWeapon_Black

GAGARIN: Succeded in LoadableXmlAsset: PorcupineBite

GAGARIN: Succeded in LoadableXmlAsset: PorcupineScratch

GAGARIN: Succeded in LoadableXmlAsset: VacuumBurn

GAGARIN: Succeded in LoadableXmlAsset: MiningBomb

GAGARIN: Succeded in LoadableXmlAsset: Bullet_TraitTox

GAGARIN: Succeded in LoadableXmlAsset: Bullet_TraitIncendiary

GAGARIN: Succeded in LoadableXmlAsset: BeamBypassShields

GAGARIN: Succeded in LoadableXmlAsset: Odyssey

GAGARIN: Succeded in LoadableXmlAsset: Drug_Psilocap

GAGARIN: Succeded in LoadableXmlAsset: PsilocapHigh

GAGARIN: Succeded in LoadableXmlAsset: PsilocapHigh

GAGARIN: Succeded in LoadableXmlAsset: Psilocap

GAGARIN: Succeded in LoadableXmlAsset: PsilocapTolerance

GAGARIN: Succeded in LoadableXmlAsset: GoToValidSubstructure

GAGARIN: Succeded in LoadableXmlAsset: WanderNest

GAGARIN: Succeded in LoadableXmlAsset: MechStabilizerPulse

GAGARIN: Succeded in LoadableXmlAsset: CerebrexStabilizerPulse

GAGARIN: Succeded in LoadableXmlAsset: MechDisabled

GAGARIN: Succeded in LoadableXmlAsset: AnimalRoar

GAGARIN: Succeded in LoadableXmlAsset: WarTrumpet

GAGARIN: Succeded in LoadableXmlAsset: TerrorRoar

GAGARIN: Succeded in LoadableXmlAsset: ClearSand

GAGARIN: Succeded in LoadableXmlAsset: Fishing

GAGARIN: Succeded in LoadableXmlAsset: SandBits

GAGARIN: Succeded in LoadableXmlAsset: MechStabilizerRedPulse

GAGARIN: Succeded in LoadableXmlAsset: BlastMechDeactivated

GAGARIN: Succeded in LoadableXmlAsset: SulfurCloud

GAGARIN: Succeded in LoadableXmlAsset: AncientSmoke

GAGARIN: Succeded in LoadableXmlAsset: AncientToxicCloud

GAGARIN: Succeded in LoadableXmlAsset: AncientVentHeatGlow

GAGARIN: Succeded in LoadableXmlAsset: AncientVentHeatShimmer

GAGARIN: Succeded in LoadableXmlAsset: LavaSmoke

GAGARIN: Succeded in LoadableXmlAsset: GravshipThrusterExhaust

GAGARIN: Succeded in LoadableXmlAsset: FishShadow

GAGARIN: Succeded in LoadableXmlAsset: FishShadowReverse

GAGARIN: Succeded in LoadableXmlAsset: Mote_FishingRod

GAGARIN: Succeded in LoadableXmlAsset: Mote_BeamRepeaterLaser

GAGARIN: Succeded in LoadableXmlAsset: Mote_BeamRepeater_Charge

GAGARIN: Succeded in LoadableXmlAsset: Mote_WarTrumpetDistortion

GAGARIN: Succeded in LoadableXmlAsset: Mote_WarTrumpetFlash

GAGARIN: Succeded in LoadableXmlAsset: Mote_TerrorRoarDistortion

GAGARIN: Succeded in LoadableXmlAsset: Mote_TerrorRoarFlash

GAGARIN: Succeded in LoadableXmlAsset: TradersGuild

GAGARIN: Succeded in LoadableXmlAsset: TradersGuildRaidLootMaker

GAGARIN: Succeded in LoadableXmlAsset: Salvagers

GAGARIN: Succeded in LoadableXmlAsset: GravshipCrew

GAGARIN: Succeded in LoadableXmlAsset: Scarlands

GAGARIN: Succeded in LoadableXmlAsset: LavaField

GAGARIN: Succeded in LoadableXmlAsset: GlacialPlain

GAGARIN: Succeded in LoadableXmlAsset: Glowforest

GAGARIN: Succeded in LoadableXmlAsset: Grasslands

GAGARIN: Succeded in LoadableXmlAsset: Drone

GAGARIN: Succeded in LoadableXmlAsset: VolcanicAsh

GAGARIN: Succeded in LoadableXmlAsset: VolcanicDebris

GAGARIN: Succeded in LoadableXmlAsset: LavaFlow

GAGARIN: Succeded in LoadableXmlAsset: DarkenedSkies

GAGARIN: Succeded in LoadableXmlAsset: BioluminescentSpores

GAGARIN: Succeded in LoadableXmlAsset: WindyGameCondition

GAGARIN: Succeded in LoadableXmlAsset: DroughtInitial

GAGARIN: Succeded in LoadableXmlAsset: Drought

GAGARIN: Succeded in LoadableXmlAsset: HeatVentHeat

GAGARIN: Succeded in LoadableXmlAsset: DeepFreeze

GAGARIN: Succeded in LoadableXmlAsset: GillRot

GAGARIN: Succeded in LoadableXmlAsset: TileElementsOdyssey

GAGARIN: Succeded in LoadableXmlAsset: VacuumResistance_Total

GAGARIN: Succeded in LoadableXmlAsset: VacuumResistance_Partial

GAGARIN: Succeded in LoadableXmlAsset: MoveSpeed_Space

GAGARIN: Succeded in LoadableXmlAsset: Starjack

GAGARIN: Succeded in LoadableXmlAsset: Asteroids

GAGARIN: Succeded in LoadableXmlAsset: BloodWarmer

GAGARIN: Succeded in LoadableXmlAsset: BloodWarmer

GAGARIN: Succeded in LoadableXmlAsset: InstallBloodWarmer

GAGARIN: Succeded in LoadableXmlAsset: PilotAssistant

GAGARIN: Succeded in LoadableXmlAsset: PilotAssistant

GAGARIN: Succeded in LoadableXmlAsset: InstallPilotAssistant

GAGARIN: Succeded in LoadableXmlAsset: RemovePilotAssistant

GAGARIN: Succeded in LoadableXmlAsset: SentienceCatalyst

GAGARIN: Succeded in LoadableXmlAsset: VacskinGland

GAGARIN: Succeded in LoadableXmlAsset: VacskinGland

GAGARIN: Succeded in LoadableXmlAsset: InstallVacskinGland

GAGARIN: Succeded in LoadableXmlAsset: RemoveVacskinGland

GAGARIN: Succeded in LoadableXmlAsset: VolcanicAsh

GAGARIN: Succeded in LoadableXmlAsset: VacuumExposure

GAGARIN: Succeded in LoadableXmlAsset: GravNausea

GAGARIN: Succeded in LoadableXmlAsset: WarTrumpet

GAGARIN: Succeded in LoadableXmlAsset: ThrumboRoar

GAGARIN: Succeded in LoadableXmlAsset: PorcupineQuill

GAGARIN: Succeded in LoadableXmlAsset: VacuumBurn

GAGARIN: Succeded in LoadableXmlAsset: OrbitalPollution

GAGARIN: Succeded in LoadableXmlAsset: PawnKidnappedOnGravShip

GAGARIN: Succeded in LoadableXmlAsset: VolcanicAsh

GAGARIN: Succeded in LoadableXmlAsset: LavaEmergence

GAGARIN: Succeded in LoadableXmlAsset: LavaFlow

GAGARIN: Succeded in LoadableXmlAsset: SeasonalFlooding

GAGARIN: Succeded in LoadableXmlAsset: VolcanicDebris

GAGARIN: Succeded in LoadableXmlAsset: BoomshroomSprout

GAGARIN: Succeded in LoadableXmlAsset: BioluminescentSpores

GAGARIN: Succeded in LoadableXmlAsset: DroughtInitial

GAGARIN: Succeded in LoadableXmlAsset: Drought

GAGARIN: Succeded in LoadableXmlAsset: GillRot

GAGARIN: Succeded in LoadableXmlAsset: OrbitalDebris

GAGARIN: Succeded in LoadableXmlAsset: GiveQuest_MechanoidSignal

GAGARIN: Succeded in LoadableXmlAsset: Gravship

GAGARIN: Succeded in LoadableXmlAsset: SelfDetonate

GAGARIN: Succeded in LoadableXmlAsset: GoSwimming

GAGARIN: Succeded in LoadableXmlAsset: InspectGravEngine

GAGARIN: Succeded in LoadableXmlAsset: Fish

GAGARIN: Succeded in LoadableXmlAsset: FishAnimal

GAGARIN: Succeded in LoadableXmlAsset: Deactivated

GAGARIN: Succeded in LoadableXmlAsset: PilotConsole

GAGARIN: Succeded in LoadableXmlAsset: GotoOxygenatedArea

GAGARIN: Succeded in LoadableXmlAsset: GotoPatrolDest

GAGARIN: Succeded in LoadableXmlAsset: GotoShip

GAGARIN: Succeded in LoadableXmlAsset: LeaveShip

GAGARIN: Succeded in LoadableXmlAsset: UseOutfitStand

GAGARIN: Succeded in LoadableXmlAsset: Forage

GAGARIN: Succeded in LoadableXmlAsset: Seal

GAGARIN: Succeded in LoadableXmlAsset: PutApparelOnOutfitStand

GAGARIN: Succeded in LoadableXmlAsset: GoSwimming

GAGARIN: Succeded in LoadableXmlAsset: AncientRuins_Scarlands

GAGARIN: Succeded in LoadableXmlAsset: AncientRuins_Special

GAGARIN: Succeded in LoadableXmlAsset: AncientRuinsGlacier

GAGARIN: Succeded in LoadableXmlAsset: AncientRuinsReactor_Standard

GAGARIN: Succeded in LoadableXmlAsset: AncientRuinsReactor_Reactor

GAGARIN: Succeded in LoadableXmlAsset: AncientRuinsFrozenTerraformer

GAGARIN: Succeded in LoadableXmlAsset: AncientLaunchSite

GAGARIN: Succeded in LoadableXmlAsset: AncientGarrison

GAGARIN: Succeded in LoadableXmlAsset: AncientWarehouse

GAGARIN: Succeded in LoadableXmlAsset: AncientChemfuelRefinery

GAGARIN: Succeded in LoadableXmlAsset: AncientInfestedSettlement

GAGARIN: Succeded in LoadableXmlAsset: CrashedMechanoidPlatform_Standard

GAGARIN: Succeded in LoadableXmlAsset: CrashedMechanoidPlatform_Engine

GAGARIN: Succeded in LoadableXmlAsset: Mechhive

GAGARIN: Succeded in LoadableXmlAsset: Mechhive_SingleRoom

GAGARIN: Succeded in LoadableXmlAsset: SpaceRuins

GAGARIN: Succeded in LoadableXmlAsset: AncientStockpile

GAGARIN: Succeded in LoadableXmlAsset: AncientStockpileFake

GAGARIN: Succeded in LoadableXmlAsset: OrbitalItemStash

GAGARIN: Succeded in LoadableXmlAsset: OrbitalAncientPlatform

GAGARIN: Succeded in LoadableXmlAsset: OrbitalMechanoidPlatform

GAGARIN: Succeded in LoadableXmlAsset: Opportunity_OrbitalMechanoidPlatform

GAGARIN: Succeded in LoadableXmlAsset: OrbitalSettlementPlatform

GAGARIN: Succeded in LoadableXmlAsset: Opportunity_AbandonedPlatform_Enterable

GAGARIN: Succeded in LoadableXmlAsset: Opportunity_AbandonedPlatform

GAGARIN: Succeded in LoadableXmlAsset: OpportunitySite_Satellite

GAGARIN: Succeded in LoadableXmlAsset: Opportunity_OrbitalWreck

GAGARIN: Succeded in LoadableXmlAsset: AncientRuinsEmpty

GAGARIN: Succeded in LoadableXmlAsset: AncientRuinsCorridor

GAGARIN: Succeded in LoadableXmlAsset: AncientRuinsReactorCorridor

GAGARIN: Succeded in LoadableXmlAsset: AncientRuinsShelfedCorridor

GAGARIN: Succeded in LoadableXmlAsset: AncientWarehouseCorridor

GAGARIN: Succeded in LoadableXmlAsset: AncientCorridorDefense

GAGARIN: Succeded in LoadableXmlAsset: AncientRuinsRubble

GAGARIN: Succeded in LoadableXmlAsset: AncientRuinsIndustrialStorage

GAGARIN: Succeded in LoadableXmlAsset: AncientRuinsStorage

GAGARIN: Succeded in LoadableXmlAsset: AncientRuinsShelfRoom

GAGARIN: Succeded in LoadableXmlAsset: AncientRuinsShelfRoomWithLoot

GAGARIN: Succeded in LoadableXmlAsset: AncientRuinsShelfWithLootRoom

GAGARIN: Succeded in LoadableXmlAsset: AncientRuinsShelfWithLootRoom_Underground

GAGARIN: Succeded in LoadableXmlAsset: AncientComputerRoom

GAGARIN: Succeded in LoadableXmlAsset: AncientRuinsBarracks

GAGARIN: Succeded in LoadableXmlAsset: AncientRuinsKitchen

GAGARIN: Succeded in LoadableXmlAsset: AncientRuinsOperatingRoom

GAGARIN: Succeded in LoadableXmlAsset: AncientRuinsDiningHall

GAGARIN: Succeded in LoadableXmlAsset: AncientRuinsFuelRoom

GAGARIN: Succeded in LoadableXmlAsset: AncientRuinsChemfuelWorkshop

GAGARIN: Succeded in LoadableXmlAsset: AncientRuinsChemfuelBarrelRoom

GAGARIN: Succeded in LoadableXmlAsset: AncientRuinsLockerRoom

GAGARIN: Succeded in LoadableXmlAsset: AncientRuinsSecureRoom

GAGARIN: Succeded in LoadableXmlAsset: AncientChemfuelStorage

GAGARIN: Succeded in LoadableXmlAsset: AncientWeaponStorage

GAGARIN: Succeded in LoadableXmlAsset: AncientRuinsReactorCorpseRoom

GAGARIN: Succeded in LoadableXmlAsset: AncientRuinsReactorToxicWaterRoom

GAGARIN: Succeded in LoadableXmlAsset: AncientLivingArea

GAGARIN: Succeded in LoadableXmlAsset: AncientSleepingArea

GAGARIN: Succeded in LoadableXmlAsset: AncientOrbitalUplink

GAGARIN: Succeded in LoadableXmlAsset: AncientChemfuelRefineryExplosivesRoom

GAGARIN: Succeded in LoadableXmlAsset: AncientChemfuelRefineryProductionRoom

GAGARIN: Succeded in LoadableXmlAsset: AncientChemfuelRefineryWorkshop

GAGARIN: Succeded in LoadableXmlAsset: AncientWarehouseStorageRoom

GAGARIN: Succeded in LoadableXmlAsset: AncientWarehousePalletRoom

GAGARIN: Succeded in LoadableXmlAsset: InfestedColonyBedroom

GAGARIN: Succeded in LoadableXmlAsset: InfestedWorkshop

GAGARIN: Succeded in LoadableXmlAsset: InfestedKitchen

GAGARIN: Succeded in LoadableXmlAsset: InfestedRecRoom

GAGARIN: Succeded in LoadableXmlAsset: InfestedOperationRoom

GAGARIN: Succeded in LoadableXmlAsset: InfestedLootRoom

GAGARIN: Succeded in LoadableXmlAsset: InfestedHiveEntrance

GAGARIN: Succeded in LoadableXmlAsset: AncientRuinsInsectHive

GAGARIN: Succeded in LoadableXmlAsset: AncientRuinsInsectHive_Underground

GAGARIN: Succeded in LoadableXmlAsset: AncientRuinsCryptosleepCasket

GAGARIN: Succeded in LoadableXmlAsset: AncientRuinsCryptosleepCasketNoThreat

GAGARIN: Succeded in LoadableXmlAsset: AncientRuinsMechsWithLoot

GAGARIN: Succeded in LoadableXmlAsset: AncientStockpileSecurityRoom

GAGARIN: Succeded in LoadableXmlAsset: AncientStockpileHermeticCrateRoom

GAGARIN: Succeded in LoadableXmlAsset: AncientRuinsFrozenStorageRoom

GAGARIN: Succeded in LoadableXmlAsset: AncientRuinsFrozenOperationRoom

GAGARIN: Succeded in LoadableXmlAsset: AncientRuinsFrozenChemfuelWorkshop

GAGARIN: Succeded in LoadableXmlAsset: AncientRuinsFrozenLab

GAGARIN: Succeded in LoadableXmlAsset: AncientRuinsFrozenLivingQuarters

GAGARIN: Succeded in LoadableXmlAsset: AncientRuinsFrozenGravliteStoreRoom

GAGARIN: Succeded in LoadableXmlAsset: AncientRuinsTerraformer

GAGARIN: Succeded in LoadableXmlAsset: AncientRuinsReactorGravliteStoreRoom

GAGARIN: Succeded in LoadableXmlAsset: AncientRuinsReactorMechRoom

GAGARIN: Succeded in LoadableXmlAsset: AncientRuinsReactorControlRoom

GAGARIN: Succeded in LoadableXmlAsset: AncientGarrisonBarracks

GAGARIN: Succeded in LoadableXmlAsset: AncientCanteen

GAGARIN: Succeded in LoadableXmlAsset: AncientWorkshop

GAGARIN: Succeded in LoadableXmlAsset: AncientGarrisonShellStorageRoom

GAGARIN: Succeded in LoadableXmlAsset: AncientOrbitalCorridor

GAGARIN: Succeded in LoadableXmlAsset: AncientOrbitalCorridorDefense

GAGARIN: Succeded in LoadableXmlAsset: NarrowHalls

GAGARIN: Succeded in LoadableXmlAsset: InnerCourtyard

GAGARIN: Succeded in LoadableXmlAsset: InnerCourtyardRooms

GAGARIN: Succeded in LoadableXmlAsset: OrbitalStoreroom

GAGARIN: Succeded in LoadableXmlAsset: OrbitalStoreroom_GravshipUpgrade

GAGARIN: Succeded in LoadableXmlAsset: OrbitalStoreroom_Loot

GAGARIN: Succeded in LoadableXmlAsset: OrbitalTransportRoom

GAGARIN: Succeded in LoadableXmlAsset: LaunchPad

GAGARIN: Succeded in LoadableXmlAsset: OrbitalComputerRoom

GAGARIN: Succeded in LoadableXmlAsset: OrbitalRuinsComputerRoom

GAGARIN: Succeded in LoadableXmlAsset: OrbitalBarracks

GAGARIN: Succeded in LoadableXmlAsset: OrbitalBarracks_Deserted

GAGARIN: Succeded in LoadableXmlAsset: RecRoom

GAGARIN: Succeded in LoadableXmlAsset: RecRoom_Deserted

GAGARIN: Succeded in LoadableXmlAsset: OrbitalHydroponics

GAGARIN: Succeded in LoadableXmlAsset: OrbitalHydroponics_Deserted

GAGARIN: Succeded in LoadableXmlAsset: OrbitalNursery

GAGARIN: Succeded in LoadableXmlAsset: OrbitalNursery_Deserted

GAGARIN: Succeded in LoadableXmlAsset: OrbitalDiningRoom

GAGARIN: Succeded in LoadableXmlAsset: MechGestationRoom

GAGARIN: Succeded in LoadableXmlAsset: MechProcessorRoom

GAGARIN: Succeded in LoadableXmlAsset: MechStorageRoom

GAGARIN: Succeded in LoadableXmlAsset: MechGloomlightRoom

GAGARIN: Succeded in LoadableXmlAsset: MechLootRoom

GAGARIN: Succeded in LoadableXmlAsset: MechChargingRoom

GAGARIN: Succeded in LoadableXmlAsset: MechGravlitePanelRoom

GAGARIN: Succeded in LoadableXmlAsset: AncientSatelliteMachineRoom

GAGARIN: Succeded in LoadableXmlAsset: AncientSatelliteSystemRoom

GAGARIN: Succeded in LoadableXmlAsset: AncientSatelliteEquipmentBlockRoom

GAGARIN: Succeded in LoadableXmlAsset: AncientSatelliteVentRoom

GAGARIN: Succeded in LoadableXmlAsset: AncientSatelliteLootRoom

GAGARIN: Succeded in LoadableXmlAsset: AncientSatelliteSecondaryLootRoom

GAGARIN: Succeded in LoadableXmlAsset: OrbitalWreckRubble

GAGARIN: Succeded in LoadableXmlAsset: OrbitalRuinsShelves

GAGARIN: Succeded in LoadableXmlAsset: OrbitalRuinsHermeticCrate

GAGARIN: Succeded in LoadableXmlAsset: OrbitalRuinsDestroyedFloor

GAGARIN: Succeded in LoadableXmlAsset: OrbitalRuinsStoreroom

GAGARIN: Succeded in LoadableXmlAsset: OrbitalRuinsSteelRoom

GAGARIN: Succeded in LoadableXmlAsset: OrbitalRuinsAdvancedComponentRoom

GAGARIN: Succeded in LoadableXmlAsset: OrbitalRuinsLootroom

GAGARIN: Succeded in LoadableXmlAsset: AncientStockpileEntrance

GAGARIN: Succeded in LoadableXmlAsset: AncientStockpileStockpile

GAGARIN: Succeded in LoadableXmlAsset: OrbitalItemStash_ItemRoom

GAGARIN: Succeded in LoadableXmlAsset: Mechhive_Stabilizer

GAGARIN: Succeded in LoadableXmlAsset: AncientRuinsReactor

GAGARIN: Succeded in LoadableXmlAsset: AncientCryptosleepRoom

GAGARIN: Succeded in LoadableXmlAsset: AncientCryptosleepRoom_Hostile

GAGARIN: Succeded in LoadableXmlAsset: AncientCryptosleepRoom_Hostile_Deserted

GAGARIN: Succeded in LoadableXmlAsset: AncientEngineRoom

GAGARIN: Succeded in LoadableXmlAsset: MechanoidEngineRoom

GAGARIN: Succeded in LoadableXmlAsset: PorcupineBite

GAGARIN: Succeded in LoadableXmlAsset: PorcupineScratch

GAGARIN: Succeded in LoadableXmlAsset: AncientStockpile

GAGARIN: Succeded in LoadableXmlAsset: AncientStockpile

GAGARIN: Succeded in LoadableXmlAsset: ReserveGravshipArea

GAGARIN: Succeded in LoadableXmlAsset: GravshipMarker

GAGARIN: Succeded in LoadableXmlAsset: AncientRuins_Scarlands

GAGARIN: Succeded in LoadableXmlAsset: CratersLarge

GAGARIN: Succeded in LoadableXmlAsset: CratersMedium

GAGARIN: Succeded in LoadableXmlAsset: CratersSmall

GAGARIN: Succeded in LoadableXmlAsset: AncientRuins_Special

GAGARIN: Succeded in LoadableXmlAsset: Glaciers

GAGARIN: Succeded in LoadableXmlAsset: FrozenRuins

GAGARIN: Succeded in LoadableXmlAsset: GrasslandsElevationReduction

GAGARIN: Succeded in LoadableXmlAsset: GeothermalVents

GAGARIN: Succeded in LoadableXmlAsset: AncientMiningCharge

GAGARIN: Succeded in LoadableXmlAsset: AncientExplosivesCrate

GAGARIN: Succeded in LoadableXmlAsset: AncientExcavator

GAGARIN: Succeded in LoadableXmlAsset: AncientDrillPlatform

GAGARIN: Succeded in LoadableXmlAsset: AncientTuneller

GAGARIN: Succeded in LoadableXmlAsset: ScarlandsJunkPrefabs

GAGARIN: Succeded in LoadableXmlAsset: ScarlandsJunkClusters

GAGARIN: Succeded in LoadableXmlAsset: InsectLair

GAGARIN: Succeded in LoadableXmlAsset: InsectLair_Cave

GAGARIN: Succeded in LoadableXmlAsset: InsectLair_GlowPods

GAGARIN: Succeded in LoadableXmlAsset: Mechhive

GAGARIN: Succeded in LoadableXmlAsset: OrbitalMechhive

GAGARIN: Succeded in LoadableXmlAsset: Mechhive_JunkClusters

GAGARIN: Succeded in LoadableXmlAsset: Mechhive_Filth

GAGARIN: Succeded in LoadableXmlAsset: Space

GAGARIN: Succeded in LoadableXmlAsset: SpacePocket

GAGARIN: Succeded in LoadableXmlAsset: Space

GAGARIN: Succeded in LoadableXmlAsset: Asteroid

GAGARIN: Succeded in LoadableXmlAsset: AsteroidBasic

GAGARIN: Succeded in LoadableXmlAsset: OrbitalItemStash

GAGARIN: Succeded in LoadableXmlAsset: SettlementPlatform

GAGARIN: Succeded in LoadableXmlAsset: SettlementPlatform

GAGARIN: Succeded in LoadableXmlAsset: SettlementPawnsLoot

GAGARIN: Succeded in LoadableXmlAsset: OrbitalRelay

GAGARIN: Succeded in LoadableXmlAsset: OrbitalRelay_JunkClusters

GAGARIN: Succeded in LoadableXmlAsset: Asteroid

GAGARIN: Succeded in LoadableXmlAsset: Asteroid_NoRuins

GAGARIN: Succeded in LoadableXmlAsset: AsteroidBasic

GAGARIN: Succeded in LoadableXmlAsset: AsteroidBasicTransportPods

GAGARIN: Succeded in LoadableXmlAsset: AsteroidItemStash

GAGARIN: Succeded in LoadableXmlAsset: OrbitalRelay

GAGARIN: Succeded in LoadableXmlAsset: FogSpace

GAGARIN: Succeded in LoadableXmlAsset: AncientMiningCharge_Asteroid

GAGARIN: Succeded in LoadableXmlAsset: AncientExplosivesCrate_Asteroid

GAGARIN: Succeded in LoadableXmlAsset: AncientDrillPlatform_Asteroid

GAGARIN: Succeded in LoadableXmlAsset: MechShipChunk_Asteroid

GAGARIN: Succeded in LoadableXmlAsset: AncientTuneller_Asteroid

GAGARIN: Succeded in LoadableXmlAsset: Sand

GAGARIN: Succeded in LoadableXmlAsset: Shipborn

GAGARIN: Succeded in LoadableXmlAsset: Terror

GAGARIN: Succeded in LoadableXmlAsset: DestroyedMechhive

GAGARIN: Succeded in LoadableXmlAsset: MinorGravshipCrash

GAGARIN: Succeded in LoadableXmlAsset: ThrusterBreakdown

GAGARIN: Succeded in LoadableXmlAsset: OverheatedGravEngine

GAGARIN: Succeded in LoadableXmlAsset: GravNausea

GAGARIN: Succeded in LoadableXmlAsset: PiranhaBite

GAGARIN: Succeded in LoadableXmlAsset: PiranhaAttack

GAGARIN: Succeded in LoadableXmlAsset: DogfishEscape

GAGARIN: Succeded in LoadableXmlAsset: DogfishBite

GAGARIN: Succeded in LoadableXmlAsset: CatfishEscape

GAGARIN: Succeded in LoadableXmlAsset: CatfishSpine

GAGARIN: Succeded in LoadableXmlAsset: GuppyEscape

GAGARIN: Succeded in LoadableXmlAsset: TunaEscape

GAGARIN: Succeded in LoadableXmlAsset: MarlinEscape

GAGARIN: Succeded in LoadableXmlAsset: MarlinAttack

GAGARIN: Succeded in LoadableXmlAsset: FrostfishAttack

GAGARIN: Succeded in LoadableXmlAsset: MicrocraterA

GAGARIN: Succeded in LoadableXmlAsset: MicrocraterB

GAGARIN: Succeded in LoadableXmlAsset: MicrocraterC

GAGARIN: Succeded in LoadableXmlAsset: AttackTarget

GAGARIN: Succeded in LoadableXmlAsset: Comfort

GAGARIN: Succeded in LoadableXmlAsset: Forage

GAGARIN: Succeded in LoadableXmlAsset: Dig

GAGARIN: Succeded in LoadableXmlAsset: EggSpew

GAGARIN: Succeded in LoadableXmlAsset: SludgeSpew

GAGARIN: Succeded in LoadableXmlAsset: TerrorRoar

GAGARIN: Succeded in LoadableXmlAsset: WarTrumpet

GAGARIN: Succeded in LoadableXmlAsset: ThrumboRoar

GAGARIN: Succeded in LoadableXmlAsset: Asteroid

GAGARIN: Succeded in LoadableXmlAsset: Manmade

GAGARIN: Succeded in LoadableXmlAsset: Mechanoid

GAGARIN: Succeded in LoadableXmlAsset: SpecialTrainable

GAGARIN: Succeded in LoadableXmlAsset: AnimalForage

GAGARIN: Succeded in LoadableXmlAsset: AnimalDig

GAGARIN: Succeded in LoadableXmlAsset: Drone_Hunter

GAGARIN: Succeded in LoadableXmlAsset: Drone_Wasp

GAGARIN: Succeded in LoadableXmlAsset: Drone_Sentry

GAGARIN: Succeded in LoadableXmlAsset: Mech_Cyclops

GAGARIN: Succeded in LoadableXmlAsset: CrewMember

GAGARIN: Succeded in LoadableXmlAsset: Salvager_Pirate

GAGARIN: Succeded in LoadableXmlAsset: Salvager_Scrapper

GAGARIN: Succeded in LoadableXmlAsset: Salvager_Elite

GAGARIN: Succeded in LoadableXmlAsset: AncientSoldier_Leader

GAGARIN: Succeded in LoadableXmlAsset: TradersGuild_Citizen

GAGARIN: Succeded in LoadableXmlAsset: TradersGuild_Child

GAGARIN: Succeded in LoadableXmlAsset: TradersGuild_Gunner

GAGARIN: Succeded in LoadableXmlAsset: TradersGuild_Slasher

GAGARIN: Succeded in LoadableXmlAsset: TradersGuild_Heavy

GAGARIN: Succeded in LoadableXmlAsset: TradersGuild_Magister

GAGARIN: Succeded in LoadableXmlAsset: TradersGuild_Elite

GAGARIN: Succeded in LoadableXmlAsset: Orbit

GAGARIN: Succeded in LoadableXmlAsset: Fishing

GAGARIN: Succeded in LoadableXmlAsset: Fishing_Prohibited

GAGARIN: Succeded in LoadableXmlAsset: Fishing_Disapproved

GAGARIN: Succeded in LoadableXmlAsset: Fishing_Sacred

GAGARIN: Succeded in LoadableXmlAsset: SlaughteredFish

GAGARIN: Succeded in LoadableXmlAsset: SlaughteredFish_Know_Prohibited

GAGARIN: Succeded in LoadableXmlAsset: SlaughteredFish_Know_Prohibited_Mood

GAGARIN: Succeded in LoadableXmlAsset: SlaughteredFish_Disapproved

GAGARIN: Succeded in LoadableXmlAsset: SlaughteredFish_Know_Disapproved

GAGARIN: Succeded in LoadableXmlAsset: SlaughteredFish_Know_Disapproved_Mood

GAGARIN: Succeded in LoadableXmlAsset: SlaughteredFish_Sacred

GAGARIN: Succeded in LoadableXmlAsset: SlaughteredFish_Sacred_NoFish

GAGARIN: Succeded in LoadableXmlAsset: Nomadic

GAGARIN: Succeded in LoadableXmlAsset: Nomadic_Preferred

GAGARIN: Succeded in LoadableXmlAsset: ResettledRecently

GAGARIN: Succeded in LoadableXmlAsset: SpaceHabitat

GAGARIN: Succeded in LoadableXmlAsset: SpaceHabitat_Preferred

GAGARIN: Succeded in LoadableXmlAsset: SpaceHabitat_Mood

GAGARIN: Succeded in LoadableXmlAsset: GravshipLaunch

GAGARIN: Succeded in LoadableXmlAsset: Exterior_AncientContainerForklift

GAGARIN: Succeded in LoadableXmlAsset: Exterior_CrashedCrane

GAGARIN: Succeded in LoadableXmlAsset: Exterior_FourSmallBuildings

GAGARIN: Succeded in LoadableXmlAsset: Exterior_MilitaryBlockade

GAGARIN: Succeded in LoadableXmlAsset: Exterior_ContainerSite

GAGARIN: Succeded in LoadableXmlAsset: Exterior_AncientBunker

GAGARIN: Succeded in LoadableXmlAsset: Exterior_AncientTank_Cluster

GAGARIN: Succeded in LoadableXmlAsset: Exterior_AncientTankTraps

GAGARIN: Succeded in LoadableXmlAsset: Exterior_AncientTankBlockade

GAGARIN: Succeded in LoadableXmlAsset: Exterior_AncientMegaCannonEmplacement

GAGARIN: Succeded in LoadableXmlAsset: Exterior_OrbitalRuinsSquare

GAGARIN: Succeded in LoadableXmlAsset: Exterior_OrbitalRuinsRoomWithSteel

GAGARIN: Succeded in LoadableXmlAsset: Exterior_OrbitalRuinsWall

GAGARIN: Succeded in LoadableXmlAsset: Exterior_OrbitalRuinsSmallSquare

GAGARIN: Succeded in LoadableXmlAsset: Exterior_ShipChunk_Mech

GAGARIN: Succeded in LoadableXmlAsset: Exterior_OrbitalRuinsLargeRectangle

GAGARIN: Succeded in LoadableXmlAsset: Exterior_ChemtruckParkingLot

GAGARIN: Succeded in LoadableXmlAsset: Exterior_ChembarrelStorage

GAGARIN: Succeded in LoadableXmlAsset: Exterior_ChembarrelStorageBuilding

GAGARIN: Succeded in LoadableXmlAsset: Exterior_ChemtruckParkingLot_Long

GAGARIN: Succeded in LoadableXmlAsset: CrashedShuttle

GAGARIN: Succeded in LoadableXmlAsset: BaricadeTurret

GAGARIN: Succeded in LoadableXmlAsset: BloodBlast

GAGARIN: Succeded in LoadableXmlAsset: Exterior_AncientRoad_Long

GAGARIN: Succeded in LoadableXmlAsset: Exterior_AncientRoad_Short

GAGARIN: Succeded in LoadableXmlAsset: Exterior_BurrowWallGenerator

GAGARIN: Succeded in LoadableXmlAsset: Exterior_BurrowWallFarm

GAGARIN: Succeded in LoadableXmlAsset: Exterior_BurrowWallCluster_Medium

GAGARIN: Succeded in LoadableXmlAsset: Exterior_BurrowWallCluster_Large

GAGARIN: Succeded in LoadableXmlAsset: Exterior_AncientLaunchSite_LaunchPad_GridEntry

GAGARIN: Succeded in LoadableXmlAsset: Exterior_AncientLaunchSite_LaunchPad_Large

GAGARIN: Succeded in LoadableXmlAsset: Exterior_AncientLaunchSite_LaunchPad_Small

GAGARIN: Succeded in LoadableXmlAsset: TableWithStools_1x2

GAGARIN: Succeded in LoadableXmlAsset: TableWithStools_2x2

GAGARIN: Succeded in LoadableXmlAsset: TableWithStools_2x4

GAGARIN: Succeded in LoadableXmlAsset: AncientLockers_Row

GAGARIN: Succeded in LoadableXmlAsset: TVWithArmchairs

GAGARIN: Succeded in LoadableXmlAsset: AncientSimpleResearchBench

GAGARIN: Succeded in LoadableXmlAsset: MiningCharge_Cluster

GAGARIN: Succeded in LoadableXmlAsset: AncientBasicRecharger_Rows

GAGARIN: Succeded in LoadableXmlAsset: AncientSecurityTerminal

GAGARIN: Succeded in LoadableXmlAsset: AncientFortifiedWall_Pillar3x3

GAGARIN: Succeded in LoadableXmlAsset: AncientFortifiedWall_PillarGroup

GAGARIN: Succeded in LoadableXmlAsset: AncientFortifiedWall_LargeCorner

GAGARIN: Succeded in LoadableXmlAsset: AncientSingleBeds_Edge

GAGARIN: Succeded in LoadableXmlAsset: AncientBed_Rows

GAGARIN: Succeded in LoadableXmlAsset: AncientBedRooms_Edge

GAGARIN: Succeded in LoadableXmlAsset: BathtubWithStool

GAGARIN: Succeded in LoadableXmlAsset: RubblePile_Cluster

GAGARIN: Succeded in LoadableXmlAsset: CollapsedRocks_Cluster

GAGARIN: Succeded in LoadableXmlAsset: HydroponicsBasin_Cluster

GAGARIN: Succeded in LoadableXmlAsset: AncientSealedCrate

GAGARIN: Succeded in LoadableXmlAsset: AncientSealedCrate_Gravlite

GAGARIN: Succeded in LoadableXmlAsset: AncientSealedCrate_Shells

GAGARIN: Succeded in LoadableXmlAsset: WoodenCratesWithSomeLoot

GAGARIN: Succeded in LoadableXmlAsset: AncientSteelPallet

GAGARIN: Succeded in LoadableXmlAsset: AncientCratesWithComponents

GAGARIN: Succeded in LoadableXmlAsset: AncientSafe

GAGARIN: Succeded in LoadableXmlAsset: MedicinePallet

GAGARIN: Succeded in LoadableXmlAsset: SurvivalMealPallet

GAGARIN: Succeded in LoadableXmlAsset: AncientChemfuelCanister_Cluster

GAGARIN: Succeded in LoadableXmlAsset: AncientSealedContainer

GAGARIN: Succeded in LoadableXmlAsset: AncientSealedContainer_GravshipUpgrade

GAGARIN: Succeded in LoadableXmlAsset: AncientSpacerCrateWithComponentSpacer

GAGARIN: Succeded in LoadableXmlAsset: MalfunctioningTransportPod

GAGARIN: Succeded in LoadableXmlAsset: BiofuelRefinery_Cluster

GAGARIN: Succeded in LoadableXmlAsset: AncientTableMachining_Cluster

GAGARIN: Succeded in LoadableXmlAsset: AncientLamp_Edge

GAGARIN: Succeded in LoadableXmlAsset: AncientSingleBed

GAGARIN: Succeded in LoadableXmlAsset: AncientDoubleBed

GAGARIN: Succeded in LoadableXmlAsset: AncientWorkbenchs

GAGARIN: Succeded in LoadableXmlAsset: Subroom_SpacerCrates

GAGARIN: Succeded in LoadableXmlAsset: Subroom_Bedrooms

GAGARIN: Succeded in LoadableXmlAsset: Subroom_Rectangle

GAGARIN: Succeded in LoadableXmlAsset: Subroom_LootInVents

GAGARIN: Succeded in LoadableXmlAsset: Subroom_Partialwall

GAGARIN: Succeded in LoadableXmlAsset: AncientTableStoveElectric_Edge

GAGARIN: Succeded in LoadableXmlAsset: ShowerAndToilet_Edge

GAGARIN: Succeded in LoadableXmlAsset: AncientStove_Cluster

GAGARIN: Succeded in LoadableXmlAsset: AncientDestroyedConsole_Cluster

GAGARIN: Succeded in LoadableXmlAsset: AncientDestroyedConsole_VerySmall

GAGARIN: Succeded in LoadableXmlAsset: AncientDestroyedConsole_Small

GAGARIN: Succeded in LoadableXmlAsset: AncientDestroyedConsole_Large

GAGARIN: Succeded in LoadableXmlAsset: AncientFilingCabinet_Edge

GAGARIN: Succeded in LoadableXmlAsset: IndustrialShelf_Rows

GAGARIN: Succeded in LoadableXmlAsset: IndustrialShelf_Edge

GAGARIN: Succeded in LoadableXmlAsset: IndustrialShelf_InnerWall

GAGARIN: Succeded in LoadableXmlAsset: WoodenCrate_Cluster

GAGARIN: Succeded in LoadableXmlAsset: AncientOpenContainer

GAGARIN: Succeded in LoadableXmlAsset: AncientCratePallet_Cluster

GAGARIN: Succeded in LoadableXmlAsset: AncientCardboardBox_Cluster

GAGARIN: Succeded in LoadableXmlAsset: AncientMilitaryCrate_Cluster

GAGARIN: Succeded in LoadableXmlAsset: AncientAmmoStack_Cluster

GAGARIN: Succeded in LoadableXmlAsset: AncientSpacerCrate_Cluster

GAGARIN: Succeded in LoadableXmlAsset: AncientSpacerCrate

GAGARIN: Succeded in LoadableXmlAsset: AncientGenerator_Cluster

GAGARIN: Succeded in LoadableXmlAsset: AncientGeneratorSingle

GAGARIN: Succeded in LoadableXmlAsset: AncientChembarrelPallet_Cluster

GAGARIN: Succeded in LoadableXmlAsset: AncientForklift

GAGARIN: Succeded in LoadableXmlAsset: Chembarrel_Cluster

GAGARIN: Succeded in LoadableXmlAsset: AncientFuelNodeWithChembarrels

GAGARIN: Succeded in LoadableXmlAsset: AncientFuelNodeArray

GAGARIN: Succeded in LoadableXmlAsset: ChemfuelWorkstation

GAGARIN: Succeded in LoadableXmlAsset: AncientTableDrugLab

GAGARIN: Succeded in LoadableXmlAsset: SolidIce_Loot

GAGARIN: Succeded in LoadableXmlAsset: SolidIce_Large

GAGARIN: Succeded in LoadableXmlAsset: SolidIce_Medium

GAGARIN: Succeded in LoadableXmlAsset: SolidIce_Small

GAGARIN: Succeded in LoadableXmlAsset: SolidIce_AlongWall

GAGARIN: Succeded in LoadableXmlAsset: AncientTerraformer

GAGARIN: Succeded in LoadableXmlAsset: RustedEngine_Cluster

GAGARIN: Succeded in LoadableXmlAsset: AncientTank

GAGARIN: Succeded in LoadableXmlAsset: AncientTableMachining_Edge

GAGARIN: Succeded in LoadableXmlAsset: BurrowWall_Large

GAGARIN: Succeded in LoadableXmlAsset: BurrowWall_Medium

GAGARIN: Succeded in LoadableXmlAsset: InsectLairEntrance

GAGARIN: Succeded in LoadableXmlAsset: FirefoamPopper

GAGARIN: Succeded in LoadableXmlAsset: FueledStove

GAGARIN: Succeded in LoadableXmlAsset: Shelf

GAGARIN: Succeded in LoadableXmlAsset: DiningTable_Large

GAGARIN: Succeded in LoadableXmlAsset: DiningTable_VeryLarge

GAGARIN: Succeded in LoadableXmlAsset: Couch_Edge

GAGARIN: Succeded in LoadableXmlAsset: Armchairs_Edge

GAGARIN: Succeded in LoadableXmlAsset: Subroom_Crib

GAGARIN: Succeded in LoadableXmlAsset: Subroom_ElectricStove

GAGARIN: Succeded in LoadableXmlAsset: SchoolDesksAndBlackboards

GAGARIN: Succeded in LoadableXmlAsset: SculptureSmall

GAGARIN: Succeded in LoadableXmlAsset: BilliardsTable

GAGARIN: Succeded in LoadableXmlAsset: PokerTable

GAGARIN: Succeded in LoadableXmlAsset: ChessTable

GAGARIN: Succeded in LoadableXmlAsset: FlatscreenTelevision

GAGARIN: Succeded in LoadableXmlAsset: CorridorBarricade

GAGARIN: Succeded in LoadableXmlAsset: CorridorBarricadeIntersection

GAGARIN: Succeded in LoadableXmlAsset: CerebrexCore

GAGARIN: Succeded in LoadableXmlAsset: MechanoidProcessor

GAGARIN: Succeded in LoadableXmlAsset: MechanoidProcessor_Cluster

GAGARIN: Succeded in LoadableXmlAsset: Gloomlight_Cluster

GAGARIN: Succeded in LoadableXmlAsset: MechPylon_StructureCross

GAGARIN: Succeded in LoadableXmlAsset: MechPylon_Structure_Edge

GAGARIN: Succeded in LoadableXmlAsset: MechStorageCylinder_Cluster

GAGARIN: Succeded in LoadableXmlAsset: GestatorTanksWithLoot

GAGARIN: Succeded in LoadableXmlAsset: AncientFortifiedWall_Edge

GAGARIN: Succeded in LoadableXmlAsset: AncientUplink

GAGARIN: Succeded in LoadableXmlAsset: OrbitalRelay_Center_1

GAGARIN: Succeded in LoadableXmlAsset: OrbitalRelay_Satellite_1

GAGARIN: Succeded in LoadableXmlAsset: OrbitalRelay_Satellite_2

GAGARIN: Succeded in LoadableXmlAsset: OrbitalRelay_Satellite_3

GAGARIN: Succeded in LoadableXmlAsset: OrbitalRelay_Scatter_1

GAGARIN: Succeded in LoadableXmlAsset: OrbitalRelay_Scatter_2

GAGARIN: Succeded in LoadableXmlAsset: OrbitalRelay_Scatter_3

GAGARIN: Succeded in LoadableXmlAsset: AncientAntenna_Rows

GAGARIN: Succeded in LoadableXmlAsset: AncientUraniumSlugTurret

GAGARIN: Succeded in LoadableXmlAsset: AncientCrate_LargeCluster

GAGARIN: Succeded in LoadableXmlAsset: AncientBarrelAndPipes

GAGARIN: Succeded in LoadableXmlAsset: SpaceTerrain

GAGARIN: Succeded in LoadableXmlAsset: AncientTransportPod

GAGARIN: Succeded in LoadableXmlAsset: SolarArray

GAGARIN: Succeded in LoadableXmlAsset: AutoturretBarricade

GAGARIN: Succeded in LoadableXmlAsset: SurveyScanner

GAGARIN: Succeded in LoadableXmlAsset: OpportunitySite_AlphaThrumbo_Giver

GAGARIN: Succeded in LoadableXmlAsset: OpportunitySite_AncientComplex_Giver

GAGARIN: Succeded in LoadableXmlAsset: OpportunitySite_AncientMercenaries

GAGARIN: Succeded in LoadableXmlAsset: Util_SetupAncientStructureCommon

GAGARIN: Succeded in LoadableXmlAsset: Opportunity_AncientStructureLaunchSite

GAGARIN: Succeded in LoadableXmlAsset: Opportunity_AncientStructureGarrison

GAGARIN: Succeded in LoadableXmlAsset: Opportunity_AncientStructureChemfuelRefinery

GAGARIN: Succeded in LoadableXmlAsset: Opportunity_AncientStructureWarehouse

GAGARIN: Succeded in LoadableXmlAsset: Opportunity_AncientInfestedSettlement

GAGARIN: Succeded in LoadableXmlAsset: OpportunitySite_BanditCamp_Giver

GAGARIN: Succeded in LoadableXmlAsset: MechanoidSignal

GAGARIN: Succeded in LoadableXmlAsset: GravEngine

GAGARIN: Succeded in LoadableXmlAsset: Gravcore_MechanoidRelay

GAGARIN: Succeded in LoadableXmlAsset: Gravcore_InsectLair

GAGARIN: Succeded in LoadableXmlAsset: Gravcore_AncientReactor

GAGARIN: Succeded in LoadableXmlAsset: Gravcore_OrbitalMechanoidPlatform

GAGARIN: Succeded in LoadableXmlAsset: Gravcore_AncientStockpile

GAGARIN: Succeded in LoadableXmlAsset: Gravcore_CrashedMechanoidPlatform

GAGARIN: Succeded in LoadableXmlAsset: Gravcore_OrbitalAncientPlatform

GAGARIN: Succeded in LoadableXmlAsset: Gravcore_FrozenTerraformer

GAGARIN: Succeded in LoadableXmlAsset: Gravcore_Mechhive

GAGARIN: Succeded in LoadableXmlAsset: GravshipWreckage

GAGARIN: Succeded in LoadableXmlAsset: OpportunitySite_ItemStash_Giver

GAGARIN: Succeded in LoadableXmlAsset: OrbitalFugitive

GAGARIN: Succeded in LoadableXmlAsset: OrbitalFugitivePlatform

GAGARIN: Succeded in LoadableXmlAsset: OrbitalFugitivePlatform

GAGARIN: Succeded in LoadableXmlAsset: SurveySite

GAGARIN: Succeded in LoadableXmlAsset: OpportunitySite_Asteroid

GAGARIN: Succeded in LoadableXmlAsset: OpportunitySite_OrbitalItemStash

GAGARIN: Succeded in LoadableXmlAsset: OpportunitySite_AbandonedPlatform

GAGARIN: Succeded in LoadableXmlAsset: OpportunitySite_OrbitalWreck

GAGARIN: Succeded in LoadableXmlAsset: OpportunitySite_MechanoidPlatform

GAGARIN: Succeded in LoadableXmlAsset: OpportunitySite_Satellite

GAGARIN: Succeded in LoadableXmlAsset: Cyclops

GAGARIN: Succeded in LoadableXmlAsset: Make_BeamGraser

GAGARIN: Succeded in LoadableXmlAsset: RemovePorcupineQuill

GAGARIN: Succeded in LoadableXmlAsset: Fishing

GAGARIN: Succeded in LoadableXmlAsset: BasicGravtech

GAGARIN: Succeded in LoadableXmlAsset: StandardGravtech

GAGARIN: Succeded in LoadableXmlAsset: AdvancedGravtech

GAGARIN: Succeded in LoadableXmlAsset: OrbitalTech

GAGARIN: Succeded in LoadableXmlAsset: HeavyBridges

GAGARIN: Succeded in LoadableXmlAsset: BeamWeapons

GAGARIN: Succeded in LoadableXmlAsset: Shuttles

GAGARIN: Succeded in LoadableXmlAsset: HunterDrones

GAGARIN: Succeded in LoadableXmlAsset: GravshipLaunch

GAGARIN: Succeded in LoadableXmlAsset: GravshipLaunch

GAGARIN: Succeded in LoadableXmlAsset: GravshipLaunch

GAGARIN: Succeded in LoadableXmlAsset: GravshipLaunch

GAGARIN: Succeded in LoadableXmlAsset: InsectHive

GAGARIN: Succeded in LoadableXmlAsset: Breached

GAGARIN: Succeded in LoadableXmlAsset: Gore

GAGARIN: Succeded in LoadableXmlAsset: CornerArmoredTurret

GAGARIN: Succeded in LoadableXmlAsset: CornerMechPylon

GAGARIN: Succeded in LoadableXmlAsset: CornerMiniTurret

GAGARIN: Succeded in LoadableXmlAsset: HunterDrone

GAGARIN: Succeded in LoadableXmlAsset: WaspDrone

GAGARIN: Succeded in LoadableXmlAsset: ExplosiveCrate

GAGARIN: Succeded in LoadableXmlAsset: DormantThreatCluster

GAGARIN: Succeded in LoadableXmlAsset: DormantInsectCluster

GAGARIN: Succeded in LoadableXmlAsset: DormantMechCluster

GAGARIN: Succeded in LoadableXmlAsset: Corpse

GAGARIN: Succeded in LoadableXmlAsset: AncientBarricades

GAGARIN: Succeded in LoadableXmlAsset: HermetricCrate_LowValue

GAGARIN: Succeded in LoadableXmlAsset: HermetricCrate_HighValue

GAGARIN: Succeded in LoadableXmlAsset: GestationTanks

GAGARIN: Succeded in LoadableXmlAsset: CenterSpace

GAGARIN: Succeded in LoadableXmlAsset: AncientEngine

GAGARIN: Succeded in LoadableXmlAsset: SentryDrone

GAGARIN: Succeded in LoadableXmlAsset: AncientWeaponStorage

GAGARIN: Succeded in LoadableXmlAsset: ConnectConduits

GAGARIN: Succeded in LoadableXmlAsset: NamerStatue

GAGARIN: Succeded in LoadableXmlAsset: ArtDescription_Statue

GAGARIN: Succeded in LoadableXmlAsset: Namer_Map

GAGARIN: Succeded in LoadableXmlAsset: Description_Map

GAGARIN: Succeded in LoadableXmlAsset: MapUtility

GAGARIN: Succeded in LoadableXmlAsset: NamerFactionTradersGuild

GAGARIN: Succeded in LoadableXmlAsset: NamerSettlementTradersGuild

GAGARIN: Succeded in LoadableXmlAsset: NamerFactionSalvagers

GAGARIN: Succeded in LoadableXmlAsset: NamerGravship

GAGARIN: Succeded in LoadableXmlAsset: NamerLandmark_Oasis

GAGARIN: Succeded in LoadableXmlAsset: NamerLandmark_Lake

GAGARIN: Succeded in LoadableXmlAsset: NamerLandmark_Pond

GAGARIN: Succeded in LoadableXmlAsset: NamerLandmark_Archipelago

GAGARIN: Succeded in LoadableXmlAsset: NamerLandmark_CoastalIsland

GAGARIN: Succeded in LoadableXmlAsset: NamerLandmark_Peninsula

GAGARIN: Succeded in LoadableXmlAsset: NamerLandmark_Bay

GAGARIN: Succeded in LoadableXmlAsset: NamerLandmark_Fjord

GAGARIN: Succeded in LoadableXmlAsset: NamerLandmark_Valley

GAGARIN: Succeded in LoadableXmlAsset: NamerLandmark_Ruins

GAGARIN: Succeded in LoadableXmlAsset: NamerLandmark_FrozenRuins

GAGARIN: Succeded in LoadableXmlAsset: NamerLandmark_AbandonedColonyTribal

GAGARIN: Succeded in LoadableXmlAsset: NamerLandmark_AbandonedColonyOutlander

GAGARIN: Succeded in LoadableXmlAsset: NamerLandmark_Cavern

GAGARIN: Succeded in LoadableXmlAsset: NamerLandmark_LavaLake

GAGARIN: Succeded in LoadableXmlAsset: NamerLandmark_AncientSmokeVent

GAGARIN: Succeded in LoadableXmlAsset: NamerLandmark_AncientToxVent

GAGARIN: Succeded in LoadableXmlAsset: NamerLandmark_AncientHeatVent

GAGARIN: Succeded in LoadableXmlAsset: NamerLandmark_LavaFlow

GAGARIN: Succeded in LoadableXmlAsset: NamerLandmark_AncientQuarry

GAGARIN: Succeded in LoadableXmlAsset: NamerLandmark_Atoll

GAGARIN: Succeded in LoadableXmlAsset: NamerLandmark_DryLake

GAGARIN: Succeded in LoadableXmlAsset: NamerLandmark_ToxicLake

GAGARIN: Succeded in LoadableXmlAsset: NamerLandmark_Chasm

GAGARIN: Succeded in LoadableXmlAsset: NamerLandmark_Crevasse

GAGARIN: Succeded in LoadableXmlAsset: NamerLandmark_Plateau

GAGARIN: Succeded in LoadableXmlAsset: NamerLandmark_IceDunes

GAGARIN: Succeded in LoadableXmlAsset: NamerLandmark_LaunchSite

GAGARIN: Succeded in LoadableXmlAsset: NamerLandmark_Harbor

GAGARIN: Succeded in LoadableXmlAsset: NamerLandmark_Cliffs

GAGARIN: Succeded in LoadableXmlAsset: NamerLandmark_Wetland

GAGARIN: Succeded in LoadableXmlAsset: NamerLandmark_HotSprings

GAGARIN: Succeded in LoadableXmlAsset: NamerLandmark_Iceberg

GAGARIN: Succeded in LoadableXmlAsset: NamerLandmark_Hollow

GAGARIN: Succeded in LoadableXmlAsset: NamerLandmark_Dunes

GAGARIN: Succeded in LoadableXmlAsset: NamerLandmark_Basin

GAGARIN: Succeded in LoadableXmlAsset: NamerLandmark_Garrison

GAGARIN: Succeded in LoadableXmlAsset: NamerLandmark_Warehouse

GAGARIN: Succeded in LoadableXmlAsset: NamerLandmark_TerraformingScar

GAGARIN: Succeded in LoadableXmlAsset: NamerLandmark_ChemfuelRefinery

GAGARIN: Succeded in LoadableXmlAsset: NamerLandmark_InfestedSettlement

GAGARIN: Succeded in LoadableXmlAsset: NamerWorldObject_AsteroidBasic

GAGARIN: Succeded in LoadableXmlAsset: NamerUniqueWeapon

GAGARIN: Succeded in LoadableXmlAsset: NamerScarlands

GAGARIN: Succeded in LoadableXmlAsset: NamerLavaField

GAGARIN: Succeded in LoadableXmlAsset: NamerGlacialPlain

GAGARIN: Succeded in LoadableXmlAsset: NamerGlowforest

GAGARIN: Succeded in LoadableXmlAsset: NamerGrasslands

GAGARIN: Succeded in LoadableXmlAsset: TheGravship

GAGARIN: Succeded in LoadableXmlAsset: PursuingMechanoids

GAGARIN: Succeded in LoadableXmlAsset: AlphaThrumboSighting

GAGARIN: Succeded in LoadableXmlAsset: AlphaThrumboSighting

GAGARIN: Succeded in LoadableXmlAsset: OpportunitySite_AncientLaunchSite

GAGARIN: Succeded in LoadableXmlAsset: OpportunitySite_AncientGarrison

GAGARIN: Succeded in LoadableXmlAsset: OpportunitySite_AncientChemfuelRefinery

GAGARIN: Succeded in LoadableXmlAsset: OpportunitySite_AncientWarehouse

GAGARIN: Succeded in LoadableXmlAsset: OpportunitySite_AncientInfestedSettlement

GAGARIN: Succeded in LoadableXmlAsset: BanditGang

GAGARIN: Succeded in LoadableXmlAsset: AbandonedSettlement

GAGARIN: Succeded in LoadableXmlAsset: AbandonedSettlement

GAGARIN: Succeded in LoadableXmlAsset: Gravcore

GAGARIN: Succeded in LoadableXmlAsset: Interior_Gravcore

GAGARIN: Succeded in LoadableXmlAsset: MechanoidRelay

GAGARIN: Succeded in LoadableXmlAsset: MechanoidRelay

GAGARIN: Succeded in LoadableXmlAsset: InsectLair

GAGARIN: Succeded in LoadableXmlAsset: InsectLair

GAGARIN: Succeded in LoadableXmlAsset: AncientReactor

GAGARIN: Succeded in LoadableXmlAsset: AncientReactor

GAGARIN: Succeded in LoadableXmlAsset: OrbitalMechanoidPlatform

GAGARIN: Succeded in LoadableXmlAsset: OrbitalMechanoidPlatform

GAGARIN: Succeded in LoadableXmlAsset: AncientStockpile

GAGARIN: Succeded in LoadableXmlAsset: AncientStockpile_Gravcore

GAGARIN: Succeded in LoadableXmlAsset: CrashedMechanoidPlatform

GAGARIN: Succeded in LoadableXmlAsset: CrashedMechanoidPlatform

GAGARIN: Succeded in LoadableXmlAsset: OrbitalAncientPlatform

GAGARIN: Succeded in LoadableXmlAsset: OrbitalAncientPlatform

GAGARIN: Succeded in LoadableXmlAsset: FrozenTerraformer

GAGARIN: Succeded in LoadableXmlAsset: FrozenTerraformer

GAGARIN: Succeded in LoadableXmlAsset: OrbitalMechhive

GAGARIN: Succeded in LoadableXmlAsset: GravshipWreckage

GAGARIN: Succeded in LoadableXmlAsset: GravshipWreckage

GAGARIN: Succeded in LoadableXmlAsset: Opportunity_AbandonedPlatform

GAGARIN: Succeded in LoadableXmlAsset: Opportunity_AbandonedPlatform

GAGARIN: Succeded in LoadableXmlAsset: Opportunity_MechanoidPlatform

GAGARIN: Succeded in LoadableXmlAsset: Opportunity_MechanoidPlatform

GAGARIN: Succeded in LoadableXmlAsset: OpportunitySite_Satellite

GAGARIN: Succeded in LoadableXmlAsset: OpportunitySite_Satellite

GAGARIN: Succeded in LoadableXmlAsset: Opportunity_OrbitalWreck

GAGARIN: Succeded in LoadableXmlAsset: Opportunity_OrbitalWreck

GAGARIN: Succeded in LoadableXmlAsset: Opportunity_OrbitalWreck_Salvagers

GAGARIN: Succeded in LoadableXmlAsset: Opportunity_SurveySite

GAGARIN: Succeded in LoadableXmlAsset: Opportunity_SurveySite

GAGARIN: Succeded in LoadableXmlAsset: AncientHatch

GAGARIN: Succeded in LoadableXmlAsset: Gravship

GAGARIN: Succeded in LoadableXmlAsset: AncientConcretePad

GAGARIN: Succeded in LoadableXmlAsset: CerebrexCore

GAGARIN: Succeded in LoadableXmlAsset: MechhiveLaunchPad

GAGARIN: Succeded in LoadableXmlAsset: MechhiveProcessorArray

GAGARIN: Succeded in LoadableXmlAsset: MechhiveGuardOutpost

GAGARIN: Succeded in LoadableXmlAsset: GravshipEngine_Ambient

GAGARIN: Succeded in LoadableXmlAsset: MechanoidRelay_Ambient

GAGARIN: Succeded in LoadableXmlAsset: MechanoidStabilizer_Ambient

GAGARIN: Succeded in LoadableXmlAsset: CerebrexCore_Ambient

GAGARIN: Succeded in LoadableXmlAsset: CerebrexCore_Pain

GAGARIN: Succeded in LoadableXmlAsset: AncientVent_Ambient

GAGARIN: Succeded in LoadableXmlAsset: BurrowWall_Damaged

GAGARIN: Succeded in LoadableXmlAsset: BurrowWall_Destroyed

GAGARIN: Succeded in LoadableXmlAsset: AncientHatchOpened

GAGARIN: Succeded in LoadableXmlAsset: OxygenPump_Ambient

GAGARIN: Succeded in LoadableXmlAsset: GravshipShieldGenerator_Activate

GAGARIN: Succeded in LoadableXmlAsset: Gravship_Engine_Start

GAGARIN: Succeded in LoadableXmlAsset: Gravship_Engine_Loop

GAGARIN: Succeded in LoadableXmlAsset: Gravship_Antigrav_Loop

GAGARIN: Succeded in LoadableXmlAsset: Gravship_RetroThruster_Loop

GAGARIN: Succeded in LoadableXmlAsset: Gravship_RetroThruster_Oneshot_01

GAGARIN: Succeded in LoadableXmlAsset: Gravship_RetroThruster_Oneshot_02

GAGARIN: Succeded in LoadableXmlAsset: Gravship_RetroThruster_Oneshot_03

GAGARIN: Succeded in LoadableXmlAsset: Gravship_LandingServos

GAGARIN: Succeded in LoadableXmlAsset: Gravship_Touchdown

GAGARIN: Succeded in LoadableXmlAsset: Gravship_Engine_Stop

GAGARIN: Succeded in LoadableXmlAsset: Ability_CallMechanoids

GAGARIN: Succeded in LoadableXmlAsset: Ability_TerrorRoar

GAGARIN: Succeded in LoadableXmlAsset: Interact_CatchFish

GAGARIN: Succeded in LoadableXmlAsset: Pawn_Alligator_Call

GAGARIN: Succeded in LoadableXmlAsset: Pawn_Alligator_Angry

GAGARIN: Succeded in LoadableXmlAsset: Pawn_Alligator_Death

GAGARIN: Succeded in LoadableXmlAsset: Pawn_Alligator_Wounded

GAGARIN: Succeded in LoadableXmlAsset: Pawn_Sparrow_Call

GAGARIN: Succeded in LoadableXmlAsset: Pawn_Sparrow_Angry

GAGARIN: Succeded in LoadableXmlAsset: Pawn_Sparrow_Death

GAGARIN: Succeded in LoadableXmlAsset: Pawn_Sparrow_Wounded

GAGARIN: Succeded in LoadableXmlAsset: Pawn_Crow_Call

GAGARIN: Succeded in LoadableXmlAsset: Pawn_Crow_Angry

GAGARIN: Succeded in LoadableXmlAsset: Pawn_Crow_Death

GAGARIN: Succeded in LoadableXmlAsset: Pawn_Crow_Wounded

GAGARIN: Succeded in LoadableXmlAsset: Pawn_Bluebird_Call

GAGARIN: Succeded in LoadableXmlAsset: Pawn_Bluebird_Angry

GAGARIN: Succeded in LoadableXmlAsset: Pawn_Bluebird_Death

GAGARIN: Succeded in LoadableXmlAsset: Pawn_Bluebird_Wounded

GAGARIN: Succeded in LoadableXmlAsset: Pawn_Quail_Call

GAGARIN: Succeded in LoadableXmlAsset: Pawn_Quail_Angry

GAGARIN: Succeded in LoadableXmlAsset: Pawn_Quail_Death

GAGARIN: Succeded in LoadableXmlAsset: Pawn_Quail_Wounded

GAGARIN: Succeded in LoadableXmlAsset: Pawn_Flamingo_Call

GAGARIN: Succeded in LoadableXmlAsset: Pawn_Flamingo_Angry

GAGARIN: Succeded in LoadableXmlAsset: Pawn_Flamingo_Death

GAGARIN: Succeded in LoadableXmlAsset: Pawn_Flamingo_Wounded

GAGARIN: Succeded in LoadableXmlAsset: Pawn_Peacock_Call

GAGARIN: Succeded in LoadableXmlAsset: Pawn_Peacock_Angry

GAGARIN: Succeded in LoadableXmlAsset: Pawn_Peacock_Death

GAGARIN: Succeded in LoadableXmlAsset: Pawn_Peacock_Wounded

GAGARIN: Succeded in LoadableXmlAsset: Pawn_Swan_Call

GAGARIN: Succeded in LoadableXmlAsset: Pawn_Swan_Angry

GAGARIN: Succeded in LoadableXmlAsset: Pawn_Swan_Death

GAGARIN: Succeded in LoadableXmlAsset: Pawn_Swan_Wounded

GAGARIN: Succeded in LoadableXmlAsset: Pawn_Heron_Call

GAGARIN: Succeded in LoadableXmlAsset: Pawn_Heron_Angry

GAGARIN: Succeded in LoadableXmlAsset: Pawn_Heron_Death

GAGARIN: Succeded in LoadableXmlAsset: Pawn_Heron_Wounded

GAGARIN: Succeded in LoadableXmlAsset: Pawn_Vulture_Call

GAGARIN: Succeded in LoadableXmlAsset: Pawn_Vulture_Angry

GAGARIN: Succeded in LoadableXmlAsset: Pawn_Vulture_Death

GAGARIN: Succeded in LoadableXmlAsset: Pawn_Vulture_Wounded

GAGARIN: Succeded in LoadableXmlAsset: Pawn_Otter_Call

GAGARIN: Succeded in LoadableXmlAsset: Pawn_Otter_Angry

GAGARIN: Succeded in LoadableXmlAsset: Pawn_Otter_Death

GAGARIN: Succeded in LoadableXmlAsset: Pawn_Otter_Wounded

GAGARIN: Succeded in LoadableXmlAsset: Pawn_Penguin_Call

GAGARIN: Succeded in LoadableXmlAsset: Pawn_Penguin_Angry

GAGARIN: Succeded in LoadableXmlAsset: Pawn_Penguin_Death

GAGARIN: Succeded in LoadableXmlAsset: Pawn_Penguin_Wounded

GAGARIN: Succeded in LoadableXmlAsset: Pawn_Pinniped_Call

GAGARIN: Succeded in LoadableXmlAsset: Pawn_Pinniped_Angry

GAGARIN: Succeded in LoadableXmlAsset: Pawn_Pinniped_Death

GAGARIN: Succeded in LoadableXmlAsset: Pawn_Pinniped_Wounded

GAGARIN: Succeded in LoadableXmlAsset: Pawn_Crab_Call

GAGARIN: Succeded in LoadableXmlAsset: Pawn_Crab_Angry

GAGARIN: Succeded in LoadableXmlAsset: Pawn_Crab_Death

GAGARIN: Succeded in LoadableXmlAsset: Pawn_Crab_Wounded

GAGARIN: Succeded in LoadableXmlAsset: Pawn_Frog_Call

GAGARIN: Succeded in LoadableXmlAsset: Pawn_Frog_Angry

GAGARIN: Succeded in LoadableXmlAsset: Pawn_Frog_Death

GAGARIN: Succeded in LoadableXmlAsset: Pawn_Frog_Wounded

GAGARIN: Succeded in LoadableXmlAsset: Pawn_Gorilla_Call

GAGARIN: Succeded in LoadableXmlAsset: Pawn_Gorilla_Angry

GAGARIN: Succeded in LoadableXmlAsset: Pawn_Gorilla_Death

GAGARIN: Succeded in LoadableXmlAsset: Pawn_Gorilla_Wounded

GAGARIN: Succeded in LoadableXmlAsset: Pawn_Macaw_Call

GAGARIN: Succeded in LoadableXmlAsset: Pawn_Macaw_Angry

GAGARIN: Succeded in LoadableXmlAsset: Pawn_Macaw_Death

GAGARIN: Succeded in LoadableXmlAsset: Pawn_Macaw_Wounded

GAGARIN: Succeded in LoadableXmlAsset: Pawn_Megavole_Angry

GAGARIN: Succeded in LoadableXmlAsset: Pawn_Megavole_Call

GAGARIN: Succeded in LoadableXmlAsset: Pawn_Megavole_Wounded

GAGARIN: Succeded in LoadableXmlAsset: Pawn_Megavole_Death

GAGARIN: Succeded in LoadableXmlAsset: Pawn_Wolverine_Call

GAGARIN: Succeded in LoadableXmlAsset: Pawn_Wolverine_Angry

GAGARIN: Succeded in LoadableXmlAsset: Pawn_Wolverine_Death

GAGARIN: Succeded in LoadableXmlAsset: Pawn_Wolverine_Wounded

GAGARIN: Succeded in LoadableXmlAsset: Pawn_Hunter_Call

GAGARIN: Succeded in LoadableXmlAsset: Pawn_Hunter_Death

GAGARIN: Succeded in LoadableXmlAsset: Pawn_Hunter_Wounded

GAGARIN: Succeded in LoadableXmlAsset: Pawn_Wasp_Call

GAGARIN: Succeded in LoadableXmlAsset: Pawn_Wasp_Death

GAGARIN: Succeded in LoadableXmlAsset: Pawn_Wasp_Wounded

GAGARIN: Succeded in LoadableXmlAsset: Pawn_Sentry_Call

GAGARIN: Succeded in LoadableXmlAsset: Pawn_Sentry_Death

GAGARIN: Succeded in LoadableXmlAsset: Pawn_Sentry_Wounded

GAGARIN: Succeded in LoadableXmlAsset: Pawn_HiveQueen_Call

GAGARIN: Succeded in LoadableXmlAsset: Pawn_HiveQueen_Angry

GAGARIN: Succeded in LoadableXmlAsset: Pawn_HiveQueen_Death

GAGARIN: Succeded in LoadableXmlAsset: Pawn_HiveQueen_Wounded

GAGARIN: Succeded in LoadableXmlAsset: Pawn_Larva_Call

GAGARIN: Succeded in LoadableXmlAsset: Pawn_Larva_Angry

GAGARIN: Succeded in LoadableXmlAsset: Pawn_Larva_Death

GAGARIN: Succeded in LoadableXmlAsset: Pawn_Larva_Wounded

GAGARIN: Succeded in LoadableXmlAsset: Pawn_Locust_Call

GAGARIN: Succeded in LoadableXmlAsset: Pawn_Locust_Angry

GAGARIN: Succeded in LoadableXmlAsset: Pawn_Locust_Death

GAGARIN: Succeded in LoadableXmlAsset: Pawn_Locust_Wounded

GAGARIN: Succeded in LoadableXmlAsset: Pawn_Cyclops_Call

GAGARIN: Succeded in LoadableXmlAsset: Pawn_Cyclops_Death

GAGARIN: Succeded in LoadableXmlAsset: Pawn_Cyclops_Wounded

GAGARIN: Succeded in LoadableXmlAsset: PlaceholderWav

GAGARIN: Succeded in LoadableXmlAsset: Gravship_Land

GAGARIN: Succeded in LoadableXmlAsset: Gravship_Launch

GAGARIN: Succeded in LoadableXmlAsset: DroneTrapSpring

GAGARIN: Succeded in LoadableXmlAsset: Shot_BeamRepeater

GAGARIN: Succeded in LoadableXmlAsset: Ambient_SpaceMap

GAGARIN: Succeded in LoadableXmlAsset: Ambient_TorrentialRain

GAGARIN: Succeded in LoadableXmlAsset: GravshipRange

GAGARIN: Succeded in LoadableXmlAsset: SubstructureSupport

GAGARIN: Succeded in LoadableXmlAsset: VacuumResistance

GAGARIN: Succeded in LoadableXmlAsset: FishingSpeed

GAGARIN: Succeded in LoadableXmlAsset: FishingYield

GAGARIN: Succeded in LoadableXmlAsset: PilotingAbility

GAGARIN: Succeded in LoadableXmlAsset: VacuumExposureRevealed

GAGARIN: Succeded in LoadableXmlAsset: OrbitalDebris

GAGARIN: Succeded in LoadableXmlAsset: TileVacstone

GAGARIN: Succeded in LoadableXmlAsset: FlagstoneVacstone

GAGARIN: Succeded in LoadableXmlAsset: Substructure

GAGARIN: Succeded in LoadableXmlAsset: HeavyBridge

GAGARIN: Succeded in LoadableXmlAsset: InsectSludge

GAGARIN: Succeded in LoadableXmlAsset: OrbitalPlatform

GAGARIN: Succeded in LoadableXmlAsset: MechanoidPlatform

GAGARIN: Succeded in LoadableXmlAsset: Space

GAGARIN: Succeded in LoadableXmlAsset: AncientMegastructure

GAGARIN: Succeded in LoadableXmlAsset: VolcanicRock

GAGARIN: Succeded in LoadableXmlAsset: VolcanicRock_Smooth

GAGARIN: Succeded in LoadableXmlAsset: LavaDeep

GAGARIN: Succeded in LoadableXmlAsset: CooledLava

GAGARIN: Succeded in LoadableXmlAsset: GlowforestSoil

GAGARIN: Succeded in LoadableXmlAsset: GrasslandSoil

GAGARIN: Succeded in LoadableXmlAsset: DryLakeBed

GAGARIN: Succeded in LoadableXmlAsset: ShallowFloodwater

GAGARIN: Succeded in LoadableXmlAsset: MarshFlood

GAGARIN: Succeded in LoadableXmlAsset: ToxicFlood

GAGARIN: Succeded in LoadableXmlAsset: SpringFlood

GAGARIN: Succeded in LoadableXmlAsset: ThinIce

GAGARIN: Succeded in LoadableXmlAsset: LavaShallow

GAGARIN: Succeded in LoadableXmlAsset: ToxicWaterDeep

GAGARIN: Succeded in LoadableXmlAsset: ToxicWaterOceanDeep

GAGARIN: Succeded in LoadableXmlAsset: ToxicWaterMovingChestDeep

GAGARIN: Succeded in LoadableXmlAsset: ToxicWaterShallow

GAGARIN: Succeded in LoadableXmlAsset: ToxicWaterOceanShallow

GAGARIN: Succeded in LoadableXmlAsset: ToxicWaterMovingShallow

GAGARIN: Succeded in LoadableXmlAsset: HotSpring

GAGARIN: Succeded in LoadableXmlAsset: Fish

GAGARIN: Succeded in LoadableXmlAsset: CorpsesDrone

GAGARIN: Succeded in LoadableXmlAsset: RubblePile

GAGARIN: Succeded in LoadableXmlAsset: AncientExcavator

GAGARIN: Succeded in LoadableXmlAsset: AncientDrillPlatform

GAGARIN: Succeded in LoadableXmlAsset: AncientTunnelerClaw

GAGARIN: Succeded in LoadableXmlAsset: AncientTunnelerHusk

GAGARIN: Succeded in LoadableXmlAsset: AncientSimpleResearchBench

GAGARIN: Succeded in LoadableXmlAsset: AncientTableBrewery

GAGARIN: Succeded in LoadableXmlAsset: AncientTableButcher

GAGARIN: Succeded in LoadableXmlAsset: AncientTableDrugLab

GAGARIN: Succeded in LoadableXmlAsset: AncientTableMachining

GAGARIN: Succeded in LoadableXmlAsset: AncientTableSmithingFueled

GAGARIN: Succeded in LoadableXmlAsset: AncientTableSmithingElectric

GAGARIN: Succeded in LoadableXmlAsset: AncientTableStoveElectric

GAGARIN: Succeded in LoadableXmlAsset: AncientTableStoveFueled

GAGARIN: Succeded in LoadableXmlAsset: AncientTableTailorElectric

GAGARIN: Succeded in LoadableXmlAsset: AncientTableTailorHand

GAGARIN: Succeded in LoadableXmlAsset: AncientWindTurbineBody

GAGARIN: Succeded in LoadableXmlAsset: AncientBarrierLong

GAGARIN: Succeded in LoadableXmlAsset: AncientMilitaryBarrier

GAGARIN: Succeded in LoadableXmlAsset: AncientChembarrel

GAGARIN: Succeded in LoadableXmlAsset: AncientChembarrelPallet

GAGARIN: Succeded in LoadableXmlAsset: AncientChemtruck

GAGARIN: Succeded in LoadableXmlAsset: AncientPipe

GAGARIN: Succeded in LoadableXmlAsset: AncientArmchair

GAGARIN: Succeded in LoadableXmlAsset: AncientPlantPot

GAGARIN: Succeded in LoadableXmlAsset: AncientTV

GAGARIN: Succeded in LoadableXmlAsset: AncientBathtub

GAGARIN: Succeded in LoadableXmlAsset: AncientShower

GAGARIN: Succeded in LoadableXmlAsset: AncientFilingCabinet

GAGARIN: Succeded in LoadableXmlAsset: AncientColdStorage

GAGARIN: Succeded in LoadableXmlAsset: AncientLockers

GAGARIN: Succeded in LoadableXmlAsset: AncientRustedMicrowave

GAGARIN: Succeded in LoadableXmlAsset: AncientSingleBed

GAGARIN: Succeded in LoadableXmlAsset: AncientDoubleBed

GAGARIN: Succeded in LoadableXmlAsset: AncientAmmoStack

GAGARIN: Succeded in LoadableXmlAsset: AncientAntenna

GAGARIN: Succeded in LoadableXmlAsset: AncientMilitaryGeneratorSmall

GAGARIN: Succeded in LoadableXmlAsset: AncientAutocannonTurret

GAGARIN: Succeded in LoadableXmlAsset: AncientUraniumSlugTurret

GAGARIN: Succeded in LoadableXmlAsset: AncientMortar

GAGARIN: Succeded in LoadableXmlAsset: AncientMediumContainer

GAGARIN: Succeded in LoadableXmlAsset: AncientOpenContainer

GAGARIN: Succeded in LoadableXmlAsset: AncientCratePallet

GAGARIN: Succeded in LoadableXmlAsset: AncientWoodenCrate

GAGARIN: Succeded in LoadableXmlAsset: AncientCraneBase

GAGARIN: Succeded in LoadableXmlAsset: AncientCraneArm

GAGARIN: Succeded in LoadableXmlAsset: AncientCraneArmSmall

GAGARIN: Succeded in LoadableXmlAsset: AncientCraneColumn

GAGARIN: Succeded in LoadableXmlAsset: AncientForklift

GAGARIN: Succeded in LoadableXmlAsset: AncientIndustrialTruck

GAGARIN: Succeded in LoadableXmlAsset: AncientMetalCrate

GAGARIN: Succeded in LoadableXmlAsset: AncientSmallContainer

GAGARIN: Succeded in LoadableXmlAsset: AncientCardboardBox

GAGARIN: Succeded in LoadableXmlAsset: AncientIndustrialShelf

GAGARIN: Succeded in LoadableXmlAsset: AncientShelf

GAGARIN: Succeded in LoadableXmlAsset: AncientSmallShelf

GAGARIN: Succeded in LoadableXmlAsset: AncientDestroyedConsole

GAGARIN: Succeded in LoadableXmlAsset: AncientDestroyedConsoleLarge

GAGARIN: Succeded in LoadableXmlAsset: Pallet_Medicine

GAGARIN: Succeded in LoadableXmlAsset: Pallet_SurvivalMeals

GAGARIN: Succeded in LoadableXmlAsset: AncientBox_ComponentIndustrial

GAGARIN: Succeded in LoadableXmlAsset: AncientBox_ComponentSpacer

GAGARIN: Succeded in LoadableXmlAsset: AncientBox_SteelSlag

GAGARIN: Succeded in LoadableXmlAsset: MalfunctioningTransportPod

GAGARIN: Succeded in LoadableXmlAsset: AncientChemfuelCanister

GAGARIN: Succeded in LoadableXmlAsset: AncientSafe

GAGARIN: Succeded in LoadableXmlAsset: AncientSealedContainer

GAGARIN: Succeded in LoadableXmlAsset: AncientSealedContainer_GravshipUpgrade

GAGARIN: Succeded in LoadableXmlAsset: SealedCrate

GAGARIN: Succeded in LoadableXmlAsset: AncientSealedCrate

GAGARIN: Succeded in LoadableXmlAsset: AncientSealedCrate_Gravlite

GAGARIN: Succeded in LoadableXmlAsset: AncientSealedCrate_Shells

GAGARIN: Succeded in LoadableXmlAsset: AncientPallet_SteelSlag

GAGARIN: Succeded in LoadableXmlAsset: Statue

GAGARIN: Succeded in LoadableXmlAsset: Building_OutfitStand

GAGARIN: Succeded in LoadableXmlAsset: Building_KidOutfitStand

GAGARIN: Succeded in LoadableXmlAsset: Thruster

GAGARIN: Succeded in LoadableXmlAsset: FuelStorage

GAGARIN: Succeded in LoadableXmlAsset: Controls

GAGARIN: Succeded in LoadableXmlAsset: SignalJammer

GAGARIN: Succeded in LoadableXmlAsset: PowerCell

GAGARIN: Succeded in LoadableXmlAsset: GravshipHull

GAGARIN: Succeded in LoadableXmlAsset: ShipChunk_Mech

GAGARIN: Succeded in LoadableXmlAsset: MinifiedGravEngine

GAGARIN: Succeded in LoadableXmlAsset: GravEngine

GAGARIN: Succeded in LoadableXmlAsset: GravFieldExtender

GAGARIN: Succeded in LoadableXmlAsset: PilotConsole

GAGARIN: Succeded in LoadableXmlAsset: ChemfuelTank

GAGARIN: Succeded in LoadableXmlAsset: LargeChemfuelTank

GAGARIN: Succeded in LoadableXmlAsset: SmallThruster

GAGARIN: Succeded in LoadableXmlAsset: LargeThruster

GAGARIN: Succeded in LoadableXmlAsset: FuelOptimizer

GAGARIN: Succeded in LoadableXmlAsset: SignalJammer

GAGARIN: Succeded in LoadableXmlAsset: GravcorePowerCell

GAGARIN: Succeded in LoadableXmlAsset: PilotSubpersonaCore

GAGARIN: Succeded in LoadableXmlAsset: GravshipShieldGenerator

GAGARIN: Succeded in LoadableXmlAsset: GravAnchor

GAGARIN: Succeded in LoadableXmlAsset: MechStabilizer

GAGARIN: Succeded in LoadableXmlAsset: MechRelay

GAGARIN: Succeded in LoadableXmlAsset: MechRelay_Crashed

GAGARIN: Succeded in LoadableXmlAsset: AncientFortifiedWall

GAGARIN: Succeded in LoadableXmlAsset: OrbitalAncientFortifiedWall

GAGARIN: Succeded in LoadableXmlAsset: AncientBlastDoor

GAGARIN: Succeded in LoadableXmlAsset: AncientGravReactor

GAGARIN: Succeded in LoadableXmlAsset: AncientGravEngine

GAGARIN: Succeded in LoadableXmlAsset: AncientMiningCharge

GAGARIN: Succeded in LoadableXmlAsset: AncientExplosivesCrate

GAGARIN: Succeded in LoadableXmlAsset: AncientSecurityTerminal

GAGARIN: Succeded in LoadableXmlAsset: EggSac

GAGARIN: Succeded in LoadableXmlAsset: CocoonLocust

GAGARIN: Succeded in LoadableXmlAsset: AncientTransportPod

GAGARIN: Succeded in LoadableXmlAsset: ActiveDropPodAncient

GAGARIN: Succeded in LoadableXmlAsset: AncientHatch

GAGARIN: Succeded in LoadableXmlAsset: AncientHatchExit

GAGARIN: Succeded in LoadableXmlAsset: MechanoidDropPod

GAGARIN: Succeded in LoadableXmlAsset: AncientTerraformer

GAGARIN: Succeded in LoadableXmlAsset: CerebrexCore

GAGARIN: Succeded in LoadableXmlAsset: CerebrexCore_Destroyed

GAGARIN: Succeded in LoadableXmlAsset: CerebrexStabilizer

GAGARIN: Succeded in LoadableXmlAsset: MechanoidProcessor

GAGARIN: Succeded in LoadableXmlAsset: PassengerShuttle

GAGARIN: Succeded in LoadableXmlAsset: Ship_PassengerShuttle

GAGARIN: Succeded in LoadableXmlAsset: MechPylon

GAGARIN: Succeded in LoadableXmlAsset: SurveyScanner

GAGARIN: Succeded in LoadableXmlAsset: AncientUplink

GAGARIN: Succeded in LoadableXmlAsset: GaussCannon

GAGARIN: Succeded in LoadableXmlAsset: AnticraftBeam

GAGARIN: Succeded in LoadableXmlAsset: MechhiveAssembler

GAGARIN: Succeded in LoadableXmlAsset: InsectLairEntrance

GAGARIN: Succeded in LoadableXmlAsset: GeothermalVent

GAGARIN: Succeded in LoadableXmlAsset: BurrowWall

GAGARIN: Succeded in LoadableXmlAsset: AncientSmokeVent

GAGARIN: Succeded in LoadableXmlAsset: AncientToxVent

GAGARIN: Succeded in LoadableXmlAsset: AncientHeatVent

GAGARIN: Succeded in LoadableXmlAsset: AncientEmergencyLight_Red

GAGARIN: Succeded in LoadableXmlAsset: AncientEmergencyLight_Blue

GAGARIN: Succeded in LoadableXmlAsset: AncientEmergencyLight_Green

GAGARIN: Succeded in LoadableXmlAsset: LifeSupportUnit

GAGARIN: Succeded in LoadableXmlAsset: MineableObsidian

GAGARIN: Succeded in LoadableXmlAsset: OrbitalScanner

GAGARIN: Succeded in LoadableXmlAsset: OxygenPump

GAGARIN: Succeded in LoadableXmlAsset: VacBarrier

GAGARIN: Succeded in LoadableXmlAsset: HunterDroneTrap

GAGARIN: Succeded in LoadableXmlAsset: WaspDroneTrap

GAGARIN: Succeded in LoadableXmlAsset: Turret_AncientArmoredTurret

GAGARIN: Succeded in LoadableXmlAsset: Bullet_AncientArmoredTurret

GAGARIN: Succeded in LoadableXmlAsset: Gun_AncientArmoredTurret

GAGARIN: Succeded in LoadableXmlAsset: MastodonTusk

GAGARIN: Succeded in LoadableXmlAsset: AlphaThrumboHorn

GAGARIN: Succeded in LoadableXmlAsset: SentienceCatalyst

GAGARIN: Succeded in LoadableXmlAsset: EggMonitorLizardFertilized

GAGARIN: Succeded in LoadableXmlAsset: EggMonitorLizardUnfertilized

GAGARIN: Succeded in LoadableXmlAsset: EggFlamingoFertilized

GAGARIN: Succeded in LoadableXmlAsset: EggFlamingoUnfertilized

GAGARIN: Succeded in LoadableXmlAsset: EggHeronFertilized

GAGARIN: Succeded in LoadableXmlAsset: EggHeronUnfertilized

GAGARIN: Succeded in LoadableXmlAsset: EggSwanFertilized

GAGARIN: Succeded in LoadableXmlAsset: EggSwanUnfertilized

GAGARIN: Succeded in LoadableXmlAsset: EggSparrowFertilized

GAGARIN: Succeded in LoadableXmlAsset: EggSparrowUnfertilized

GAGARIN: Succeded in LoadableXmlAsset: EggCrowFertilized

GAGARIN: Succeded in LoadableXmlAsset: EggCrowUnfertilized

GAGARIN: Succeded in LoadableXmlAsset: EggBluebirdFertilized

GAGARIN: Succeded in LoadableXmlAsset: EggBluebirdUnfertilized

GAGARIN: Succeded in LoadableXmlAsset: EggQuailFertilized

GAGARIN: Succeded in LoadableXmlAsset: EggQuailUnfertilized

GAGARIN: Succeded in LoadableXmlAsset: EggMacawFertilized

GAGARIN: Succeded in LoadableXmlAsset: EggMacawUnfertilized

GAGARIN: Succeded in LoadableXmlAsset: EggPeacockFertilized

GAGARIN: Succeded in LoadableXmlAsset: EggPeacockUnfertilized

GAGARIN: Succeded in LoadableXmlAsset: EggVultureFertilized

GAGARIN: Succeded in LoadableXmlAsset: EggVultureUnfertilized

GAGARIN: Succeded in LoadableXmlAsset: EggPenguinFertilized

GAGARIN: Succeded in LoadableXmlAsset: EggPenguinUnfertilized

GAGARIN: Succeded in LoadableXmlAsset: EggSeaTurtleFertilized

GAGARIN: Succeded in LoadableXmlAsset: EggSeaTurtleUnfertilized

GAGARIN: Succeded in LoadableXmlAsset: EggAlligatorFertilized

GAGARIN: Succeded in LoadableXmlAsset: EggAlligatorUnfertilized

GAGARIN: Succeded in LoadableXmlAsset: WoolMastodon

GAGARIN: Succeded in LoadableXmlAsset: WoolMuskox

GAGARIN: Succeded in LoadableXmlAsset: Fish_Salmon

GAGARIN: Succeded in LoadableXmlAsset: Fish_Bass

GAGARIN: Succeded in LoadableXmlAsset: Fish_Tilapia

GAGARIN: Succeded in LoadableXmlAsset: Fish_Cod

GAGARIN: Succeded in LoadableXmlAsset: Fish_Bluefish

GAGARIN: Succeded in LoadableXmlAsset: Fish_Guppy

GAGARIN: Succeded in LoadableXmlAsset: Fish_Frostfish

GAGARIN: Succeded in LoadableXmlAsset: Fish_Catfish

GAGARIN: Succeded in LoadableXmlAsset: Fish_Piranha

GAGARIN: Succeded in LoadableXmlAsset: Fish_Dogfish

GAGARIN: Succeded in LoadableXmlAsset: Fish_Marlin

GAGARIN: Succeded in LoadableXmlAsset: Fish_Tuna

GAGARIN: Succeded in LoadableXmlAsset: Fish_Flounder

GAGARIN: Succeded in LoadableXmlAsset: Fish_Toxfish

GAGARIN: Succeded in LoadableXmlAsset: Gravcore

GAGARIN: Succeded in LoadableXmlAsset: GravlitePanel

GAGARIN: Succeded in LoadableXmlAsset: ShuttleEngine

GAGARIN: Succeded in LoadableXmlAsset: Obsidian

GAGARIN: Succeded in LoadableXmlAsset: Leather_Mastodon

GAGARIN: Succeded in LoadableXmlAsset: Leather_Sealskin

GAGARIN: Succeded in LoadableXmlAsset: Leather_AlphaThrumbo

GAGARIN: Succeded in LoadableXmlAsset: Leather_Mink

GAGARIN: Succeded in LoadableXmlAsset: Leather_Hippo

GAGARIN: Succeded in LoadableXmlAsset: Leather_Armadillo

GAGARIN: Succeded in LoadableXmlAsset: Gun_Revolver_Unique

GAGARIN: Succeded in LoadableXmlAsset: Gun_BoltActionRifle_Unique

GAGARIN: Succeded in LoadableXmlAsset: Gun_ChainShotgun_Unique

GAGARIN: Succeded in LoadableXmlAsset: Gun_HeavySMG_Unique

GAGARIN: Succeded in LoadableXmlAsset: Gun_LMG_Unique

GAGARIN: Succeded in LoadableXmlAsset: Gun_AssaultRifle_Unique

GAGARIN: Succeded in LoadableXmlAsset: Gun_SniperRifle_Unique

GAGARIN: Succeded in LoadableXmlAsset: Gun_Minigun_Unique

GAGARIN: Succeded in LoadableXmlAsset: Bow_Great_Unique

GAGARIN: Succeded in LoadableXmlAsset: Gun_ChargeRifle_Unique

GAGARIN: Succeded in LoadableXmlAsset: Gun_ChargeLance_Unique

GAGARIN: Succeded in LoadableXmlAsset: Gun_HellcatRifle_Unique

GAGARIN: Succeded in LoadableXmlAsset: Gun_BeamRepeater_Unique

GAGARIN: Succeded in LoadableXmlAsset: Apparel_VacsuitHelmet

GAGARIN: Succeded in LoadableXmlAsset: Apparel_PackHunter

GAGARIN: Succeded in LoadableXmlAsset: Grenade_HunterPack

GAGARIN: Succeded in LoadableXmlAsset: Apparel_CerebrexNode

GAGARIN: Succeded in LoadableXmlAsset: Apparel_Vacsuit

GAGARIN: Succeded in LoadableXmlAsset: Apparel_VacsuitChildren

GAGARIN: Succeded in LoadableXmlAsset: LavaRockIncoming

GAGARIN: Succeded in LoadableXmlAsset: DropPodLeavingMechanoid

GAGARIN: Succeded in LoadableXmlAsset: DropPodIncomingMechanoidSoft

GAGARIN: Succeded in LoadableXmlAsset: DropPodLeavingAncient

GAGARIN: Succeded in LoadableXmlAsset: DropPodIncomingAncient

GAGARIN: Succeded in LoadableXmlAsset: PassengerShuttleIncoming

GAGARIN: Succeded in LoadableXmlAsset: PassengerShuttleLeaving

GAGARIN: Succeded in LoadableXmlAsset: OrbitalDebrisSpawner

GAGARIN: Succeded in LoadableXmlAsset: LavaEmergence

GAGARIN: Succeded in LoadableXmlAsset: LavaEmergenceImmediate

GAGARIN: Succeded in LoadableXmlAsset: SeasonalFlood

GAGARIN: Succeded in LoadableXmlAsset: TorrentialRainFlood

GAGARIN: Succeded in LoadableXmlAsset: InsectAmbush

GAGARIN: Succeded in LoadableXmlAsset: GravshipLandingMarker

GAGARIN: Succeded in LoadableXmlAsset: Filth_VolcanicAsh

GAGARIN: Succeded in LoadableXmlAsset: Filth_ChemfuelStain

GAGARIN: Succeded in LoadableXmlAsset: Filth_ChippedIce

GAGARIN: Succeded in LoadableXmlAsset: SolidIce

GAGARIN: Succeded in LoadableXmlAsset: SmoothedSolidIce

GAGARIN: Succeded in LoadableXmlAsset: Vacstone

GAGARIN: Succeded in LoadableXmlAsset: SmoothedVacstone

GAGARIN: Succeded in LoadableXmlAsset: ChunkVacstone

GAGARIN: Succeded in LoadableXmlAsset: BlocksVacstone

GAGARIN: Succeded in LoadableXmlAsset: Make_StoneBlocksVacstone

GAGARIN: Succeded in LoadableXmlAsset: Plant_TreeArchean

GAGARIN: Succeded in LoadableXmlAsset: ChoppedStump_Archean

GAGARIN: Succeded in LoadableXmlAsset: SmashedStump_Archean

GAGARIN: Succeded in LoadableXmlAsset: ArcheanSeed

GAGARIN: Succeded in LoadableXmlAsset: Plant_Reeds

GAGARIN: Succeded in LoadableXmlAsset: Plant_LilyPad

GAGARIN: Succeded in LoadableXmlAsset: Plant_Bulrush

GAGARIN: Succeded in LoadableXmlAsset: Plant_Lotus

GAGARIN: Succeded in LoadableXmlAsset: Plant_Thornvine

GAGARIN: Succeded in LoadableXmlAsset: Plant_TreeSnagroot

GAGARIN: Succeded in LoadableXmlAsset: Plant_Berry_Leafless

GAGARIN: Succeded in LoadableXmlAsset: Plant_Bush_Leafless

GAGARIN: Succeded in LoadableXmlAsset: Plant_Brambles_Leafless

GAGARIN: Succeded in LoadableXmlAsset: Plant_MagmaCactus

GAGARIN: Succeded in LoadableXmlAsset: Plant_Nightgrass

GAGARIN: Succeded in LoadableXmlAsset: Boomshroom

GAGARIN: Succeded in LoadableXmlAsset: Plant_Psilocap

GAGARIN: Succeded in LoadableXmlAsset: Plant_Willowgill

GAGARIN: Succeded in LoadableXmlAsset: Plant_NightRafflesia

GAGARIN: Succeded in LoadableXmlAsset: Plant_YellowGrass

GAGARIN: Succeded in LoadableXmlAsset: Plant_YellowTallGrass

GAGARIN: Succeded in LoadableXmlAsset: Plant_Fireweed

GAGARIN: Succeded in LoadableXmlAsset: Plant_Cotton_Wild

GAGARIN: Succeded in LoadableXmlAsset: Plant_Psychoid_Wild

GAGARIN: Succeded in LoadableXmlAsset: Plant_Smokeleaf_Wild

GAGARIN: Succeded in LoadableXmlAsset: Plant_Tinctoria_Wild

GAGARIN: Succeded in LoadableXmlAsset: Plant_Strawberry_Wild

GAGARIN: Succeded in LoadableXmlAsset: Plant_Fibercorn_Wild

GAGARIN: Succeded in LoadableXmlAsset: Plant_TreeCocoa_Wild

GAGARIN: Succeded in LoadableXmlAsset: BogHound

GAGARIN: Succeded in LoadableXmlAsset: BogHound

GAGARIN: Succeded in LoadableXmlAsset: MonitorLizard

GAGARIN: Succeded in LoadableXmlAsset: MonitorLizard

GAGARIN: Succeded in LoadableXmlAsset: PrairieDog

GAGARIN: Succeded in LoadableXmlAsset: PrairieDog

GAGARIN: Succeded in LoadableXmlAsset: Porcupine

GAGARIN: Succeded in LoadableXmlAsset: Porcupine

GAGARIN: Succeded in LoadableXmlAsset: Mastodon

GAGARIN: Succeded in LoadableXmlAsset: Mastodon

GAGARIN: Succeded in LoadableXmlAsset: Cat_Scimitar

GAGARIN: Succeded in LoadableXmlAsset: Cat_Scimitar

GAGARIN: Succeded in LoadableXmlAsset: Wolverine

GAGARIN: Succeded in LoadableXmlAsset: Wolverine

GAGARIN: Succeded in LoadableXmlAsset: Wolf_Great

GAGARIN: Succeded in LoadableXmlAsset: Wolf_Great

GAGARIN: Succeded in LoadableXmlAsset: Moose

GAGARIN: Succeded in LoadableXmlAsset: Moose

GAGARIN: Succeded in LoadableXmlAsset: AlphaThrumbo

GAGARIN: Succeded in LoadableXmlAsset: AlphaThrumbo

GAGARIN: Succeded in LoadableXmlAsset: Muskox

GAGARIN: Succeded in LoadableXmlAsset: Muskox

GAGARIN: Succeded in LoadableXmlAsset: Tiger

GAGARIN: Succeded in LoadableXmlAsset: Tiger

GAGARIN: Succeded in LoadableXmlAsset: Mink

GAGARIN: Succeded in LoadableXmlAsset: Mink

GAGARIN: Succeded in LoadableXmlAsset: Gorilla

GAGARIN: Succeded in LoadableXmlAsset: Gorilla

GAGARIN: Succeded in LoadableXmlAsset: Badger

GAGARIN: Succeded in LoadableXmlAsset: Badger

GAGARIN: Succeded in LoadableXmlAsset: Panda

GAGARIN: Succeded in LoadableXmlAsset: Panda

GAGARIN: Succeded in LoadableXmlAsset: Hippo

GAGARIN: Succeded in LoadableXmlAsset: Hippo

GAGARIN: Succeded in LoadableXmlAsset: Megavole

GAGARIN: Succeded in LoadableXmlAsset: Megavole

GAGARIN: Succeded in LoadableXmlAsset: Armadillo

GAGARIN: Succeded in LoadableXmlAsset: Armadillo

GAGARIN: Succeded in LoadableXmlAsset: Alligator

GAGARIN: Succeded in LoadableXmlAsset: Alligator

GAGARIN: Succeded in LoadableXmlAsset: Bullfrog

GAGARIN: Succeded in LoadableXmlAsset: Bullfrog

GAGARIN: Succeded in LoadableXmlAsset: ColossusToad

GAGARIN: Succeded in LoadableXmlAsset: ColossusToad

GAGARIN: Succeded in LoadableXmlAsset: LavaSnail

GAGARIN: Succeded in LoadableXmlAsset: LavaSnail

GAGARIN: Succeded in LoadableXmlAsset: Sparrow

GAGARIN: Succeded in LoadableXmlAsset: Sparrow

GAGARIN: Succeded in LoadableXmlAsset: Crow

GAGARIN: Succeded in LoadableXmlAsset: Crow

GAGARIN: Succeded in LoadableXmlAsset: Bluebird

GAGARIN: Succeded in LoadableXmlAsset: Bluebird

GAGARIN: Succeded in LoadableXmlAsset: Quail

GAGARIN: Succeded in LoadableXmlAsset: Quail

GAGARIN: Succeded in LoadableXmlAsset: Macaw

GAGARIN: Succeded in LoadableXmlAsset: Macaw

GAGARIN: Succeded in LoadableXmlAsset: Flamingo

GAGARIN: Succeded in LoadableXmlAsset: Flamingo

GAGARIN: Succeded in LoadableXmlAsset: Heron

GAGARIN: Succeded in LoadableXmlAsset: Heron

GAGARIN: Succeded in LoadableXmlAsset: Swan

GAGARIN: Succeded in LoadableXmlAsset: Swan

GAGARIN: Succeded in LoadableXmlAsset: Peacock

GAGARIN: Succeded in LoadableXmlAsset: Peacock

GAGARIN: Succeded in LoadableXmlAsset: Vulture

GAGARIN: Succeded in LoadableXmlAsset: Vulture

GAGARIN: Succeded in LoadableXmlAsset: Penguin

GAGARIN: Succeded in LoadableXmlAsset: Penguin

GAGARIN: Succeded in LoadableXmlAsset: Walrus

GAGARIN: Succeded in LoadableXmlAsset: Walrus

GAGARIN: Succeded in LoadableXmlAsset: SeaLion

GAGARIN: Succeded in LoadableXmlAsset: SeaLion

GAGARIN: Succeded in LoadableXmlAsset: Seal

GAGARIN: Succeded in LoadableXmlAsset: Seal

GAGARIN: Succeded in LoadableXmlAsset: HermitCrab

GAGARIN: Succeded in LoadableXmlAsset: HermitCrab

GAGARIN: Succeded in LoadableXmlAsset: StoneCrab

GAGARIN: Succeded in LoadableXmlAsset: StoneCrab

GAGARIN: Succeded in LoadableXmlAsset: SeaTurtle

GAGARIN: Succeded in LoadableXmlAsset: SeaTurtle

GAGARIN: Succeded in LoadableXmlAsset: Otter

GAGARIN: Succeded in LoadableXmlAsset: Otter

GAGARIN: Succeded in LoadableXmlAsset: Larva

GAGARIN: Succeded in LoadableXmlAsset: Larva

GAGARIN: Succeded in LoadableXmlAsset: HiveQueen

GAGARIN: Succeded in LoadableXmlAsset: HiveQueen

GAGARIN: Succeded in LoadableXmlAsset: Locust

GAGARIN: Succeded in LoadableXmlAsset: Locust

GAGARIN: Succeded in LoadableXmlAsset: Drone_Hunter

GAGARIN: Succeded in LoadableXmlAsset: Drone_Wasp

GAGARIN: Succeded in LoadableXmlAsset: Drone_Sentry

GAGARIN: Succeded in LoadableXmlAsset: Mech_Cyclops

GAGARIN: Succeded in LoadableXmlAsset: Reward_Pallet_Medicine

GAGARIN: Succeded in LoadableXmlAsset: Reward_Pallet_SurvivalMeals

GAGARIN: Succeded in LoadableXmlAsset: Reward_AncientBox_ComponentIndustrial

GAGARIN: Succeded in LoadableXmlAsset: Reward_AncientBox_ComponentSpacer

GAGARIN: Succeded in LoadableXmlAsset: Reward_AncientBox_SteelSlag

GAGARIN: Succeded in LoadableXmlAsset: Reward_AncientPallet_SteelSlag

GAGARIN: Succeded in LoadableXmlAsset: Reward_AncientChemfuelCanister

GAGARIN: Succeded in LoadableXmlAsset: Reward_AncientSealedCrateBase_Gravlite

GAGARIN: Succeded in LoadableXmlAsset: Reward_AncientSealedCrate_Shells

GAGARIN: Succeded in LoadableXmlAsset: Reward_AncientSealedContainer

GAGARIN: Succeded in LoadableXmlAsset: Reward_AncientSafe

GAGARIN: Succeded in LoadableXmlAsset: Reward_MalfunctioningTransportPod

GAGARIN: Succeded in LoadableXmlAsset: Reward_ArcheanSeed

GAGARIN: Succeded in LoadableXmlAsset: RareFishingCatches_Hot

GAGARIN: Succeded in LoadableXmlAsset: RareFishingCatches_Cold

GAGARIN: Succeded in LoadableXmlAsset: RareFishingCatches_Temperate

GAGARIN: Succeded in LoadableXmlAsset: RareFishingCatches_Tropical

GAGARIN: Succeded in LoadableXmlAsset: RareFishingCatches_Glowforest

GAGARIN: Succeded in LoadableXmlAsset: MapGen_ScarlandsAncientPodContents

GAGARIN: Succeded in LoadableXmlAsset: MapGen_ScarlandsHermeticCrate

GAGARIN: Succeded in LoadableXmlAsset: MapGen_HighValueCrate

GAGARIN: Succeded in LoadableXmlAsset: MapGen_AbandonedColonyStockpile

GAGARIN: Succeded in LoadableXmlAsset: MapGen_OrbitalItemStash

GAGARIN: Succeded in LoadableXmlAsset: Reward_UniqueWeapon

GAGARIN: Succeded in LoadableXmlAsset: Reward_GravshipUpgrade

GAGARIN: Succeded in LoadableXmlAsset: Drone

GAGARIN: Succeded in LoadableXmlAsset: HunterDroneConstant

GAGARIN: Succeded in LoadableXmlAsset: WaspDroneConstant

GAGARIN: Succeded in LoadableXmlAsset: SentryDroneConstant

GAGARIN: Succeded in LoadableXmlAsset: ToxWater

GAGARIN: Succeded in LoadableXmlAsset: HotSpring

GAGARIN: Succeded in LoadableXmlAsset: BlowingSand

GAGARIN: Succeded in LoadableXmlAsset: DestroyedMechhive

GAGARIN: Succeded in LoadableXmlAsset: DestroyedMechhiveMainPawn

GAGARIN: Succeded in LoadableXmlAsset: MadeStatueOfMe

GAGARIN: Succeded in LoadableXmlAsset: VolcanicAsh

GAGARIN: Succeded in LoadableXmlAsset: BioluminescentSpores

GAGARIN: Succeded in LoadableXmlAsset: GravNausea

GAGARIN: Succeded in LoadableXmlAsset: Oasis

GAGARIN: Succeded in LoadableXmlAsset: Lake

GAGARIN: Succeded in LoadableXmlAsset: LakeWithIsland

GAGARIN: Succeded in LoadableXmlAsset: LakeWithIslands

GAGARIN: Succeded in LoadableXmlAsset: Pond

GAGARIN: Succeded in LoadableXmlAsset: DryLake

GAGARIN: Succeded in LoadableXmlAsset: ToxicLake

GAGARIN: Succeded in LoadableXmlAsset: Wetland

GAGARIN: Succeded in LoadableXmlAsset: HotSprings

GAGARIN: Succeded in LoadableXmlAsset: Archipelago

GAGARIN: Succeded in LoadableXmlAsset: CoastalIsland

GAGARIN: Succeded in LoadableXmlAsset: Peninsula

GAGARIN: Succeded in LoadableXmlAsset: Bay

GAGARIN: Succeded in LoadableXmlAsset: Cove

GAGARIN: Succeded in LoadableXmlAsset: Fjord

GAGARIN: Succeded in LoadableXmlAsset: CoastalAtoll

GAGARIN: Succeded in LoadableXmlAsset: Iceberg

GAGARIN: Succeded in LoadableXmlAsset: Valley

GAGARIN: Succeded in LoadableXmlAsset: Cavern

GAGARIN: Succeded in LoadableXmlAsset: Chasm

GAGARIN: Succeded in LoadableXmlAsset: Crevasse

GAGARIN: Succeded in LoadableXmlAsset: Plateau

GAGARIN: Succeded in LoadableXmlAsset: IceDunes

GAGARIN: Succeded in LoadableXmlAsset: Cliffs

GAGARIN: Succeded in LoadableXmlAsset: Hollow

GAGARIN: Succeded in LoadableXmlAsset: Basin

GAGARIN: Succeded in LoadableXmlAsset: TerraformingScar

GAGARIN: Succeded in LoadableXmlAsset: LavaLake

GAGARIN: Succeded in LoadableXmlAsset: LavaCrater

GAGARIN: Succeded in LoadableXmlAsset: LavaFlow

GAGARIN: Succeded in LoadableXmlAsset: Dunes

GAGARIN: Succeded in LoadableXmlAsset: Ruins

GAGARIN: Succeded in LoadableXmlAsset: FrozenRuins

GAGARIN: Succeded in LoadableXmlAsset: AncientSmokeVent

GAGARIN: Succeded in LoadableXmlAsset: AncientToxVent

GAGARIN: Succeded in LoadableXmlAsset: AncientHeatVent

GAGARIN: Succeded in LoadableXmlAsset: AncientQuarry

GAGARIN: Succeded in LoadableXmlAsset: AbandonedColonyTribal

GAGARIN: Succeded in LoadableXmlAsset: AbandonedColonyOutlander

GAGARIN: Succeded in LoadableXmlAsset: Harbor

GAGARIN: Succeded in LoadableXmlAsset: AncientLaunchSite

GAGARIN: Succeded in LoadableXmlAsset: AncientGarrison

GAGARIN: Succeded in LoadableXmlAsset: AncientWarehouse

GAGARIN: Succeded in LoadableXmlAsset: AncientChemfuelRefinery

GAGARIN: Succeded in LoadableXmlAsset: AncientInfestedSettlement

GAGARIN: Succeded in LoadableXmlAsset: AncientGarrison

GAGARIN: Succeded in LoadableXmlAsset: AncientWarehouse

GAGARIN: Succeded in LoadableXmlAsset: AncientChemfuelRefinery

GAGARIN: Succeded in LoadableXmlAsset: AncientInfestedSettlement

GAGARIN: Succeded in LoadableXmlAsset: AncientLaunchSite

GAGARIN: Succeded in LoadableXmlAsset: AncientRuins

GAGARIN: Succeded in LoadableXmlAsset: AncientRuins_Frozen

GAGARIN: Succeded in LoadableXmlAsset: AncientQuarry

GAGARIN: Succeded in LoadableXmlAsset: AncientSmokeVent

GAGARIN: Succeded in LoadableXmlAsset: AncientToxVent

GAGARIN: Succeded in LoadableXmlAsset: AncientHeatVent

GAGARIN: Succeded in LoadableXmlAsset: AbandonedColonyTribal

GAGARIN: Succeded in LoadableXmlAsset: AbandonedColonyOutlander

GAGARIN: Succeded in LoadableXmlAsset: Harbor

GAGARIN: Succeded in LoadableXmlAsset: Stockpile

GAGARIN: Succeded in LoadableXmlAsset: AncientUplink

GAGARIN: Succeded in LoadableXmlAsset: AnimalLife_Increased

GAGARIN: Succeded in LoadableXmlAsset: AnimalLife_Decreased

GAGARIN: Succeded in LoadableXmlAsset: AnimalHabitat

GAGARIN: Succeded in LoadableXmlAsset: PlantLife_Increased

GAGARIN: Succeded in LoadableXmlAsset: PlantLife_Decreased

GAGARIN: Succeded in LoadableXmlAsset: PlantGrove

GAGARIN: Succeded in LoadableXmlAsset: WildPlants

GAGARIN: Succeded in LoadableXmlAsset: WildTropicalPlants

GAGARIN: Succeded in LoadableXmlAsset: Junkyard

GAGARIN: Succeded in LoadableXmlAsset: SteamGeysers_Increased

GAGARIN: Succeded in LoadableXmlAsset: MineralRich

GAGARIN: Succeded in LoadableXmlAsset: ArcheanTrees

GAGARIN: Succeded in LoadableXmlAsset: FoggyMutator

GAGARIN: Succeded in LoadableXmlAsset: SunnyMutator

GAGARIN: Succeded in LoadableXmlAsset: WetClimate

GAGARIN: Succeded in LoadableXmlAsset: WindyMutator

GAGARIN: Succeded in LoadableXmlAsset: Pollution_Increased

GAGARIN: Succeded in LoadableXmlAsset: Fish_Increased

GAGARIN: Succeded in LoadableXmlAsset: Fish_Decreased

GAGARIN: Succeded in LoadableXmlAsset: DryGround

GAGARIN: Succeded in LoadableXmlAsset: ObsidianDeposits

GAGARIN: Succeded in LoadableXmlAsset: Headwater

GAGARIN: Succeded in LoadableXmlAsset: RiverConfluence

GAGARIN: Succeded in LoadableXmlAsset: RiverIsland

GAGARIN: Succeded in LoadableXmlAsset: RiverDelta

GAGARIN: Succeded in LoadableXmlAsset: Lake

GAGARIN: Succeded in LoadableXmlAsset: LakeWithIsland

GAGARIN: Succeded in LoadableXmlAsset: LakeWithIslands

GAGARIN: Succeded in LoadableXmlAsset: Pond

GAGARIN: Succeded in LoadableXmlAsset: Oasis

GAGARIN: Succeded in LoadableXmlAsset: DryLake

GAGARIN: Succeded in LoadableXmlAsset: ToxicLake

GAGARIN: Succeded in LoadableXmlAsset: Wetland

GAGARIN: Succeded in LoadableXmlAsset: HotSprings

GAGARIN: Succeded in LoadableXmlAsset: Valley

GAGARIN: Succeded in LoadableXmlAsset: Cavern

GAGARIN: Succeded in LoadableXmlAsset: Chasm

GAGARIN: Succeded in LoadableXmlAsset: Crevasse

GAGARIN: Succeded in LoadableXmlAsset: Plateau

GAGARIN: Succeded in LoadableXmlAsset: IceDunes

GAGARIN: Succeded in LoadableXmlAsset: Cliffs

GAGARIN: Succeded in LoadableXmlAsset: Hollow

GAGARIN: Succeded in LoadableXmlAsset: Basin

GAGARIN: Succeded in LoadableXmlAsset: TerraformingScar

GAGARIN: Succeded in LoadableXmlAsset: Lakeshore

GAGARIN: Succeded in LoadableXmlAsset: Archipelago

GAGARIN: Succeded in LoadableXmlAsset: CoastalIsland

GAGARIN: Succeded in LoadableXmlAsset: Peninsula

GAGARIN: Succeded in LoadableXmlAsset: Bay

GAGARIN: Succeded in LoadableXmlAsset: Cove

GAGARIN: Succeded in LoadableXmlAsset: CoastalAtoll

GAGARIN: Succeded in LoadableXmlAsset: Iceberg

GAGARIN: Succeded in LoadableXmlAsset: Fjord

GAGARIN: Succeded in LoadableXmlAsset: LavaLake

GAGARIN: Succeded in LoadableXmlAsset: LavaCrater

GAGARIN: Succeded in LoadableXmlAsset: LavaFlow

GAGARIN: Succeded in LoadableXmlAsset: LavaCaves

GAGARIN: Succeded in LoadableXmlAsset: IceCaves

GAGARIN: Succeded in LoadableXmlAsset: CaveLakes

GAGARIN: Succeded in LoadableXmlAsset: Marshy

GAGARIN: Succeded in LoadableXmlAsset: Sandy

GAGARIN: Succeded in LoadableXmlAsset: Fertile

GAGARIN: Succeded in LoadableXmlAsset: Muddy

GAGARIN: Succeded in LoadableXmlAsset: MixedBiome

GAGARIN: Succeded in LoadableXmlAsset: Dunes

GAGARIN: Succeded in LoadableXmlAsset: InsectMegahive

GAGARIN: Succeded in LoadableXmlAsset: OdysseyTips

GAGARIN: Succeded in LoadableXmlAsset: PorcupineBite

GAGARIN: Succeded in LoadableXmlAsset: PorcupineScratch

GAGARIN: Succeded in LoadableXmlAsset: Gravship

GAGARIN: Succeded in LoadableXmlAsset: Orbit

GAGARIN: Succeded in LoadableXmlAsset: Fishing

GAGARIN: Succeded in LoadableXmlAsset: Ranged

GAGARIN: Succeded in LoadableXmlAsset: BulletFiring

GAGARIN: Succeded in LoadableXmlAsset: Bow

GAGARIN: Succeded in LoadableXmlAsset: Rifle

GAGARIN: Succeded in LoadableXmlAsset: Sighted

GAGARIN: Succeded in LoadableXmlAsset: Scoped

GAGARIN: Succeded in LoadableXmlAsset: Shotgun

GAGARIN: Succeded in LoadableXmlAsset: BurstFire

GAGARIN: Succeded in LoadableXmlAsset: LowStoppingPower

GAGARIN: Succeded in LoadableXmlAsset: Gun

GAGARIN: Succeded in LoadableXmlAsset: PelletFiring

GAGARIN: Succeded in LoadableXmlAsset: PulseCharge

GAGARIN: Succeded in LoadableXmlAsset: Pistol

GAGARIN: Succeded in LoadableXmlAsset: BeamWeapon

GAGARIN: Succeded in LoadableXmlAsset: Attachable

GAGARIN: Succeded in LoadableXmlAsset: QuickReload

GAGARIN: Succeded in LoadableXmlAsset: AimAssistance

GAGARIN: Succeded in LoadableXmlAsset: CustomGrip

GAGARIN: Succeded in LoadableXmlAsset: StabilizerBrace

GAGARIN: Succeded in LoadableXmlAsset: PulseCharger

GAGARIN: Succeded in LoadableXmlAsset: ToxRounds

GAGARIN: Succeded in LoadableXmlAsset: PiercingRounds

GAGARIN: Succeded in LoadableXmlAsset: IncendiaryRounds

GAGARIN: Succeded in LoadableXmlAsset: EMPRounds

GAGARIN: Succeded in LoadableXmlAsset: HollowPointRounds

GAGARIN: Succeded in LoadableXmlAsset: HighPowerRounds

GAGARIN: Succeded in LoadableXmlAsset: ToxPellets

GAGARIN: Succeded in LoadableXmlAsset: IncendiaryPellets

GAGARIN: Succeded in LoadableXmlAsset: BirdshotPellets

GAGARIN: Succeded in LoadableXmlAsset: PiercingArrows

GAGARIN: Succeded in LoadableXmlAsset: ParalyticArrows

GAGARIN: Succeded in LoadableXmlAsset: BroadheadArrows

GAGARIN: Succeded in LoadableXmlAsset: LightweightArrows

GAGARIN: Succeded in LoadableXmlAsset: ReinforcedLimbs

GAGARIN: Succeded in LoadableXmlAsset: ExtendedBarrel

GAGARIN: Succeded in LoadableXmlAsset: ImprovedSights

GAGARIN: Succeded in LoadableXmlAsset: ShoddySights

GAGARIN: Succeded in LoadableXmlAsset: PrecisionScope

GAGARIN: Succeded in LoadableXmlAsset: RangefinderScope

GAGARIN: Succeded in LoadableXmlAsset: ShortenedBarrel

GAGARIN: Succeded in LoadableXmlAsset: RapidFire

GAGARIN: Succeded in LoadableXmlAsset: ExtendedMagazine

GAGARIN: Succeded in LoadableXmlAsset: ChargeCapacitor

GAGARIN: Succeded in LoadableXmlAsset: EMPPulser

GAGARIN: Succeded in LoadableXmlAsset: FrequencyAmplifier

GAGARIN: Succeded in LoadableXmlAsset: OversizedRounds

GAGARIN: Succeded in LoadableXmlAsset: Ornamental

GAGARIN: Succeded in LoadableXmlAsset: Ugly

GAGARIN: Succeded in LoadableXmlAsset: Lightweight

GAGARIN: Succeded in LoadableXmlAsset: Cumbersome

GAGARIN: Succeded in LoadableXmlAsset: GoldInlay

GAGARIN: Succeded in LoadableXmlAsset: JadeInlay

GAGARIN: Succeded in LoadableXmlAsset: GrenadeLauncher

GAGARIN: Succeded in LoadableXmlAsset: EMPLauncher

GAGARIN: Succeded in LoadableXmlAsset: SmokeLauncher

GAGARIN: Succeded in LoadableXmlAsset: IncendiaryLauncher

GAGARIN: Succeded in LoadableXmlAsset: BioferriteBurner

GAGARIN: Succeded in LoadableXmlAsset: Windy

GAGARIN: Succeded in LoadableXmlAsset: ToxRain

GAGARIN: Succeded in LoadableXmlAsset: Sandstorm

GAGARIN: Succeded in LoadableXmlAsset: BlindFog

GAGARIN: Succeded in LoadableXmlAsset: Overcast

GAGARIN: Succeded in LoadableXmlAsset: Blizzard

GAGARIN: Succeded in LoadableXmlAsset: TorrentialRain

GAGARIN: Succeded in LoadableXmlAsset: Orbit

GAGARIN: Succeded in LoadableXmlAsset: Fish

GAGARIN: Succeded in LoadableXmlAsset: Fishing

GAGARIN: Succeded in LoadableXmlAsset: Landmarks

GAGARIN: Succeded in LoadableXmlAsset: Orbit

GAGARIN: Succeded in LoadableXmlAsset: Gravship

GAGARIN: Succeded in LoadableXmlAsset: SpaceSettlement

GAGARIN: Succeded in LoadableXmlAsset: DestroyedSpaceSettlement

GAGARIN: Succeded in LoadableXmlAsset: SpaceSite

GAGARIN: Succeded in LoadableXmlAsset: ClaimableSpaceSite

GAGARIN: Succeded in LoadableXmlAsset: Space

GAGARIN: Succeded in LoadableXmlAsset: AsteroidMiningSite

GAGARIN: Succeded in LoadableXmlAsset: OrbitalItemStash

GAGARIN: Succeded in LoadableXmlAsset: AsteroidBasic

GAGARIN: Succeded in LoadableXmlAsset: ClaimableSite

GAGARIN: Succeded in LoadableXmlAsset: Mechhive

GAGARIN: Succeded in LoadableXmlAsset: PassengerShuttle

GAGARIN: Succeded in LoadableXmlAsset: GravshipLaunch

GAGARIN: Succeded in LoadableXmlAsset: AbandonedLandmark

GAGARIN: Succeded in LoadableXmlAsset: OrbitalRelax

GAGARIN: Succeded in LoadableXmlAsset: OrbitalCombat

GAGARIN: Succeded in LoadableXmlAsset: OrbitalRelax

GAGARIN: Succeded in LoadableXmlAsset: OrbitalCombat

GAGARIN: Succeded in LoadableXmlAsset: Mechhive

GAGARIN: Succeded in LoadableXmlAsset: MoteHeatDistortionIntense

GAGARIN: Succeded in LoadableXmlAsset: MoteGlowMasked

GAGARIN: Succeded in LoadableXmlAsset: ShallowLava

GAGARIN: Succeded in LoadableXmlAsset: TransparentGravshipMask

GAGARIN: Succeded in LoadableXmlAsset: FishShadow

GAGARIN: Succeded in LoadableXmlAsset: OdysseyCreditsSong

GAGARIN: Succeded in LoadableXmlAsset: Floating_Points

GAGARIN: Succeded in LoadableXmlAsset: Low_Planetary_Orbit

GAGARIN: Succeded in LoadableXmlAsset: Sky_Farmer

GAGARIN: Succeded in LoadableXmlAsset: Wabi_Sabi

GAGARIN: Succeded in LoadableXmlAsset: Impermanent_Waves

GAGARIN: Succeded in LoadableXmlAsset: Baubles

GAGARIN: Succeded in LoadableXmlAsset: Is_There_Still_Time

GAGARIN: Succeded in LoadableXmlAsset: GravshipMask

GAGARIN: Succeded in LoadableXmlAsset: Gun_BeamRepeater

GAGARIN: Succeded in LoadableXmlAsset: Bullet_BeamRepeater

GAGARIN: Succeded in LoadableXmlAsset: Gun_Scattergun

GAGARIN: Succeded in LoadableXmlAsset: Bullet_Scattergun

GAGARIN: Succeded in LoadableXmlAsset: TG_AssaultThingsStrongest

GAGARIN: Succeded in LoadableXmlAsset: TG_AssaultThingsWeakest

GAGARIN: Succeded in LoadableXmlAsset: TG_AssaultThingsFleeing

GAGARIN: Succeded in LoadableXmlAsset: TG_RescueFallen

GAGARIN: Succeded in LoadableXmlAsset: TG_TendWounded

GAGARIN: Succeded in LoadableXmlAsset: TG_ExecuteDownedRaiders

GAGARIN: Succeded in LoadableXmlAsset: TG_ColonyGroups

GAGARIN: Succeded in LoadableXmlAsset: TG_SlaveMenu

GAGARIN: Succeded in LoadableXmlAsset: TG_RenameSFX

GAGARIN: Succeded in LoadableXmlAsset: TG_RallySFX

GAGARIN: Succeded in LoadableXmlAsset: TG_BattleStationsSFX

GAGARIN: Succeded in LoadableXmlAsset: TG_MenuButtonOpenMenus

GAGARIN: Succeded in LoadableXmlAsset: TG_ClickSFX

GAGARIN: Succeded in LoadableXmlAsset: TG_HoverSFX

GAGARIN: Succeded in LoadableXmlAsset: TG_AttackOrdersSFX

GAGARIN: Succeded in LoadableXmlAsset: TG_WorkSFX

GAGARIN: Succeded in LoadableXmlAsset: TG_UpgradeArmorWeaponsSFX

GAGARIN: Succeded in LoadableXmlAsset: TG_TakeBuffSFX

GAGARIN: Succeded in LoadableXmlAsset: TG_SortOptionsSFX

GAGARIN: Succeded in LoadableXmlAsset: TG_ResearchSFX

GAGARIN: Succeded in LoadableXmlAsset: TG_LightsOutSFX

GAGARIN: Succeded in LoadableXmlAsset: TG_DisbandGroupSFX

GAGARIN: Succeded in LoadableXmlAsset: TG_CreateGroupSFX

GAGARIN: Succeded in LoadableXmlAsset: TG_ChowTimeSFX

GAGARIN: Succeded in LoadableXmlAsset: TG_LeftClickGroupSFX

GAGARIN: Succeded in LoadableXmlAsset: TG_RegroupSFX

GAGARIN: Succeded in LoadableXmlAsset: TG_SlaveLaborSFX

GAGARIN: Succeded in LoadableXmlAsset: TG_UpgradeWeaponSFX

GAGARIN: Succeded in LoadableXmlAsset: TG_SlideMenuOptionSFX

GAGARIN: Succeded in LoadableXmlAsset: TG_SubGroupSFX

GAGARIN: Succeded in LoadableXmlAsset: TG_ArrestSFX

GAGARIN: Succeded in LoadableXmlAsset: TG_ExecuteSFX

GAGARIN: Succeded in LoadableXmlAsset: HugsLibShortcuts

GAGARIN: Succeded in LoadableXmlAsset: PublishLogs

GAGARIN: Succeded in LoadableXmlAsset: OpenLogFile

GAGARIN: Succeded in LoadableXmlAsset: RestartRimworld

GAGARIN: Succeded in LoadableXmlAsset: HLOpenModSettings

GAGARIN: Succeded in LoadableXmlAsset: HLOpenUpdateNews

GAGARIN: Succeded in LoadableXmlAsset: AskPawnToUnite

GAGARIN: Succeded in LoadableXmlAsset: ClutterHandsSettings_Anomaly

GAGARIN: Succeded in LoadableXmlAsset: ClutterHandsSettings_Biotech

GAGARIN: Succeded in LoadableXmlAsset: ClutterHandsSettings_Core

GAGARIN: Succeded in LoadableXmlAsset: ClutterHandsSettings_Odyssey

GAGARIN: Succeded in LoadableXmlAsset: ClutterHandsSettings_YayosCombat3_

GAGARIN: Succeded in LoadableXmlAsset: ClutterHandsSettings_MiscellaneousCORE_

GAGARIN: Succeded in LoadableXmlAsset: ClutterHandsSettings_MiscTurretBaseObjects

GAGARIN: Succeded in LoadableXmlAsset: ClutterHandsSettings_FireWardenContinued

GAGARIN: Succeded in LoadableXmlAsset: ClutterHandsSettings_FireExtinguisherContinued

GAGARIN: Succeded in LoadableXmlAsset: ClutterHandsSettings_Royalty

GAGARIN: Succeded in LoadableXmlAsset: ClutterHandsSettings_VanillaWeaponsExpanded

GAGARIN: Succeded in LoadableXmlAsset: VEF_ControlledBlinking

GAGARIN: Succeded in LoadableXmlAsset: VEF_ControlledDetonation

GAGARIN: Succeded in LoadableXmlAsset: VEF_ControlledInvisibility

GAGARIN: Succeded in LoadableXmlAsset: VFEA_UseAbilityUninterruptible

GAGARIN: Succeded in LoadableXmlAsset: VFEA_UseAbility

GAGARIN: Succeded in LoadableXmlAsset: VFEA_GotoTargetAndUseAbility

GAGARIN: Succeded in LoadableXmlAsset: VFEA_StandAndFaceTarget

GAGARIN: Succeded in LoadableXmlAsset: VFEA_AbilityFlyer

GAGARIN: Succeded in LoadableXmlAsset: VFEA_AbilityFlyer_Charge

GAGARIN: Succeded in LoadableXmlAsset: VFEC_OuterShell

GAGARIN: Succeded in LoadableXmlAsset: KCSG_PowerConduit

GAGARIN: Succeded in LoadableXmlAsset: KCSG_UndergroundRoom

GAGARIN: Succeded in LoadableXmlAsset: KCSG_Underground

GAGARIN: Succeded in LoadableXmlAsset: VEF_SecondaryAcidBurn

GAGARIN: Succeded in LoadableXmlAsset: VEF_PermanentBurn

GAGARIN: Succeded in LoadableXmlAsset: VEF_DropAllInInventory

GAGARIN: Succeded in LoadableXmlAsset: VFE_Mechanoids_Mote_Repair

GAGARIN: Succeded in LoadableXmlAsset: VFE_Mechanoids_Mote_Recharge

GAGARIN: Succeded in LoadableXmlAsset: VEF_PermanentBurn

GAGARIN: Succeded in LoadableXmlAsset: VEF_AcidBuildup

GAGARIN: Succeded in LoadableXmlAsset: VEF_AcidBurn

GAGARIN: Succeded in LoadableXmlAsset: VEF_LightSustenance

GAGARIN: Succeded in LoadableXmlAsset: VEF_ToxicBuildup

GAGARIN: Succeded in LoadableXmlAsset: VFEP_HypothermicSlowdown

GAGARIN: Succeded in LoadableXmlAsset: VEF_Kamikaze

GAGARIN: Succeded in LoadableXmlAsset: VEF_ControlledInvisibility

GAGARIN: Succeded in LoadableXmlAsset: VEF_AnimalResource

GAGARIN: Succeded in LoadableXmlAsset: VEF_DestroyItem

GAGARIN: Succeded in LoadableXmlAsset: VEF_LayExplodingEgg

GAGARIN: Succeded in LoadableXmlAsset: VEF_IngestWeird

GAGARIN: Succeded in LoadableXmlAsset: VEF_AutoNutrition

GAGARIN: Succeded in LoadableXmlAsset: VEF_FleeAndCowerShort

GAGARIN: Succeded in LoadableXmlAsset: VFEC_EquipShield

GAGARIN: Succeded in LoadableXmlAsset: VFEC_LeaveMap

GAGARIN: Succeded in LoadableXmlAsset: VEF_CustomizeItem

GAGARIN: Succeded in LoadableXmlAsset: KCSG_GoToPassage

GAGARIN: Succeded in LoadableXmlAsset: VEF_UseDoorTeleporter

GAGARIN: Succeded in LoadableXmlAsset: VFE_Loot

GAGARIN: Succeded in LoadableXmlAsset: VFE_StudyBuilding

GAGARIN: Succeded in LoadableXmlAsset: VEF_RefuelSecondary

GAGARIN: Succeded in LoadableXmlAsset: PS_DrainFromMarkedStorage

GAGARIN: Succeded in LoadableXmlAsset: PS_FillStorage

GAGARIN: Succeded in LoadableXmlAsset: PS_PickUpProcessor

GAGARIN: Succeded in LoadableXmlAsset: PS_BringToProcessor

GAGARIN: Succeded in LoadableXmlAsset: BetterReload

GAGARIN: Succeded in LoadableXmlAsset: ReloadFromInventory

GAGARIN: Succeded in LoadableXmlAsset: Unload

GAGARIN: Succeded in LoadableXmlAsset: VEF_ReloadWeaponTrait

GAGARIN: Succeded in LoadableXmlAsset: VEF_XenophobicRage

GAGARIN: Succeded in LoadableXmlAsset: PS_GenericPipeSystemOverlayPulsing

GAGARIN: Succeded in LoadableXmlAsset: PS_GenericPipeSystemOverlayStatic

GAGARIN: Succeded in LoadableXmlAsset: VEF_FlintlockSmoke

GAGARIN: Succeded in LoadableXmlAsset: KCSG_LongMote_DustPuff

GAGARIN: Succeded in LoadableXmlAsset: Mote_Firetrail

GAGARIN: Succeded in LoadableXmlAsset: Mote_Smoketrail

GAGARIN: Succeded in LoadableXmlAsset: Mote_FTSmoketrail

GAGARIN: Succeded in LoadableXmlAsset: Mote_GreenSmoketrail

GAGARIN: Succeded in LoadableXmlAsset: VFE_IdeoFloatMenuPlus

GAGARIN: Succeded in LoadableXmlAsset: VFE_WeaponTraitDefMechanics

GAGARIN: Succeded in LoadableXmlAsset: VFE_TileMutatorMechanics

GAGARIN: Succeded in LoadableXmlAsset: VEF_GraphicByTerrainRenderTree

GAGARIN: Succeded in LoadableXmlAsset: VEF_GraphicByStyleRenderTree

GAGARIN: Succeded in LoadableXmlAsset: VEF_Description_Schematic_Defaults

GAGARIN: Succeded in LoadableXmlAsset: VFEC_ForcedFactionGoodwill

GAGARIN: Succeded in LoadableXmlAsset: VFEC_PlayerPawnsArriveMethodEdge

GAGARIN: Succeded in LoadableXmlAsset: VFEC_AddStartingStructure

GAGARIN: Succeded in LoadableXmlAsset: KCSG_EnnemiesPresence

GAGARIN: Succeded in LoadableXmlAsset: KCSG_EnnemiesPresence

GAGARIN: Succeded in LoadableXmlAsset: VEF_RangedCooldownFactor

GAGARIN: Succeded in LoadableXmlAsset: VEF_VerbRangeFactor

GAGARIN: Succeded in LoadableXmlAsset: VEF_EnergyShieldEnergyMaxOffset

GAGARIN: Succeded in LoadableXmlAsset: VEF_EnergyShieldEnergyMaxFactor

GAGARIN: Succeded in LoadableXmlAsset: VEF_EnergyShieldRadiusApparel

GAGARIN: Succeded in LoadableXmlAsset: VEF_EnergyShieldEnergyMaxBuilding

GAGARIN: Succeded in LoadableXmlAsset: VEF_EnergyShieldRechargeRateBuilding

GAGARIN: Succeded in LoadableXmlAsset: VEF_EnergyShieldRadiusBuilding

GAGARIN: Succeded in LoadableXmlAsset: VEF_MeleeAttackDamageFactor

GAGARIN: Succeded in LoadableXmlAsset: VEF_RangeAttackDamageFactor

GAGARIN: Succeded in LoadableXmlAsset: VFE_EquippedStatFactors

GAGARIN: Succeded in LoadableXmlAsset: VEF_FoodCapacityMultiplier

GAGARIN: Succeded in LoadableXmlAsset: VEF_GrowthPointMultiplier

GAGARIN: Succeded in LoadableXmlAsset: VEF_BodySize_Offset

GAGARIN: Succeded in LoadableXmlAsset: VEF_BodySize_Multiplier

GAGARIN: Succeded in LoadableXmlAsset: VEF_CosmeticBodySize_Offset

GAGARIN: Succeded in LoadableXmlAsset: VEF_CosmeticBodySize_Multiplier

GAGARIN: Succeded in LoadableXmlAsset: VEF_HeadSize_Cosmetic

GAGARIN: Succeded in LoadableXmlAsset: VEF_PawnRenderPosOffset

GAGARIN: Succeded in LoadableXmlAsset: VEF_MassCarryCapacity

GAGARIN: Succeded in LoadableXmlAsset: VEF_MTBLovinFactor

GAGARIN: Succeded in LoadableXmlAsset: VEF_MeleeWeaponRange

GAGARIN: Succeded in LoadableXmlAsset: VEF_PositiveThoughtDurationFactor

GAGARIN: Succeded in LoadableXmlAsset: VEF_NeutralThoughtDurationFactor

GAGARIN: Succeded in LoadableXmlAsset: VEF_NegativeThoughtDurationFactor

GAGARIN: Succeded in LoadableXmlAsset: VEF_BuildingLearningRateOffset

GAGARIN: Succeded in LoadableXmlAsset: VEF_RangedDodgeChance

GAGARIN: Succeded in LoadableXmlAsset: VSE_Reinforcements

GAGARIN: Succeded in LoadableXmlAsset: VFEC_Shields

GAGARIN: Succeded in LoadableXmlAsset: VEF_OutpostDeliverySpot

GAGARIN: Succeded in LoadableXmlAsset: VEF_AnimalHarvester

GAGARIN: Succeded in LoadableXmlAsset: VEF_AnimalHarvesterConstant

GAGARIN: Succeded in LoadableXmlAsset: VEF_AnimalWeirdEater

GAGARIN: Succeded in LoadableXmlAsset: VEF_DraftableHook

GAGARIN: Succeded in LoadableXmlAsset: Reloading_AmmoReload_Colony

GAGARIN: Succeded in LoadableXmlAsset: VEF_SatisfyBasicNeedsWeirdEater

GAGARIN: Succeded in LoadableXmlAsset: VEF_ControlledBlinking

GAGARIN: Succeded in LoadableXmlAsset: VEF_CycleSeverance

GAGARIN: Succeded in LoadableXmlAsset: VEF_ControlledDetonation

GAGARIN: Succeded in LoadableXmlAsset: VEF_ControlledInvisibility

GAGARIN: Succeded in LoadableXmlAsset: VEF_Beastmastery

GAGARIN: Succeded in LoadableXmlAsset: VEF_ControlledCorpseDecay

GAGARIN: Succeded in LoadableXmlAsset: VEF_DiggingDiscipline

GAGARIN: Succeded in LoadableXmlAsset: VEF_FumeRegulation

GAGARIN: Succeded in LoadableXmlAsset: VEF_AnimalResource

GAGARIN: Succeded in LoadableXmlAsset: VEF_DestroyItems

GAGARIN: Succeded in LoadableXmlAsset: VEF_Art_ConstructFinishFrames

GAGARIN: Succeded in LoadableXmlAsset: VEF_Art_ConstructDeliverResourcesToFrames

GAGARIN: Succeded in LoadableXmlAsset: VEF_Art_ConstructDeliverResourcesToBlueprints

GAGARIN: Succeded in LoadableXmlAsset: VFE_Loot

GAGARIN: Succeded in LoadableXmlAsset: VFE_StudyBuilding

GAGARIN: Succeded in LoadableXmlAsset: VEF_RefuelSecondary

GAGARIN: Succeded in LoadableXmlAsset: PS_DrainOutOfStorage

GAGARIN: Succeded in LoadableXmlAsset: PS_FillStorage

GAGARIN: Succeded in LoadableXmlAsset: PS_PickUpProcessor

GAGARIN: Succeded in LoadableXmlAsset: PS_BringToProcessor

GAGARIN: Succeded in LoadableXmlAsset: KCSG_Base_Faction

GAGARIN: Succeded in LoadableXmlAsset: KCSG_Settlement

GAGARIN: Succeded in LoadableXmlAsset: KCSG_WorldObject

GAGARIN: Succeded in LoadableXmlAsset: KCSG_WorldObject

GAGARIN: Succeded in LoadableXmlAsset: KCSG_GenerateBiomeStructures

GAGARIN: Succeded in LoadableXmlAsset: KCSG_Settlement

GAGARIN: Succeded in LoadableXmlAsset: KCSG_RoomGenFromStructure

GAGARIN: Succeded in LoadableXmlAsset: KCSG_SettlementPower

GAGARIN: Succeded in LoadableXmlAsset: KCSG_GenerateRoad

GAGARIN: Succeded in LoadableXmlAsset: KCSG_RunResolvers

GAGARIN: Succeded in LoadableXmlAsset: KCSG_StorageZone

GAGARIN: Succeded in LoadableXmlAsset: KCSG_ThingSetOnlyRoofed

GAGARIN: Succeded in LoadableXmlAsset: KCSG_SingleThingRoofed

GAGARIN: Succeded in LoadableXmlAsset: KCSG_RandomDamage

GAGARIN: Succeded in LoadableXmlAsset: KCSG_RandomFilth

GAGARIN: Succeded in LoadableXmlAsset: KCSG_RandomTerrainRemoval

GAGARIN: Succeded in LoadableXmlAsset: KCSG_RandomRoofRemoval

GAGARIN: Succeded in LoadableXmlAsset: KCSG_RandomItemRemoval

GAGARIN: Succeded in LoadableXmlAsset: KCSG_RemovePerishable

GAGARIN: Succeded in LoadableXmlAsset: KCSG_DestroyRefuelableLightSource

GAGARIN: Succeded in LoadableXmlAsset: KCSG_ScatterStuffAround

GAGARIN: Succeded in LoadableXmlAsset: KCSG_EdgeDefense

GAGARIN: Succeded in LoadableXmlAsset: KCSG_ScatterPropsAround

GAGARIN: Succeded in LoadableXmlAsset: KCSG_SpawnWorldObjects

GAGARIN: Succeded in LoadableXmlAsset: PS_Drain

GAGARIN: Succeded in LoadableXmlAsset: VFE_Dev_Restart

GAGARIN: Succeded in LoadableXmlAsset: SD_SearchAndDestroy

GAGARIN: Succeded in LoadableXmlAsset: OverWallCooler

GAGARIN: Succeded in LoadableXmlAsset: Cooler_Over

GAGARIN: Succeded in LoadableXmlAsset: Cooler_Over2W

GAGARIN: Succeded in LoadableXmlAsset: Vent_Over

GAGARIN: Succeded in LoadableXmlAsset: BuildersTryMine

GAGARIN: Succeded in LoadableXmlAsset: SkilledBuilder

GAGARIN: Succeded in LoadableXmlAsset: SkilledBuilder2

GAGARIN: Succeded in LoadableXmlAsset: SkilledBuilder3

GAGARIN: Succeded in LoadableXmlAsset: SkilledBuilder4

GAGARIN: Succeded in LoadableXmlAsset: SkilledBuilder5

GAGARIN: Succeded in LoadableXmlAsset: SkilledBuilder6

GAGARIN: Succeded in LoadableXmlAsset: SkilledBuilder7

GAGARIN: Succeded in LoadableXmlAsset: kNumbersOverviewTab

GAGARIN: Succeded in LoadableXmlAsset: Numbers_Age

GAGARIN: Succeded in LoadableXmlAsset: Numbers_AnimalEggProgress

GAGARIN: Succeded in LoadableXmlAsset: Numbers_Milkfullness

GAGARIN: Succeded in LoadableXmlAsset: Numbers_AnimalWoolGrowth

GAGARIN: Succeded in LoadableXmlAsset: Numbers_LeatherType

GAGARIN: Succeded in LoadableXmlAsset: Numbers_Race

GAGARIN: Succeded in LoadableXmlAsset: Numbers_Backstory

GAGARIN: Succeded in LoadableXmlAsset: Numbers_Psyfocus

GAGARIN: Succeded in LoadableXmlAsset: Numbers_Entropy

GAGARIN: Succeded in LoadableXmlAsset: Numbers_PsylinkLevel

GAGARIN: Succeded in LoadableXmlAsset: Numbers_Equipment

GAGARIN: Succeded in LoadableXmlAsset: Numbers_Inventory

GAGARIN: Succeded in LoadableXmlAsset: Numbers_InventoryDropAll

GAGARIN: Succeded in LoadableXmlAsset: Numbers_JobCurrent

GAGARIN: Succeded in LoadableXmlAsset: Numbers_JobQueued

GAGARIN: Succeded in LoadableXmlAsset: Numbers_MentalState

GAGARIN: Succeded in LoadableXmlAsset: Numbers_PrisonerInteraction

GAGARIN: Succeded in LoadableXmlAsset: Numbers_PrisonerResistance

GAGARIN: Succeded in LoadableXmlAsset: Numbers_Pain

GAGARIN: Succeded in LoadableXmlAsset: Numbers_Bleedrate

GAGARIN: Succeded in LoadableXmlAsset: Numbers_NeedsTreatment

GAGARIN: Succeded in LoadableXmlAsset: Numbers_Operations

GAGARIN: Succeded in LoadableXmlAsset: Numbers_Forbidden

GAGARIN: Succeded in LoadableXmlAsset: Numbers_Inspiration

GAGARIN: Succeded in LoadableXmlAsset: Numbers_DiseaseProgress

GAGARIN: Succeded in LoadableXmlAsset: Numbers_TameChance

GAGARIN: Succeded in LoadableXmlAsset: Numbers_SelfTend

GAGARIN: Succeded in LoadableXmlAsset: Numbers_HediffList

GAGARIN: Succeded in LoadableXmlAsset: Numbers_HediffBadList

GAGARIN: Succeded in LoadableXmlAsset: Numbers_TraitsColored

GAGARIN: Succeded in LoadableXmlAsset: Numbers_Faction

GAGARIN: Succeded in LoadableXmlAsset: Numbers_AnimalFilthRate

GAGARIN: Succeded in LoadableXmlAsset: Numbers_Meditation

GAGARIN: Succeded in LoadableXmlAsset: Numbers_Areas

GAGARIN: Succeded in LoadableXmlAsset: Numbers_Traits

GAGARIN: Succeded in LoadableXmlAsset: Numbers_Bandwidth

GAGARIN: Succeded in LoadableXmlAsset: Numbers_Endogenes

GAGARIN: Succeded in LoadableXmlAsset: Numbers_Xenogenes

GAGARIN: Succeded in LoadableXmlAsset: Numbers_GenesRegrowTime

GAGARIN: Succeded in LoadableXmlAsset: Numbers_Guilt

GAGARIN: Succeded in LoadableXmlAsset: Numbers_Ideology

GAGARIN: Succeded in LoadableXmlAsset: Numbers_Will

GAGARIN: Succeded in LoadableXmlAsset: Numbers_FoodConsumption

GAGARIN: Succeded in LoadableXmlAsset: Numbers_Strip

GAGARIN: Succeded in LoadableXmlAsset: Numbers_Recruitable

GAGARIN: Succeded in LoadableXmlAsset: Numbers_IdeologyCertainty

GAGARIN: Succeded in LoadableXmlAsset: EquipmentBearers

GAGARIN: Succeded in LoadableXmlAsset: LivingThings

GAGARIN: Succeded in LoadableXmlAsset: Prisoners

GAGARIN: Succeded in LoadableXmlAsset: Animals

GAGARIN: Succeded in LoadableXmlAsset: MainTable

GAGARIN: Succeded in LoadableXmlAsset: WildAnimals

GAGARIN: Succeded in LoadableXmlAsset: DeadThings

GAGARIN: Succeded in LoadableXmlAsset: Numbers_MainTable

GAGARIN: Succeded in LoadableXmlAsset: Numbers_Enemies

GAGARIN: Succeded in LoadableXmlAsset: Numbers_Prisoners

GAGARIN: Succeded in LoadableXmlAsset: Numbers_Corpses

GAGARIN: Succeded in LoadableXmlAsset: Numbers_Guests

GAGARIN: Succeded in LoadableXmlAsset: Numbers_Animals

GAGARIN: Succeded in LoadableXmlAsset: Numbers_WildAnimals

GAGARIN: Succeded in LoadableXmlAsset: Numbers_AnimalCorpses

GAGARIN: Succeded in LoadableXmlAsset: Numbers_CombatPreset

GAGARIN: Succeded in LoadableXmlAsset: Numbers_WorkTabPlusPreset

GAGARIN: Succeded in LoadableXmlAsset: Numbers_ColonistNeedsPreset

GAGARIN: Succeded in LoadableXmlAsset: PixOutlineShader

GAGARIN: Succeded in LoadableXmlAsset: HairShader

GAGARIN: Succeded in LoadableXmlAsset: BondagesShader

GAGARIN: Succeded in LoadableXmlAsset: FeetDoll

GAGARIN: Succeded in LoadableXmlAsset: FeetBaseRight

GAGARIN: Succeded in LoadableXmlAsset: FeetBaseLeft

GAGARIN: Succeded in LoadableXmlAsset: ThumbRightToe

GAGARIN: Succeded in LoadableXmlAsset: ThumbLeftToe

GAGARIN: Succeded in LoadableXmlAsset: RingRightToe

GAGARIN: Succeded in LoadableXmlAsset: RingLeftToe

GAGARIN: Succeded in LoadableXmlAsset: MiddleRightToe

GAGARIN: Succeded in LoadableXmlAsset: MiddleLeftToe

GAGARIN: Succeded in LoadableXmlAsset: LittleRightToe

GAGARIN: Succeded in LoadableXmlAsset: LittleLeftToe

GAGARIN: Succeded in LoadableXmlAsset: IndexRightToe

GAGARIN: Succeded in LoadableXmlAsset: IndexLeftToe

GAGARIN: Succeded in LoadableXmlAsset: GroupMalnutrition

GAGARIN: Succeded in LoadableXmlAsset: GroupPregnant

GAGARIN: Succeded in LoadableXmlAsset: GroupToxin

GAGARIN: Succeded in LoadableXmlAsset: GroupDiseases

GAGARIN: Succeded in LoadableXmlAsset: HandDoll

GAGARIN: Succeded in LoadableXmlAsset: ThumbRight

GAGARIN: Succeded in LoadableXmlAsset: ThumbLeft

GAGARIN: Succeded in LoadableXmlAsset: RingRight

GAGARIN: Succeded in LoadableXmlAsset: RingLeft

GAGARIN: Succeded in LoadableXmlAsset: MiddleRight

GAGARIN: Succeded in LoadableXmlAsset: MiddleLeft

GAGARIN: Succeded in LoadableXmlAsset: LittleRight

GAGARIN: Succeded in LoadableXmlAsset: LittleLeft

GAGARIN: Succeded in LoadableXmlAsset: IndexRight

GAGARIN: Succeded in LoadableXmlAsset: IndexLeft

GAGARIN: Succeded in LoadableXmlAsset: HandBaseRight

GAGARIN: Succeded in LoadableXmlAsset: HandBaseLeft

GAGARIN: Succeded in LoadableXmlAsset: NHT_ABF_Body_Synstruct_Remap

GAGARIN: Succeded in LoadableXmlAsset: NHT_Kurin_Body_Remap

GAGARIN: Succeded in LoadableXmlAsset: NHT_Ratkin_Body_Remap

GAGARIN: Succeded in LoadableXmlAsset: PigNose

GAGARIN: Succeded in LoadableXmlAsset: FemaleRightTentacle

GAGARIN: Succeded in LoadableXmlAsset: FemaleLeftTentacle

GAGARIN: Succeded in LoadableXmlAsset: MaleRightTentacle

GAGARIN: Succeded in LoadableXmlAsset: MaleLeftTentacle

GAGARIN: Succeded in LoadableXmlAsset: FatRightTentacle

GAGARIN: Succeded in LoadableXmlAsset: FatLeftTentacle

GAGARIN: Succeded in LoadableXmlAsset: HulkRightTentacle

GAGARIN: Succeded in LoadableXmlAsset: HulkLeftTentacle

GAGARIN: Succeded in LoadableXmlAsset: FemaleRightFleshWhip

GAGARIN: Succeded in LoadableXmlAsset: FemaleLeftFleshWhip

GAGARIN: Succeded in LoadableXmlAsset: MaleRightFleshWhip

GAGARIN: Succeded in LoadableXmlAsset: MaleLeftFleshWhip

GAGARIN: Succeded in LoadableXmlAsset: FatRightFleshWhip

GAGARIN: Succeded in LoadableXmlAsset: FatLeftFleshWhip

GAGARIN: Succeded in LoadableXmlAsset: HulkRightFleshWhip

GAGARIN: Succeded in LoadableXmlAsset: HulkLeftFleshWhip

GAGARIN: Succeded in LoadableXmlAsset: FemaleRightPegLeg

GAGARIN: Succeded in LoadableXmlAsset: FemaleLeftPegLeg

GAGARIN: Succeded in LoadableXmlAsset: MaleRightPegLeg

GAGARIN: Succeded in LoadableXmlAsset: MaleLeftPegLeg

GAGARIN: Succeded in LoadableXmlAsset: FatRightPegLeg

GAGARIN: Succeded in LoadableXmlAsset: FatLeftPegLeg

GAGARIN: Succeded in LoadableXmlAsset: HulkRightPegLeg

GAGARIN: Succeded in LoadableXmlAsset: HulkLeftPegLeg

GAGARIN: Succeded in LoadableXmlAsset: FemaleRightSimpleProstheticArm

GAGARIN: Succeded in LoadableXmlAsset: FemaleLeftSimpleProstheticArm

GAGARIN: Succeded in LoadableXmlAsset: MaleRightSimpleProstheticArm

GAGARIN: Succeded in LoadableXmlAsset: MaleLeftSimpleProstheticArm

GAGARIN: Succeded in LoadableXmlAsset: FatRightSimpleProstheticArm

GAGARIN: Succeded in LoadableXmlAsset: FatLeftSimpleProstheticArm

GAGARIN: Succeded in LoadableXmlAsset: HulkRightSimpleProstheticArm

GAGARIN: Succeded in LoadableXmlAsset: HulkLeftSimpleProstheticArm

GAGARIN: Succeded in LoadableXmlAsset: FemaleRightYarrPirateHook

GAGARIN: Succeded in LoadableXmlAsset: FemaleLeftYarrPirateHook

GAGARIN: Succeded in LoadableXmlAsset: MaleRightYarrPirateHook

GAGARIN: Succeded in LoadableXmlAsset: MaleLeftYarrPirateHook

GAGARIN: Succeded in LoadableXmlAsset: FatRightYarrPirateHook

GAGARIN: Succeded in LoadableXmlAsset: FatLeftYarrPirateHook

GAGARIN: Succeded in LoadableXmlAsset: HulkRightYarrPirateHook

GAGARIN: Succeded in LoadableXmlAsset: HulkLeftYarrPirateHook

GAGARIN: Succeded in LoadableXmlAsset: HandBaseLeftYarrPirateHook

GAGARIN: Succeded in LoadableXmlAsset: HandBaseRightYarrPirateHook

GAGARIN: Succeded in LoadableXmlAsset: FurryTail

GAGARIN: Succeded in LoadableXmlAsset: Fat

GAGARIN: Succeded in LoadableXmlAsset: FatHandRight

GAGARIN: Succeded in LoadableXmlAsset: FatHandLeft

GAGARIN: Succeded in LoadableXmlAsset: FatArmRight

GAGARIN: Succeded in LoadableXmlAsset: FatArmLeft

GAGARIN: Succeded in LoadableXmlAsset: FatFootRight

GAGARIN: Succeded in LoadableXmlAsset: FatFootLeft

GAGARIN: Succeded in LoadableXmlAsset: FatHead

GAGARIN: Succeded in LoadableXmlAsset: FatShoulderRight

GAGARIN: Succeded in LoadableXmlAsset: FatShoulderLeft

GAGARIN: Succeded in LoadableXmlAsset: FatNeck

GAGARIN: Succeded in LoadableXmlAsset: FatLegRight

GAGARIN: Succeded in LoadableXmlAsset: FatLegLeft

GAGARIN: Succeded in LoadableXmlAsset: FatTorso

GAGARIN: Succeded in LoadableXmlAsset: FatNose

GAGARIN: Succeded in LoadableXmlAsset: FatStomach

GAGARIN: Succeded in LoadableXmlAsset: FatLungRight

GAGARIN: Succeded in LoadableXmlAsset: FatLungLeft

GAGARIN: Succeded in LoadableXmlAsset: FatLiver

GAGARIN: Succeded in LoadableXmlAsset: FatKidneyRight

GAGARIN: Succeded in LoadableXmlAsset: FatKidneyLeft

GAGARIN: Succeded in LoadableXmlAsset: FatHeart

GAGARIN: Succeded in LoadableXmlAsset: FatBrain

GAGARIN: Succeded in LoadableXmlAsset: FatRibcage

GAGARIN: Succeded in LoadableXmlAsset: FatSpine

GAGARIN: Succeded in LoadableXmlAsset: FatPelvis

GAGARIN: Succeded in LoadableXmlAsset: FatEyeLeft

GAGARIN: Succeded in LoadableXmlAsset: FatEyeRight

GAGARIN: Succeded in LoadableXmlAsset: Female

GAGARIN: Succeded in LoadableXmlAsset: FemaleHandRight

GAGARIN: Succeded in LoadableXmlAsset: FemaleHandLeft

GAGARIN: Succeded in LoadableXmlAsset: FemaleArmRight

GAGARIN: Succeded in LoadableXmlAsset: FemaleArmLeft

GAGARIN: Succeded in LoadableXmlAsset: FemaleFeetRight

GAGARIN: Succeded in LoadableXmlAsset: FemaleFeetLeft

GAGARIN: Succeded in LoadableXmlAsset: FemaleHead

GAGARIN: Succeded in LoadableXmlAsset: FemaleLegRight

GAGARIN: Succeded in LoadableXmlAsset: FemaleLegLeft

GAGARIN: Succeded in LoadableXmlAsset: FemaleNeck

GAGARIN: Succeded in LoadableXmlAsset: FemaleShoulderRight

GAGARIN: Succeded in LoadableXmlAsset: FemaleShoulderLeft

GAGARIN: Succeded in LoadableXmlAsset: FemaleTorso

GAGARIN: Succeded in LoadableXmlAsset: FemaleNose

GAGARIN: Succeded in LoadableXmlAsset: FemaleStomach

GAGARIN: Succeded in LoadableXmlAsset: FemaleLungRight

GAGARIN: Succeded in LoadableXmlAsset: FemaleLungLeft

GAGARIN: Succeded in LoadableXmlAsset: FemaleLiver

GAGARIN: Succeded in LoadableXmlAsset: FemaleKidneyRight

GAGARIN: Succeded in LoadableXmlAsset: FemaleKidneyLeft

GAGARIN: Succeded in LoadableXmlAsset: FemaleHeart

GAGARIN: Succeded in LoadableXmlAsset: FemaleBrain

GAGARIN: Succeded in LoadableXmlAsset: FemaleSpine

GAGARIN: Succeded in LoadableXmlAsset: FemaleRibcage

GAGARIN: Succeded in LoadableXmlAsset: FemalePelvis

GAGARIN: Succeded in LoadableXmlAsset: FemaleEyeLeft

GAGARIN: Succeded in LoadableXmlAsset: FemaleEyeRight

GAGARIN: Succeded in LoadableXmlAsset: Hulk

GAGARIN: Succeded in LoadableXmlAsset: HulkHandRight

GAGARIN: Succeded in LoadableXmlAsset: HulkHandLeft

GAGARIN: Succeded in LoadableXmlAsset: HulkArmRight

GAGARIN: Succeded in LoadableXmlAsset: HulkArmLeft

GAGARIN: Succeded in LoadableXmlAsset: HulkFootRight

GAGARIN: Succeded in LoadableXmlAsset: HulkFootLeft

GAGARIN: Succeded in LoadableXmlAsset: HulkHead

GAGARIN: Succeded in LoadableXmlAsset: HulkShoulderRight

GAGARIN: Succeded in LoadableXmlAsset: HulkShoulderLeft

GAGARIN: Succeded in LoadableXmlAsset: HulkLegRight

GAGARIN: Succeded in LoadableXmlAsset: HulkLegLeft

GAGARIN: Succeded in LoadableXmlAsset: HulkNeck

GAGARIN: Succeded in LoadableXmlAsset: HulkTorso

GAGARIN: Succeded in LoadableXmlAsset: HulkNose

GAGARIN: Succeded in LoadableXmlAsset: HulkStomach

GAGARIN: Succeded in LoadableXmlAsset: HulkLungRight

GAGARIN: Succeded in LoadableXmlAsset: HulkLungLeft

GAGARIN: Succeded in LoadableXmlAsset: HulkLiver

GAGARIN: Succeded in LoadableXmlAsset: HulkKidneyRight

GAGARIN: Succeded in LoadableXmlAsset: HulkKidneyLeft

GAGARIN: Succeded in LoadableXmlAsset: HulkHeart

GAGARIN: Succeded in LoadableXmlAsset: HulkBrain

GAGARIN: Succeded in LoadableXmlAsset: HulkSpine

GAGARIN: Succeded in LoadableXmlAsset: HulkRibcage

GAGARIN: Succeded in LoadableXmlAsset: HulkPelvis

GAGARIN: Succeded in LoadableXmlAsset: HulkEyeLeft

GAGARIN: Succeded in LoadableXmlAsset: HulkEyeRight

GAGARIN: Succeded in LoadableXmlAsset: Kid

GAGARIN: Succeded in LoadableXmlAsset: KidHandRight

GAGARIN: Succeded in LoadableXmlAsset: KidHandLeft

GAGARIN: Succeded in LoadableXmlAsset: KidFootRight

GAGARIN: Succeded in LoadableXmlAsset: KidFootLeft

GAGARIN: Succeded in LoadableXmlAsset: KidArmRight

GAGARIN: Succeded in LoadableXmlAsset: KidArmLeft

GAGARIN: Succeded in LoadableXmlAsset: KidHead

GAGARIN: Succeded in LoadableXmlAsset: KidLegRight

GAGARIN: Succeded in LoadableXmlAsset: KidLegLeft

GAGARIN: Succeded in LoadableXmlAsset: KidShoulderRight

GAGARIN: Succeded in LoadableXmlAsset: KidShoulderLeft

GAGARIN: Succeded in LoadableXmlAsset: KidNeck

GAGARIN: Succeded in LoadableXmlAsset: KidTorso

GAGARIN: Succeded in LoadableXmlAsset: KidNose

GAGARIN: Succeded in LoadableXmlAsset: KidHeart

GAGARIN: Succeded in LoadableXmlAsset: KidKidneyRight

GAGARIN: Succeded in LoadableXmlAsset: KidKidneyLeft

GAGARIN: Succeded in LoadableXmlAsset: KidLiver

GAGARIN: Succeded in LoadableXmlAsset: KidStomach

GAGARIN: Succeded in LoadableXmlAsset: KidLungRight

GAGARIN: Succeded in LoadableXmlAsset: KidLungLeft

GAGARIN: Succeded in LoadableXmlAsset: KidBrain

GAGARIN: Succeded in LoadableXmlAsset: KidSpine

GAGARIN: Succeded in LoadableXmlAsset: KidRibcage

GAGARIN: Succeded in LoadableXmlAsset: KidPelvis

GAGARIN: Succeded in LoadableXmlAsset: KidEyeLeft

GAGARIN: Succeded in LoadableXmlAsset: KidEyeRight

GAGARIN: Succeded in LoadableXmlAsset: Male

GAGARIN: Succeded in LoadableXmlAsset: MaleLegRight

GAGARIN: Succeded in LoadableXmlAsset: MaleLegLeft

GAGARIN: Succeded in LoadableXmlAsset: MaleShoulderRight

GAGARIN: Succeded in LoadableXmlAsset: MaleShoulderLeft

GAGARIN: Succeded in LoadableXmlAsset: FeetRight

GAGARIN: Succeded in LoadableXmlAsset: FeetLeft

GAGARIN: Succeded in LoadableXmlAsset: MaleHandRight

GAGARIN: Succeded in LoadableXmlAsset: MaleHandLeft

GAGARIN: Succeded in LoadableXmlAsset: ArmRight

GAGARIN: Succeded in LoadableXmlAsset: ArmLeft

GAGARIN: Succeded in LoadableXmlAsset: Head

GAGARIN: Succeded in LoadableXmlAsset: Neck

GAGARIN: Succeded in LoadableXmlAsset: Torso

GAGARIN: Succeded in LoadableXmlAsset: MaleNose

GAGARIN: Succeded in LoadableXmlAsset: Stomach

GAGARIN: Succeded in LoadableXmlAsset: LungRight

GAGARIN: Succeded in LoadableXmlAsset: LungLeft

GAGARIN: Succeded in LoadableXmlAsset: Liver

GAGARIN: Succeded in LoadableXmlAsset: KidneyRight

GAGARIN: Succeded in LoadableXmlAsset: KidneyLeft

GAGARIN: Succeded in LoadableXmlAsset: Heart

GAGARIN: Succeded in LoadableXmlAsset: Brain

GAGARIN: Succeded in LoadableXmlAsset: MaleSpine

GAGARIN: Succeded in LoadableXmlAsset: MaleRibcage

GAGARIN: Succeded in LoadableXmlAsset: MalePelvis

GAGARIN: Succeded in LoadableXmlAsset: MaleEyeLeft

GAGARIN: Succeded in LoadableXmlAsset: MaleEyeRight

GAGARIN: Succeded in LoadableXmlAsset: WowStyle

GAGARIN: Succeded in LoadableXmlAsset: Numbers

GAGARIN: Succeded in LoadableXmlAsset: Skills

GAGARIN: Succeded in LoadableXmlAsset: Jobs

GAGARIN: Succeded in LoadableXmlAsset: Militar

GAGARIN: Succeded in LoadableXmlAsset: GDI

GAGARIN: Succeded in LoadableXmlAsset: Nod

GAGARIN: Succeded in LoadableXmlAsset: XCOM

GAGARIN: Succeded in LoadableXmlAsset: XCOMTwo

GAGARIN: Succeded in LoadableXmlAsset: Weapons

GAGARIN: Succeded in LoadableXmlAsset: XCOMMedieval

GAGARIN: Succeded in LoadableXmlAsset: Symbols

GAGARIN: Succeded in LoadableXmlAsset: Ideology

GAGARIN: Succeded in LoadableXmlAsset: GuestBeds

GAGARIN: Succeded in LoadableXmlAsset: RecruitGuest

GAGARIN: Succeded in LoadableXmlAsset: GuestWork

GAGARIN: Succeded in LoadableXmlAsset: Hospitality

GAGARIN: Succeded in LoadableXmlAsset: MainConfig

GAGARIN: Succeded in LoadableXmlAsset: Relax

GAGARIN: Succeded in LoadableXmlAsset: TakeWoundedGuest

GAGARIN: Succeded in LoadableXmlAsset: VisitBetterThanExpected

GAGARIN: Succeded in LoadableXmlAsset: VisitWorseThanExpected

GAGARIN: Succeded in LoadableXmlAsset: GuestDiplomacy

GAGARIN: Succeded in LoadableXmlAsset: CharmGuestAttempt

GAGARIN: Succeded in LoadableXmlAsset: ScroungeFoodAttempt

GAGARIN: Succeded in LoadableXmlAsset: CharmGuest

GAGARIN: Succeded in LoadableXmlAsset: GuestImproveRelationship

GAGARIN: Succeded in LoadableXmlAsset: BuyItem

GAGARIN: Succeded in LoadableXmlAsset: BrowseItems

GAGARIN: Succeded in LoadableXmlAsset: ClaimGuestBed

GAGARIN: Succeded in LoadableXmlAsset: VendingMachine_EmptyVendingMachine

GAGARIN: Succeded in LoadableXmlAsset: ScroungeFood

GAGARIN: Succeded in LoadableXmlAsset: SwipeFood

GAGARIN: Succeded in LoadableXmlAsset: BuyFood

GAGARIN: Succeded in LoadableXmlAsset: BuyStuff

GAGARIN: Succeded in LoadableXmlAsset: Shopping

GAGARIN: Succeded in LoadableXmlAsset: HappyGuestJoins

GAGARIN: Succeded in LoadableXmlAsset: GuestRoom

GAGARIN: Succeded in LoadableXmlAsset: Sentence_CharmAttemptAccepted

GAGARIN: Succeded in LoadableXmlAsset: Sentence_CharmAttemptRejected

GAGARIN: Succeded in LoadableXmlAsset: VisitorGroupSpacerCruise

GAGARIN: Succeded in LoadableXmlAsset: VisitorGroupSpacerLuxury

GAGARIN: Succeded in LoadableXmlAsset: RecruitRelationshipDamage

GAGARIN: Succeded in LoadableXmlAsset: ForcedRecruitRelationshipDamage

GAGARIN: Succeded in LoadableXmlAsset: RecruitEffectivity

GAGARIN: Succeded in LoadableXmlAsset: VisitorGroup

GAGARIN: Succeded in LoadableXmlAsset: VisitorGroupMax

GAGARIN: Succeded in LoadableXmlAsset: VisitorGroupSelectFaction

GAGARIN: Succeded in LoadableXmlAsset: HappyGuestJoins

GAGARIN: Succeded in LoadableXmlAsset: GuestClaimedBed

GAGARIN: Succeded in LoadableXmlAsset: GuestAngered

GAGARIN: Succeded in LoadableXmlAsset: GuestRecruitmentForced

GAGARIN: Succeded in LoadableXmlAsset: GuestOffendedRelationship

GAGARIN: Succeded in LoadableXmlAsset: GuestPleasedRelationship

GAGARIN: Succeded in LoadableXmlAsset: EndorsedByRecruiter

GAGARIN: Succeded in LoadableXmlAsset: GuestDismissiveAttitude

GAGARIN: Succeded in LoadableXmlAsset: GuestExpensiveFood

GAGARIN: Succeded in LoadableXmlAsset: GuestCheapFood

GAGARIN: Succeded in LoadableXmlAsset: GuestCantAffordBed

GAGARIN: Succeded in LoadableXmlAsset: GuestHasNoFood

GAGARIN: Succeded in LoadableXmlAsset: GuestBedCount

GAGARIN: Succeded in LoadableXmlAsset: Guest

GAGARIN: Succeded in LoadableXmlAsset: Recruiter

GAGARIN: Succeded in LoadableXmlAsset: Diplomat

GAGARIN: Succeded in LoadableXmlAsset: Hospitality_WithdrawVendingMachineEarnings

GAGARIN: Succeded in LoadableXmlAsset: Diplomat

GAGARIN: Succeded in LoadableXmlAsset: Guests

GAGARIN: Succeded in LoadableXmlAsset: GuestRelationship

GAGARIN: Succeded in LoadableXmlAsset: Hospitality_LabelCustom

GAGARIN: Succeded in LoadableXmlAsset: Hospitality_Faction

GAGARIN: Succeded in LoadableXmlAsset: Entertain

GAGARIN: Succeded in LoadableXmlAsset: MakeFriends

GAGARIN: Succeded in LoadableXmlAsset: AccommodationArea

GAGARIN: Succeded in LoadableXmlAsset: ShoppingArea

GAGARIN: Succeded in LoadableXmlAsset: FriendsForRecruiting

GAGARIN: Succeded in LoadableXmlAsset: Hospitality

GAGARIN: Succeded in LoadableXmlAsset: More

GAGARIN: Succeded in LoadableXmlAsset: Guests

GAGARIN: Succeded in LoadableXmlAsset: MintMinimap

GAGARIN: Succeded in LoadableXmlAsset: MintMenus_MiniMap

GAGARIN: Succeded in LoadableXmlAsset: MintMenus_PingTool

GAGARIN: Succeded in LoadableXmlAsset: Mote_PlayerPing

GAGARIN: Succeded in LoadableXmlAsset: Mote_EnemyPing

GAGARIN: Succeded in LoadableXmlAsset: Sound_PlayerPing

GAGARIN: Succeded in LoadableXmlAsset: Sound_MapFail

GAGARIN: Succeded in LoadableXmlAsset: Sound_MapBoot

GAGARIN: Succeded in LoadableXmlAsset: UnloadMarkedItems

GAGARIN: Succeded in LoadableXmlAsset: SocialRelaxCommonSense

GAGARIN: Succeded in LoadableXmlAsset: TakeDrugPatient

GAGARIN: Succeded in LoadableXmlAsset: avCSDummyRecipeForNutrientPaste

GAGARIN: Succeded in LoadableXmlAsset: CooledStoreroom

GAGARIN: Succeded in LoadableXmlAsset: SnapBack

GAGARIN: Succeded in LoadableXmlAsset: ApplySnap

GAGARIN: Succeded in LoadableXmlAsset: HaulUrgentlyDesignation

GAGARIN: Succeded in LoadableXmlAsset: FinishOffDesignation

GAGARIN: Succeded in LoadableXmlAsset: EffecterWeaponGlint

GAGARIN: Succeded in LoadableXmlAsset: FinishOffPawn

GAGARIN: Succeded in LoadableXmlAsset: AllowTool

GAGARIN: Succeded in LoadableXmlAsset: DesignatorAllow

GAGARIN: Succeded in LoadableXmlAsset: DesignatorForbid

GAGARIN: Succeded in LoadableXmlAsset: DesignatorAllowAll

GAGARIN: Succeded in LoadableXmlAsset: DesignatorSelectSimilar

GAGARIN: Succeded in LoadableXmlAsset: DesignatorHaulUrgently

GAGARIN: Succeded in LoadableXmlAsset: DesignatorFinishOff

GAGARIN: Succeded in LoadableXmlAsset: DesignatorHarvestFullyGrown

GAGARIN: Succeded in LoadableXmlAsset: DesignatorStripMine

GAGARIN: Succeded in LoadableXmlAsset: ToolContextMenuAction

GAGARIN: Succeded in LoadableXmlAsset: MoteWeaponGlint

GAGARIN: Succeded in LoadableXmlAsset: ReverseHaulUrgently

GAGARIN: Succeded in LoadableXmlAsset: ReverseFinishOff

GAGARIN: Succeded in LoadableXmlAsset: ReverseSelectSimilar

GAGARIN: Succeded in LoadableXmlAsset: ReverseHarvestFullyGrown

GAGARIN: Succeded in LoadableXmlAsset: AllowToolMetalGlint

GAGARIN: Succeded in LoadableXmlAsset: AllowDesignator

GAGARIN: Succeded in LoadableXmlAsset: ForbidDesignator

GAGARIN: Succeded in LoadableXmlAsset: AllowAllDesignator

GAGARIN: Succeded in LoadableXmlAsset: SelectSimilarDesignator

GAGARIN: Succeded in LoadableXmlAsset: HaulUrgentlyDesignator

GAGARIN: Succeded in LoadableXmlAsset: FinishOffDesignator

GAGARIN: Succeded in LoadableXmlAsset: HarvestFullyGrownDesignator

GAGARIN: Succeded in LoadableXmlAsset: StripMineDesignator

GAGARIN: Succeded in LoadableXmlAsset: AllowTool_2_3_0

GAGARIN: Succeded in LoadableXmlAsset: AllowTool_2_4_0

GAGARIN: Succeded in LoadableXmlAsset: AllowTool_3_0_0

GAGARIN: Succeded in LoadableXmlAsset: AllowTool_3_2_0

GAGARIN: Succeded in LoadableXmlAsset: AllowTool_3_4_0

GAGARIN: Succeded in LoadableXmlAsset: AllowTool_3_5_0

GAGARIN: Succeded in LoadableXmlAsset: AllowTool_3_6_0

GAGARIN: Succeded in LoadableXmlAsset: AllowTool_3_7_0

GAGARIN: Succeded in LoadableXmlAsset: HaulUrgently

GAGARIN: Succeded in LoadableXmlAsset: FinishOff

GAGARIN: Succeded in LoadableXmlAsset: HaulingUrgent

GAGARIN: Succeded in LoadableXmlAsset: FinishingOff

GAGARIN: Succeded in LoadableXmlAsset: GroundTargeter

GAGARIN: Succeded in LoadableXmlAsset: GroundTargeterKey

GAGARIN: Succeded in LoadableXmlAsset: MintMenus

GAGARIN: Succeded in LoadableXmlAsset: MintResearch

GAGARIN: Succeded in LoadableXmlAsset: MintDesignators

GAGARIN: Succeded in LoadableXmlAsset: MintBillMenu

GAGARIN: Succeded in LoadableXmlAsset: MintGearMenu

GAGARIN: Succeded in LoadableXmlAsset: MintMenus

GAGARIN: Succeded in LoadableXmlAsset: MintMenus_BuildMenu

GAGARIN: Succeded in LoadableXmlAsset: MintMenus_MintResearch

GAGARIN: Succeded in LoadableXmlAsset: MintMenus_MintWheel

GAGARIN: Succeded in LoadableXmlAsset: MintMenus_MintBillMenu

GAGARIN: Succeded in LoadableXmlAsset: MintMenus_PinningHide

GAGARIN: Succeded in LoadableXmlAsset: MintMenus_MintGearMenu

GAGARIN: Succeded in LoadableXmlAsset: BuildingsMisc

GAGARIN: Succeded in LoadableXmlAsset: PerformanceOptimizer

GAGARIN: Succeded in LoadableXmlAsset: PerformanceOptimizerKey

GAGARIN: Succeded in LoadableXmlAsset: PerformanceOptimizerKeyTWO

GAGARIN: Succeded in LoadableXmlAsset: VWE_Shock

GAGARIN: Succeded in LoadableXmlAsset: VWE_HauntingFlame

GAGARIN: Succeded in LoadableXmlAsset: Dam_OPToxin

GAGARIN: Succeded in LoadableXmlAsset: VWE_Extinguish

GAGARIN: Succeded in LoadableXmlAsset: VWE_Longbow

GAGARIN: Succeded in LoadableXmlAsset: VWE_Crossbow

GAGARIN: Succeded in LoadableXmlAsset: VWE_CompoundBow

GAGARIN: Succeded in LoadableXmlAsset: VWE_Gunpowder

GAGARIN: Succeded in LoadableXmlAsset: VWE_TrenchWarfare

GAGARIN: Succeded in LoadableXmlAsset: VWE_HeavyWeapons

GAGARIN: Succeded in LoadableXmlAsset: VWE_Flamethrower

GAGARIN: Succeded in LoadableXmlAsset: VWE_SpecializedFirearms

GAGARIN: Succeded in LoadableXmlAsset: VWE_DesignatedMarksmanRifle

GAGARIN: Succeded in LoadableXmlAsset: VWE_TacticalGrenades

GAGARIN: Succeded in LoadableXmlAsset: VWE_LaserTargetingSystems

GAGARIN: Succeded in LoadableXmlAsset: VanillaExpanded

GAGARIN: Succeded in LoadableXmlAsset: VWE_Bow_Compound

GAGARIN: Succeded in LoadableXmlAsset: VWE_Explosion_Flamethrower

GAGARIN: Succeded in LoadableXmlAsset: VWE_Shot_Flamethrower

GAGARIN: Succeded in LoadableXmlAsset: VWE_Shot_FireExtinguisher

GAGARIN: Succeded in LoadableXmlAsset: VWE_Explosion_FireExtinguisher

GAGARIN: Succeded in LoadableXmlAsset: VWE_Shot_Crossbow

GAGARIN: Succeded in LoadableXmlAsset: VWE_Shot_Whip

GAGARIN: Succeded in LoadableXmlAsset: VWE_Shot_Musket

GAGARIN: Succeded in LoadableXmlAsset: VWE_Shot_Handcannon

GAGARIN: Succeded in LoadableXmlAsset: VWE_Shot_GrenadeLauncher

GAGARIN: Succeded in LoadableXmlAsset: VWE_Shot_LeverActionRifle

GAGARIN: Succeded in LoadableXmlAsset: VWE_Shot_LightSMG

GAGARIN: Succeded in LoadableXmlAsset: VWE_Shot_SMG

GAGARIN: Succeded in LoadableXmlAsset: VWE_Shot_HMG

GAGARIN: Succeded in LoadableXmlAsset: VWE_Shot_ServiceRifle

GAGARIN: Succeded in LoadableXmlAsset: VWE_Shot_BattleRifle

GAGARIN: Succeded in LoadableXmlAsset: VWE_Shot_ChargeSniperRifle

GAGARIN: Succeded in LoadableXmlAsset: VWE_Shot_AntiMaterialRifle

GAGARIN: Succeded in LoadableXmlAsset: VWE_Shot_ChargePistol

GAGARIN: Succeded in LoadableXmlAsset: VWE_Shot_ChargeShotgun

GAGARIN: Succeded in LoadableXmlAsset: VWE_Shot_ChargeSMG

GAGARIN: Succeded in LoadableXmlAsset: VWE_Shot_ChargeMinigun

GAGARIN: Succeded in LoadableXmlAsset: VWE_Shot_SemiAutoRifle

GAGARIN: Succeded in LoadableXmlAsset: VWE_Shot_MarksmanRifle

GAGARIN: Succeded in LoadableXmlAsset: VWE_SmokeCloud

GAGARIN: Succeded in LoadableXmlAsset: VWE_SmokeGrenade

GAGARIN: Succeded in LoadableXmlAsset: VWE_Projectile_SmokeGrenade

GAGARIN: Succeded in LoadableXmlAsset: VWE_FlashGrenade

GAGARIN: Succeded in LoadableXmlAsset: VWE_Projectile_FlashGrenade

GAGARIN: Succeded in LoadableXmlAsset: VWE_MeleeWeapon_Shovel

GAGARIN: Succeded in LoadableXmlAsset: VWE_MeleeWeapon_Baton

GAGARIN: Succeded in LoadableXmlAsset: VWE_MeleeWeapon_CombatKnife

GAGARIN: Succeded in LoadableXmlAsset: VWE_MeleeWeapon_Hammer

GAGARIN: Succeded in LoadableXmlAsset: VWE_MeleeWeapon_BattleAxe

GAGARIN: Succeded in LoadableXmlAsset: VWE_MeleeWeapon_Halberd

GAGARIN: Succeded in LoadableXmlAsset: VWE_MeleeWeapon_Axe

GAGARIN: Succeded in LoadableXmlAsset: Gun_TripleRocket

GAGARIN: Succeded in LoadableXmlAsset: Gun_DoomsdayRocket

GAGARIN: Succeded in LoadableXmlAsset: VWE_Gun_RocketLauncher

GAGARIN: Succeded in LoadableXmlAsset: VWE_Bow_Compound

GAGARIN: Succeded in LoadableXmlAsset: VWE_Arrow_Compound

GAGARIN: Succeded in LoadableXmlAsset: VWE_Bullet_HandCannon

GAGARIN: Succeded in LoadableXmlAsset: VWE_Gun_HandCannon

GAGARIN: Succeded in LoadableXmlAsset: VWE_Bullet_CombatHandgun

GAGARIN: Succeded in LoadableXmlAsset: VWE_CombatHandgun

GAGARIN: Succeded in LoadableXmlAsset: VWE_Bullet_SawedOffShotgun

GAGARIN: Succeded in LoadableXmlAsset: VWE_SawedOffShotgun

GAGARIN: Succeded in LoadableXmlAsset: VWE_Bullet_GrenadeLauncher

GAGARIN: Succeded in LoadableXmlAsset: VWE_Gun_GrenadeLauncher

GAGARIN: Succeded in LoadableXmlAsset: VWE_Gun_Flamethrower

GAGARIN: Succeded in LoadableXmlAsset: VWE_Bullet_Flamethrower

GAGARIN: Succeded in LoadableXmlAsset: VWE_Gun_FireExtinguisher

GAGARIN: Succeded in LoadableXmlAsset: VWE_Bullet_FireExtinguisher

GAGARIN: Succeded in LoadableXmlAsset: VWE_Bullet_SemiAutomaticRifle

GAGARIN: Succeded in LoadableXmlAsset: VWE_Gun_SemiAutomaticRifle

GAGARIN: Succeded in LoadableXmlAsset: VWE_Bullet_LeverActionRifle

GAGARIN: Succeded in LoadableXmlAsset: VWE_Gun_LeverActionRifle

GAGARIN: Succeded in LoadableXmlAsset: VWE_Bullet_LightSMG

GAGARIN: Succeded in LoadableXmlAsset: VWE_Gun_LightSMG

GAGARIN: Succeded in LoadableXmlAsset: VWE_Bullet_SMG

GAGARIN: Succeded in LoadableXmlAsset: VWE_Gun_SMG

GAGARIN: Succeded in LoadableXmlAsset: VWE_Bullet_HMG

GAGARIN: Succeded in LoadableXmlAsset: VWE_Gun_HMG

GAGARIN: Succeded in LoadableXmlAsset: VWE_Bullet_ServiceRifle

GAGARIN: Succeded in LoadableXmlAsset: VWE_Gun_ServiceRifle

GAGARIN: Succeded in LoadableXmlAsset: VWE_Bullet_BattleRifle

GAGARIN: Succeded in LoadableXmlAsset: VWE_Gun_BattleRifle

GAGARIN: Succeded in LoadableXmlAsset: VWE_Bullet_Carbine

GAGARIN: Succeded in LoadableXmlAsset: VWE_Gun_Carbine

GAGARIN: Succeded in LoadableXmlAsset: Bullet_MarksmanRifle

GAGARIN: Succeded in LoadableXmlAsset: VWE_Gun_MarksmanRifle

GAGARIN: Succeded in LoadableXmlAsset: Bullet_AntiMaterialRifle

GAGARIN: Succeded in LoadableXmlAsset: VWE_Gun_AntiMaterialRifle

GAGARIN: Succeded in LoadableXmlAsset: VWE_Bow_Crossbow

GAGARIN: Succeded in LoadableXmlAsset: VWE_Arrow_Bolt

GAGARIN: Succeded in LoadableXmlAsset: VWE_Gun_Musket

GAGARIN: Succeded in LoadableXmlAsset: Bullet_Leadball

GAGARIN: Succeded in LoadableXmlAsset: VWE_Gun_Flintlock

GAGARIN: Succeded in LoadableXmlAsset: VWE_Throwing_Knives

GAGARIN: Succeded in LoadableXmlAsset: VWE_FlyingBlade

GAGARIN: Succeded in LoadableXmlAsset: VWE_Tool_Whip

GAGARIN: Succeded in LoadableXmlAsset: VWE_WhipSlash

GAGARIN: Succeded in LoadableXmlAsset: VWE_Throwing_Rocks

GAGARIN: Succeded in LoadableXmlAsset: VWE_Rock

GAGARIN: Succeded in LoadableXmlAsset: VWE_Bow_Long

GAGARIN: Succeded in LoadableXmlAsset: VWE_Arrow_Long

GAGARIN: Succeded in LoadableXmlAsset: VWE_Bullet_ChargePistol

GAGARIN: Succeded in LoadableXmlAsset: VWE_Gun_ChargePistol

GAGARIN: Succeded in LoadableXmlAsset: VWE_Bullet_ChargeShotgun

GAGARIN: Succeded in LoadableXmlAsset: VWE_Gun_ChargeShotgun

GAGARIN: Succeded in LoadableXmlAsset: VWE_Bullet_ChargeSMG

GAGARIN: Succeded in LoadableXmlAsset: VWE_Gun_ChargeSMG

GAGARIN: Succeded in LoadableXmlAsset: VWE_Bullet_ChargeLMG

GAGARIN: Succeded in LoadableXmlAsset: VWE_Gun_ChargeLMG

GAGARIN: Succeded in LoadableXmlAsset: VWE_Bullet_ChargeSniperRifle

GAGARIN: Succeded in LoadableXmlAsset: VWE_Gun_ChargeSniperRifle

GAGARIN: Succeded in LoadableXmlAsset: VWE_Bullet_ChargeMinigun

GAGARIN: Succeded in LoadableXmlAsset: VWE_Gun_ChargeMinigun

GAGARIN: Succeded in LoadableXmlAsset: VWE_Gun_ChargeRocketLauncher

GAGARIN: Succeded in LoadableXmlAsset: VWE_Rocket_AntiGrain

GAGARIN: Succeded in LoadableXmlAsset: RocketKeyBindingCategory

GAGARIN: Succeded in LoadableXmlAsset: RocketKeyBindingDisable

GAGARIN: Succeded in LoadableXmlAsset: RocketKeyToggleAlerts

GAGARIN: Succeded in LoadableXmlAsset: RocketKeyToggleDebugging

GAGARIN: Succeded in LoadableXmlAsset: RocketKeyToggleForcedSlowdowns

GAGARIN: Succeded in LoadableXmlAsset: RocketWindow

GAGARIN: Succeded in LoadableXmlAsset: ColonyGroups_1_3_07

GAGARIN: Succeded in LoadableXmlAsset: ColonyGroups_1_3_08

GAGARIN: Succeded in LoadableXmlAsset: ShowMeYourHands_1_0_14_0

GAGARIN: Succeded in LoadableXmlAsset: ShowMeYourHands_1_0_15_0

GAGARIN: Succeded in LoadableXmlAsset: ShowMeYourHands_1_0_33_0

GAGARIN: Succeded in LoadableXmlAsset: ShowMeYourHands_1_0_37_0

GAGARIN: Succeded in LoadableXmlAsset: ShowMeYourHands_1_0_39_0

GAGARIN: Succeded in LoadableXmlAsset: ShowMeYourHands_1_0_40_0

GAGARIN: Succeded in LoadableXmlAsset: SearchAndDestroy_1.1.0

GAGARIN: Succeded in LoadableXmlAsset: SearchAndDestroy_1.2.0

GAGARIN: Succeded in LoadableXmlAsset: SearchAndDestroy_1.3.0

GAGARIN: Succeded in LoadableXmlAsset: SearchAndDestroy_1.4.0

GAGARIN: Succeded in LoadableXmlAsset: Uuugggg_ReplaceStuff_1_1_0

GAGARIN: Succeded in LoadableXmlAsset: MarkThatPawn_1_4_1

GAGARIN: Succeded in LoadableXmlAsset: MarkThatPawn_1_4_6

GAGARIN: Succeded in LoadableXmlAsset: MarkThatPawn_1_4_23

GAGARIN: Succeded in LoadableXmlAsset: AllowTool_2_3_0

GAGARIN: Succeded in LoadableXmlAsset: AllowTool_2_4_0

GAGARIN: Succeded in LoadableXmlAsset: AllowTool_3_0_0

GAGARIN: Succeded in LoadableXmlAsset: AllowTool_3_2_0

GAGARIN: Succeded in LoadableXmlAsset: AllowTool_3_4_0

GAGARIN: Succeded in LoadableXmlAsset: AllowTool_3_5_0

GAGARIN: Succeded in LoadableXmlAsset: AllowTool_3_6_0

GAGARIN: Succeded in LoadableXmlAsset: AllowTool_3_7_0

GAGARIN: Succeded in LoadableXmlAsset: AllowTool_3_10_0

ROCKETMAN: Found action with attribute OnStaticConstructor, StartupHelper:StartUpFinished

ROCKETMAN: RocketMan settings are stored in <color=red>C:\Users\1mmense\AppData\LocalLow\Ludeon Studios\RimWorld by Ludeon Studios\RocketMan\Mod_RocketManOptimizer_RocketMod.xml</color>

ROCKETMAN: Defs loaded!

ROCKETMAN: Patched KeyBinder!

PROTON:[NOTANERROR] patching AlertsReadout:Void AlertsReadoutOnGUI() finished!

PROTON:[NOTANERROR] patching AlertsReadout:Void AlertsReadoutUpdate() finished!

PROTON:[NOTANERROR] patching Alert_MajorOrExtremeBreakRisk:Void .ctor() finished!

PROTON:[NOTANERROR] patching Alert_Hypothermia:Void .ctor() finished!

PROTON:[NOTANERROR] patching Alert_ColonistNeedsRescuing:Void .ctor() finished!

PROTON:[NOTANERROR] patching Alert_LifeThreateningHediff:Void .ctor() finished!

PROTON:[NOTANERROR] patching Alert_FireInHomeArea:Void .ctor() finished!

PROTON:[NOTANERROR] patching Alert_ImmobileCaravan:Void .ctor() finished!

PROTON:[NOTANERROR] patching Alert_DisallowedBuildingInsideMonument:Void .ctor() finished!

PROTON:[NOTANERROR] patching Alert_DangerousActivity:Void .ctor() finished!

PROTON:[NOTANERROR] patching Alert_UndercaveUnstable:Void .ctor() finished!

PROTON:[NOTANERROR] patching Alert_CultistPsychicRitual:Void .ctor() finished!

PROTON:[NOTANERROR] patching Alert_CubeWithdrawal:Void .ctor() finished!

PROTON:[NOTANERROR] patching Alert_Digesting:Void .ctor() finished!

PROTON:[NOTANERROR] patching Alert_MeatHunger:Void .ctor() finished!

PROTON:[NOTANERROR] patching Alert_GhoulHypothermia:Void .ctor() finished!

PROTON:[NOTANERROR] patching Alert_InsufficientContainmentStrength:Void .ctor() finished!

PROTON:[NOTANERROR] patching Alert_LowOxygen:Void .ctor() finished!

PROTON:[NOTANERROR] patching Alert_IdeoBuildingMissing:Void .ctor() finished!

PROTON:[NOTANERROR] patching Alert_IdeoBuildingDisrespected:Void .ctor() finished!

PROTON:[NOTANERROR] patching Alert_MechThreat:Void .ctor() finished!

PROTON:[NOTANERROR] patching Alert_DormanyWakeUpDelay:Void .ctor() finished!

PROTON:[NOTANERROR] patching Alert_InfestationDelay:Void .ctor() finished!

PROTON:[NOTANERROR] patching Alert_CasketOpening:Void .ctor() finished!

PROTON:[NOTANERROR] patching Alert_FuelNodeIgnition:Void .ctor() finished!

PROTON:[NOTANERROR] patching Alert_HypothermicAnimals:Void .ctor() finished!

PROTON:[NOTANERROR] patching Alert_MinorBreakRisk:Void .ctor() finished!

PROTON:[NOTANERROR] patching Alert_BestowerWaiting:Void .ctor() finished!

PROTON:[NOTANERROR] patching Alert_ReimplantationAvailable:Void .ctor() finished!

PROTON:[NOTANERROR] patching Alert_NeedDefenses:Void .ctor() finished!

PROTON:[NOTANERROR] patching Alert_QuestExpiresSoon:Void .ctor() finished!

PROTON:[NOTANERROR] patching Alert_NeedDoctor:Void .ctor() finished!

PROTON:[NOTANERROR] patching Alert_NeedMiner:Void .ctor() finished!

PROTON:[NOTANERROR] patching Alert_NeedWarden:Void .ctor() finished!

PROTON:[NOTANERROR] patching Alert_LowFood:Void .ctor() finished!

PROTON:[NOTANERROR] patching Alert_LowBabyFood:Void .ctor() finished!

PROTON:[NOTANERROR] patching Alert_NoBabyFeeders:Void .ctor() finished!

PROTON:[NOTANERROR] patching Alert_AbandonedBaby:Void .ctor() finished!

PROTON:[NOTANERROR] patching Alert_NoBabyFoodCaravan:Void .ctor() finished!

PROTON:[NOTANERROR] patching Alert_LowMedicine:Void .ctor() finished!

PROTON:[NOTANERROR] patching Alert_NeedWarmClothes:Void .ctor() finished!

PROTON:[NOTANERROR] patching Alert_NeedColonistBeds:Void .ctor() finished!

PROTON:[NOTANERROR] patching Alert_NeedBabyCribs:Void .ctor() finished!

PROTON:[NOTANERROR] patching Alert_NeedSlaveBeds:Void .ctor() finished!

PROTON:[NOTANERROR] patching Alert_NeedSlaveCribs:Void .ctor() finished!

PROTON:[NOTANERROR] patching Alert_ColonistLeftUnburied:Void .ctor() finished!

PROTON:[NOTANERROR] patching Alert_ColonistNeedsTend:Void .ctor() finished!

PROTON:[NOTANERROR] patching Alert_EntityNeedsTend:Void .ctor() finished!

PROTON:[NOTANERROR] patching Alert_StarvationColonists:Void .ctor() finished!

PROTON:[NOTANERROR] patching Alert_Exhaustion:Void .ctor() finished!

PROTON:[NOTANERROR] patching Alert_Heatstroke:Void .ctor() finished!

PROTON:[NOTANERROR] patching Alert_PasteDispenserNeedsHopper:Void .ctor() finished!

PROTON:[NOTANERROR] patching Alert_ActivatorCountdown:Void .ctor() finished!

PROTON:[NOTANERROR] patching Alert_SlavesUnsuppressed:Void .ctor() finished!

PROTON:[NOTANERROR] patching Alert_SlavesUnattended:Void .ctor() finished!

PROTON:[NOTANERROR] patching Alert_Biostarvation:Void .ctor() finished!

PROTON:[NOTANERROR] patching Alert_ToxicBuildup:Void .ctor() finished!

PROTON:[NOTANERROR] patching Alert_PollutedTerrain:Void .ctor() finished!

PROTON:[NOTANERROR] patching Alert_CreepJoinerTimeout:Void .ctor() finished!

PROTON:[NOTANERROR] patching Alert_EmergingPitGate:Void .ctor() finished!

PROTON:[NOTANERROR] patching Alert_ColonistsIdle:Void .ctor() finished!

PROTON:[NOTANERROR] patching Alert_TimedMakeFactionHostile:Void .ctor() finished!

PROTON:[NOTANERROR] patching Alert_CaravanIdle:Void .ctor() finished!

PROTON:[NOTANERROR] patching Alert_RoyalNoThroneAssigned:Void .ctor() finished!

PROTON:[NOTANERROR] patching Alert_UndignifiedThroneroom:Void .ctor() finished!

PROTON:[NOTANERROR] patching Alert_UndignifiedBedroom:Void .ctor() finished!

PROTON:[NOTANERROR] patching Alert_TitleRequiresBedroom:Void .ctor() finished!

PROTON:[NOTANERROR] patching Alert_RoyalNoAcceptableFood:Void .ctor() finished!

PROTON:[NOTANERROR] patching Alert_ThroneroomInvalidConfiguration:Void .ctor() finished!

PROTON:[NOTANERROR] patching Alert_NeedMealSource:Void .ctor() finished!

PROTON:[NOTANERROR] patching Alert_NeedJoySources:Void .ctor() finished!

PROTON:[NOTANERROR] patching Alert_Boredom:Void .ctor() finished!

PROTON:[NOTANERROR] patching Alert_NeedBatteries:Void .ctor() finished!

PROTON:[NOTANERROR] patching Alert_NeedResearchProject:Void .ctor() finished!

PROTON:[NOTANERROR] patching Alert_AwaitingMedicalOperation:Void .ctor() finished!

PROTON:[NOTANERROR] patching Alert_BrawlerHasRangedWeapon:Void .ctor() finished!

PROTON:[NOTANERROR] patching Alert_ShieldUserHasRangedWeapon:Void .ctor() finished!

PROTON:[NOTANERROR] patching Alert_StarvationAnimals:Void .ctor() finished!

PROTON:[NOTANERROR] patching Alert_BilliardsTableOnWall:Void .ctor() finished!

PROTON:[NOTANERROR] patching Alert_ChessTableNoChairs:Void .ctor() finished!

PROTON:[NOTANERROR] patching Alert_PokerTableNoChairs:Void .ctor() finished!

PROTON:[NOTANERROR] patching Alert_CannotBeUsedRoofed:Void .ctor() finished!

PROTON:[NOTANERROR] patching Alert_HunterHasShieldAndRangedWeapon:Void .ctor() finished!

PROTON:[NOTANERROR] patching Alert_MonumentMarkerMissingBlueprints:Void .ctor() finished!

PROTON:[NOTANERROR] patching Alert_ShuttleLandingBeaconUnusable:Void .ctor() finished!

PROTON:[NOTANERROR] patching Alert_NeedMeditationSpot:Void .ctor() finished!

PROTON:[NOTANERROR] patching Alert_UnusableMeditationFocus:Void .ctor() finished!

PROTON:[NOTANERROR] patching Alert_PermitAvailable:Void .ctor() finished!

PROTON:[NOTANERROR] patching Alert_AnimalFilth:Void .ctor() finished!

PROTON:[NOTANERROR] patching Alert_AnimalPenNeeded:Void .ctor() finished!

PROTON:[NOTANERROR] patching Alert_AnimalPenNotEnclosed:Void .ctor() finished!

PROTON:[NOTANERROR] patching Alert_PredatorInPen:Void .ctor() finished!

PROTON:[NOTANERROR] patching Alert_AnimalRoaming:Void .ctor() finished!

PROTON:[NOTANERROR] patching Alert_PennedAnimalHungry:Void .ctor() finished!

PROTON:[NOTANERROR] patching Alert_HitchedAnimalHungryNoFood:Void .ctor() finished!

PROTON:[NOTANERROR] patching Alert_TimedRaidsArriving:Void .ctor() finished!

PROTON:[NOTANERROR] patching Alert_SlaveRebellionLikely:Void .ctor() finished!

PROTON:[NOTANERROR] patching Alert_RolesEmpty:Void .ctor() finished!

PROTON:[NOTANERROR] patching Alert_AnimaLinkingReady:Void .ctor() finished!

PROTON:[NOTANERROR] patching Alert_DateRitualComing:Void .ctor() finished!

PROTON:[NOTANERROR] patching Alert_AgeReversalDemandNear:Void .ctor() finished!

PROTON:[NOTANERROR] patching Alert_GauranlenTreeWithoutProductionMode:Void .ctor() finished!

PROTON:[NOTANERROR] patching Alert_ConnectedPawnNotAssignedToPlantCutting:Void .ctor() finished!

PROTON:[NOTANERROR] patching Alert_MinifiedTreeAboutToDie:Void .ctor() finished!

PROTON:[NOTANERROR] patching Alert_SubjectHasNowOverseer:Void .ctor() finished!

PROTON:[NOTANERROR] patching Alert_WarqueenHasLowResources:Void .ctor() finished!

PROTON:[NOTANERROR] patching Alert_LowHemogen:Void .ctor() finished!

PROTON:[NOTANERROR] patching Alert_LowDeathrest:Void .ctor() finished!

PROTON:[NOTANERROR] patching Alert_MechChargerFull:Void .ctor() finished!

PROTON:[NOTANERROR] patching Alert_NeedMechChargers:Void .ctor() finished!

PROTON:[NOTANERROR] patching Alert_NeedResearchBench:Void .ctor() finished!

PROTON:[NOTANERROR] patching Alert_MechMissingBodyPart:Void .ctor() finished!

PROTON:[NOTANERROR] patching Alert_ToxifierGeneratorStopped:Void .ctor() finished!

PROTON:[NOTANERROR] patching Alert_PsychicBondedSeparated:Void .ctor() finished!

PROTON:[NOTANERROR] patching Alert_MechDamaged:Void .ctor() finished!

PROTON:[NOTANERROR] patching Alert_GenebankUnpowered:Void .ctor() finished!

PROTON:[NOTANERROR] patching Alert_DeathrestComplete:Void .ctor() finished!

PROTON:[NOTANERROR] patching Alert_NeedAnomalyProject:Void .ctor() finished!

PROTON:[NOTANERROR] patching Alert_NeedHoldingPlatform:Void .ctor() finished!

PROTON:[NOTANERROR] patching Alert_InhibitorBlocked:Void .ctor() finished!

PROTON:[NOTANERROR] patching Alert_MonolithAutoActivating:Void .ctor() finished!

PROTON:[NOTANERROR] patching Alert_Analyzable_GrayFlesh:Void .ctor() finished!

PROTON:[NOTANERROR] patching Alert_Analyzable_NeuralLump:Void .ctor() finished!

PROTON:[NOTANERROR] patching Alert_Analyzable_RevenantFlesh:Void .ctor() finished!

PROTON:[NOTANERROR] patching Alert_TatteredApparel:Void .ctor() finished!

PROTON:[NOTANERROR] patching Alert_UnhappyNudity:Void .ctor() finished!

PROTON:[NOTANERROR] patching Alert_NoStorage:Void .ctor() finished!

PROTON:[NOTANERROR] patching Alert_GuestCantClaimBed:Void .ctor() finished!

PROTON:[NOTANERROR] patching Alert_GuestHasNoFood:Void .ctor() finished!

PROTON:[NOTANERROR] patching Alert_GuestNotEnoughBeds:Void .ctor() finished!

PROTON:[NOTANERROR] patching Alert_NoUrgentStorage:Void .ctor() finished!

PROTON:[NOTANERROR] patching Alert_StatsLearning:Void .ctor() finished!

SOYUZ:[NOTANERROR] patching CameraDriver:Void Update() finished!

SOYUZ:[NOTANERROR] patching Caravan_NeedsTracker:Void TrySatisfyJoyNeed(Verse.Pawn, RimWorld.Need_Joy, Int32) finished!

SOYUZ:[NOTANERROR] patching Gen:Boolean IsHashIntervalTick(Verse.Thing, Int32) finished!

SOYUZ:[NOTANERROR] patching Hediff:Single get_BleedRate() finished!

SOYUZ:[NOTANERROR] patching ImmunityRecord:Single ImmunityChangePerTick(Verse.Pawn, Boolean, Verse.Hediff) finished!

SOYUZ:[NOTANERROR] patching JobDriver:Void DriverTick() finished!

SOYUZ:[NOTANERROR] patching MentalState:Void MentalStateTick(Int32) finished!

SOYUZ:[NOTANERROR] patching MentalState:Void MentalStateTick(Int32) finished!

SOYUZ:[NOTANERROR] patching Need_Rest:Void TickResting(Single) finished!

SOYUZ:[NOTANERROR] patching Pawn_AgeTracker:Void AgeTickInterval(Int32) finished!

SOYUZ:[NOTANERROR] patching Pawn_CallTracker:Void CallTrackerTickInterval(Int32) finished!

SOYUZ:[NOTANERROR] patching Pawn_HealthTracker:Void HealthTick() finished!

SOYUZ:[NOTANERROR] patching Pawn_JobTracker:Void JobTrackerTick() finished!

SOYUZ:[NOTANERROR] patching Pawn_MindState:Void MindStateTickInterval(Int32) finished!

SOYUZ:[NOTANERROR] patching Pawn_NeedsTracker:Void NeedsTrackerTickInterval(Int32) finished!

SOYUZ:[NOTANERROR] patching Pawn:Void Tick() finished!

SOYUZ:[NOTANERROR] patching Pawn_PsychicEntropyTracker:Void PsychicEntropyTrackerTickInterval(Int32) finished!

SOYUZ:[NOTANERROR] patching Pawn_RecordsTracker:Void RecordsTickInterval(Int32) finished!

SOYUZ:[NOTANERROR] patching Pawn_SkillTracker:Void SkillsTickInterval(Int32) finished!

SOYUZ:[NOTANERROR] patching Sustainer:Void SustainerUpdate() finished!

SOYUZ:[NOTANERROR] patching HediffComp_Disappears:Void CompPostTick(Single ByRef) finished!

SOYUZ:[NOTANERROR] patching HediffComp_DisappearsPausable:Void CompPostTick(Single ByRef) finished!

SOYUZ:[NOTANERROR] patching HediffComp_DisappearsPausable_LethalInjuries:Void CompPostTick(Single ByRef) finished!

SOYUZ:[NOTANERROR] patching HediffComp_GiveHediffsInRange:Void CompPostTick(Single ByRef) finished!

SOYUZ:[NOTANERROR] patching HediffComp_GiveNeurocharge:Void CompPostTick(Single ByRef) finished!

SOYUZ:[NOTANERROR] patching HediffComp_Invisibility:Void CompPostTick(Single ByRef) finished!

SOYUZ:[NOTANERROR] patching HediffComp_Link:Void CompPostTick(Single ByRef) finished!

SOYUZ:[NOTANERROR] patching HediffComp_MessageAfterTicks:Void CompPostTick(Single ByRef) finished!

SOYUZ:[NOTANERROR] patching HediffComp_Pollution:Void CompPostTick(Single ByRef) finished!

SOYUZ:[NOTANERROR] patching HediffComp_SelfHeal:Void CompPostTick(Single ByRef) finished!

SOYUZ:[NOTANERROR] patching HediffComp_SeverityFromEntropy:Void CompPostTick(Single ByRef) finished!

SOYUZ:[NOTANERROR] patching HediffComp_SeverityFromGas:Void CompPostTick(Single ByRef) finished!

SOYUZ:[NOTANERROR] patching HediffComp_SeverityFromGasDensityDirect:Void CompPostTick(Single ByRef) finished!

SOYUZ:[NOTANERROR] patching HediffComp_SeverityFromHemogen:Void CompPostTick(Single ByRef) finished!

SOYUZ:[NOTANERROR] patching HediffComp_TendDuration:Void CompPostTick(Single ByRef) finished!

SOYUZ:[NOTANERROR] patching HediffComp_VerbGiver:Void CompPostTick(Single ByRef) finished!

SOYUZ:[NOTANERROR] patching HediffComp_RandomizeSeverityPhases:Void CompPostTick(Single ByRef) finished!

SOYUZ:[NOTANERROR] patching HediffComp_SeverityPerSecond:Void CompPostTick(Single ByRef) finished!

SOYUZ:[NOTANERROR] patching HediffComp_Targeting:Void CompPostTick(Single ByRef) finished!

SOYUZ:[NOTANERROR] patching HediffComp_Mote:Void CompPostTick(Single ByRef) finished!

SOYUZ:[NOTANERROR] patching HediffComp_DamageAura:Void CompPostTick(Single ByRef) finished!

SOYUZ:[NOTANERROR] patching HediffComp_Shield:Void CompPostTick(Single ByRef) finished!

SOYUZ:[NOTANERROR] patching HediffComp_Spreadable:Void CompPostTick(Single ByRef) finished!

SOYUZ:[NOTANERROR] patching HediffComp_HumanEggLayer:Void CompPostTick(Single ByRef) finished!

SOYUZ:[NOTANERROR] patching HediffComp_PlaySound:Void CompPostTick(Single ByRef) finished!

SOYUZ:[NOTANERROR] patching HediffComp_RegrowLimbs:Void CompPostTick(Single ByRef) finished!

SOYUZ:[NOTANERROR] patching HediffComp_SpawnMote:Void CompPostTick(Single ByRef) finished!

SOYUZ:[NOTANERROR] patching HediffComp_Ability:Void CompPostTick(Single ByRef) finished!

SOYUZ:[NOTANERROR] patching HediffComp_Animation:Void CompPostTick(Single ByRef) finished!

SOYUZ:[NOTANERROR] patching HediffComp_HeatPusher:Void CompPostTick(Single ByRef) finished!

SOYUZ:[NOTANERROR] patching HediffComp_Disappears:Void CompPostTick(Single ByRef) finished!

SOYUZ:[NOTANERROR] patching HediffComp_SelfHeal:Void CompPostTick(Single ByRef) finished!

SOYUZ:[NOTANERROR] patching HediffComp_TendDuration:Void CompPostTick(Single ByRef) finished!

SOYUZ:[NOTANERROR] patching Pawn_PathFollower:Void PatherTick() finished!

SOYUZ:[NOTANERROR] patching Pawn_PathFollower:Single CostToPayThisTick() finished!

SOYUZ:[NOTANERROR] patching SkillRecord:Void Learn(Single, Boolean, Boolean) finished!

SOYUZ:[NOTANERROR] patching WorldPawns:Verse.HediffDef DefPreventingMothball(Verse.Pawn) finished!

SOYUZ:[NOTANERROR] patching WorldPawns:Void WorldPawnsTick() finished!

ROCKETMAN: XMLParser started

ROCKETRULES: IgnoreMeRule for OskarPotocki.VFE.Mechanoid

ROCKETRULES: IgnoreMeRule for Alaestor.MiscRobots.PlusPlus

ROCKETRULES: IgnoreMeRule for Haplo.Miscellaneous.Robots

ROCKETRULES: IgnoreMeRule for ChJees.Androids

ROCKETRULES: IgnoreMeRule for automatic.autocleaner

ROCKETRULES: IgnoreMeRule for neronix17.mechadroids

ROCKETRULES: IgnoreMeRule for neronix17.outerrim.galaxies

ROCKETRULES: IgnoreMeRule for spdskatr.projectrimfactory.drones

ROCKETRULES: IgnoreMeRule for spdskatr.projectrimfactory.legacy

ROCKETRULES: IgnoreMeRule for spdskatr.projectrimfactory

[0.001608 seconds] ROCKETMAN: <color=red>IgnoreMe report</color>
ROCKETRULES: IgnoreMe add def by name: Corpse_Bear_Grizzly
ROCKETRULES: IgnoreMe add def by name: Corpse_Mech_Apocriton
ROCKETRULES: IgnoreMe add def by name: Corpse_Bear_Polar
ROCKETRULES: IgnoreMe add def by name: Corpse_Mech_Centurion
ROCKETRULES: IgnoreMe add def by name: Corpse_Ostrich
ROCKETRULES: IgnoreMe add def by name: Corpse_Mech_Warqueen
ROCKETRULES: IgnoreMe add def by name: Corpse_Emu
ROCKETRULES: IgnoreMe add def by name: Corpse_Mech_Diabolus
ROCKETRULES: IgnoreMe add def by name: Corpse_Cassowary
ROCKETRULES: IgnoreMe add def by name: Corpse_Sightstealer
ROCKETRULES: IgnoreMe add def by name: Corpse_Cougar
ROCKETRULES: IgnoreMe add def by name: Corpse_Noctol
ROCKETRULES: IgnoreMe add def by name: Corpse_Panther
ROCKETRULES: IgnoreMe add def by name: Corpse_Gorehulk
ROCKETRULES: IgnoreMe add def by name: Corpse_Lynx
ROCKETRULES: IgnoreMe add def by name: Corpse_Devourer
ROCKETRULES: IgnoreMe add def by name: Corpse_Cat
ROCKETRULES: IgnoreMe add def by name: Corpse_Chimera
ROCKETRULES: IgnoreMe add def by name: Corpse_YorkshireTerrier
ROCKETRULES: IgnoreMe add def by name: Corpse_Bulbfreak
ROCKETRULES: IgnoreMe add def by name: Corpse_GuineaPig
ROCKETRULES: IgnoreMe add def by name: Corpse_Toughspike
ROCKETRULES: IgnoreMe add def by name: Corpse_LabradorRetriever
ROCKETRULES: IgnoreMe add def by name: Corpse_Trispike
ROCKETRULES: IgnoreMe add def by name: Corpse_Husky
ROCKETRULES: IgnoreMe add def by name: Corpse_Fingerspike
ROCKETRULES: IgnoreMe add def by name: Corpse_Monkey
ROCKETRULES: IgnoreMe add def by name: Corpse_Dreadmeld
ROCKETRULES: IgnoreMe add def by name: Corpse_Chicken
ROCKETRULES: IgnoreMe add def by name: Corpse_BogHound
ROCKETRULES: IgnoreMe add def by name: Corpse_Duck
ROCKETRULES: IgnoreMe add def by name: Corpse_MonitorLizard
ROCKETRULES: IgnoreMe add def by name: Corpse_Turkey
ROCKETRULES: IgnoreMe add def by name: Corpse_PrairieDog
ROCKETRULES: IgnoreMe add def by name: Corpse_Goose
ROCKETRULES: IgnoreMe add def by name: Corpse_Porcupine
ROCKETRULES: IgnoreMe add def by name: Corpse_Cow
ROCKETRULES: IgnoreMe add def by name: Corpse_Mastodon
ROCKETRULES: IgnoreMe add def by name: Corpse_Boomalope
ROCKETRULES: IgnoreMe add def by name: Corpse_Cat_Scimitar
ROCKETRULES: IgnoreMe add def by name: Corpse_Muffalo
ROCKETRULES: IgnoreMe add def by name: Corpse_Wolverine
ROCKETRULES: IgnoreMe add def by name: Corpse_Bison
ROCKETRULES: IgnoreMe add def by name: Corpse_Wolf_Great
ROCKETRULES: IgnoreMe add def by name: Corpse_Dromedary
ROCKETRULES: IgnoreMe add def by name: Corpse_Moose
ROCKETRULES: IgnoreMe add def by name: Corpse_Goat
ROCKETRULES: IgnoreMe add def by name: Corpse_AlphaThrumbo
ROCKETRULES: IgnoreMe add def by name: Corpse_Elk
ROCKETRULES: IgnoreMe add def by name: Corpse_Muskox
ROCKETRULES: IgnoreMe add def by name: Corpse_Yak
ROCKETRULES: IgnoreMe add def by name: Corpse_Tiger
ROCKETRULES: IgnoreMe add def by name: Corpse_Caribou
ROCKETRULES: IgnoreMe add def by name: Corpse_Mink
ROCKETRULES: IgnoreMe add def by name: Corpse_Horse
ROCKETRULES: IgnoreMe add def by name: Corpse_Gorilla
ROCKETRULES: IgnoreMe add def by name: Corpse_Donkey
ROCKETRULES: IgnoreMe add def by name: Corpse_Badger
ROCKETRULES: IgnoreMe add def by name: Corpse_Elephant
ROCKETRULES: IgnoreMe add def by name: Corpse_Panda
ROCKETRULES: IgnoreMe add def by name: Corpse_Rhinoceros
ROCKETRULES: IgnoreMe add def by name: Corpse_Hippo
ROCKETRULES: IgnoreMe add def by name: Corpse_Hare
ROCKETRULES: IgnoreMe add def by name: Corpse_Megavole
ROCKETRULES: IgnoreMe add def by name: Corpse_Snowhare
ROCKETRULES: IgnoreMe add def by name: Corpse_Armadillo
ROCKETRULES: IgnoreMe add def by name: Corpse_Megascarab
ROCKETRULES: IgnoreMe add def by name: Corpse_Alligator
ROCKETRULES: IgnoreMe add def by name: Corpse_Spelopede
ROCKETRULES: IgnoreMe add def by name: Corpse_Bullfrog
ROCKETRULES: IgnoreMe add def by name: Corpse_Megaspider
ROCKETRULES: IgnoreMe add def by name: Corpse_ColossusToad
ROCKETRULES: IgnoreMe add def by name: Corpse_Thrumbo
ROCKETRULES: IgnoreMe add def by name: Corpse_LavaSnail
ROCKETRULES: IgnoreMe add def by name: Corpse_Cobra
ROCKETRULES: IgnoreMe add def by name: Corpse_Sparrow
ROCKETRULES: IgnoreMe add def by name: Corpse_Tortoise
ROCKETRULES: IgnoreMe add def by name: Corpse_Crow
ROCKETRULES: IgnoreMe add def by name: Corpse_Alphabeaver
ROCKETRULES: IgnoreMe add def by name: Corpse_Bluebird
ROCKETRULES: IgnoreMe add def by name: Corpse_Pig
ROCKETRULES: IgnoreMe add def by name: Corpse_Quail
ROCKETRULES: IgnoreMe add def by name: Corpse_WildBoar
ROCKETRULES: IgnoreMe add def by name: Corpse_Macaw
ROCKETRULES: IgnoreMe add def by name: Corpse_Ibex
ROCKETRULES: IgnoreMe add def by name: Corpse_Flamingo
ROCKETRULES: IgnoreMe add def by name: Corpse_Deer
ROCKETRULES: IgnoreMe add def by name: Corpse_Heron
ROCKETRULES: IgnoreMe add def by name: Corpse_Gazelle
ROCKETRULES: IgnoreMe add def by name: Corpse_Swan
ROCKETRULES: IgnoreMe add def by name: Corpse_Chinchilla
ROCKETRULES: IgnoreMe add def by name: Corpse_Peacock
ROCKETRULES: IgnoreMe add def by name: Corpse_Sheep
ROCKETRULES: IgnoreMe add def by name: Corpse_Vulture
ROCKETRULES: IgnoreMe add def by name: Corpse_Alpaca
ROCKETRULES: IgnoreMe add def by name: Corpse_Penguin
ROCKETRULES: IgnoreMe add def by name: Corpse_Megasloth
ROCKETRULES: IgnoreMe add def by name: Corpse_Walrus
ROCKETRULES: IgnoreMe add def by name: Corpse_Capybara
ROCKETRULES: IgnoreMe add def by name: Corpse_SeaLion
ROCKETRULES: IgnoreMe add def by name: Corpse_Squirrel
ROCKETRULES: IgnoreMe add def by name: Corpse_Seal
ROCKETRULES: IgnoreMe add def by name: Corpse_Rat
ROCKETRULES: IgnoreMe add def by name: Corpse_HermitCrab
ROCKETRULES: IgnoreMe add def by name: Corpse_Boomrat
ROCKETRULES: IgnoreMe add def by name: Corpse_StoneCrab
ROCKETRULES: IgnoreMe add def by name: Corpse_Raccoon
ROCKETRULES: IgnoreMe add def by name: Corpse_SeaTurtle
ROCKETRULES: IgnoreMe add def by name: Corpse_Iguana
ROCKETRULES: IgnoreMe add def by name: Corpse_Otter
ROCKETRULES: IgnoreMe add def by name: Corpse_Warg
ROCKETRULES: IgnoreMe add def by name: Corpse_Larva
ROCKETRULES: IgnoreMe add def by name: Corpse_Wolf_Timber
ROCKETRULES: IgnoreMe add def by name: Corpse_HiveQueen
ROCKETRULES: IgnoreMe add def by name: Corpse_Wolf_Arctic
ROCKETRULES: IgnoreMe add def by name: Corpse_Locust
ROCKETRULES: IgnoreMe add def by name: Corpse_Fox_Fennec
ROCKETRULES: IgnoreMe add def by name: Corpse_Drone_Hunter
ROCKETRULES: IgnoreMe add def by name: Corpse_Fox_Red
ROCKETRULES: IgnoreMe add def by name: Corpse_Drone_Wasp
ROCKETRULES: IgnoreMe add def by name: Corpse_Fox_Arctic
ROCKETRULES: IgnoreMe add def by name: Corpse_Drone_Sentry
ROCKETRULES: IgnoreMe add def by name: Corpse_Human
ROCKETRULES: IgnoreMe add def by name: Corpse_Mech_Cyclops
ROCKETRULES: IgnoreMe add def by name: UnnaturalCorpse_Human
ROCKETRULES: IgnoreMe add def by name: Corpse_Mech_CentipedeBlaster
ROCKETRULES: IgnoreMe add def by name: Corpse_Mech_CentipedeGunner
ROCKETRULES: IgnoreMe add def by name: Corpse_Mech_CentipedeBurner
ROCKETRULES: IgnoreMe add def by name: Corpse_Mech_Lancer
ROCKETRULES: IgnoreMe add def by name: Corpse_Mech_Scyther
ROCKETRULES: IgnoreMe add def by name: Corpse_Mech_Pikeman
ROCKETRULES: IgnoreMe add def by name: Corpse_Mech_Termite
ROCKETRULES: IgnoreMe add def by name: Corpse_Dryad_Basic
ROCKETRULES: IgnoreMe add def by name: Corpse_Dryad_Woodmaker
ROCKETRULES: IgnoreMe add def by name: Corpse_Dryad_Berrymaker
ROCKETRULES: IgnoreMe add def by name: Corpse_Dryad_Medicinemaker
ROCKETRULES: IgnoreMe add def by name: Corpse_Dryad_Gaumaker
ROCKETRULES: IgnoreMe add def by name: Corpse_Dryad_Carrier
ROCKETRULES: IgnoreMe add def by name: Corpse_Dryad_Clawer
ROCKETRULES: IgnoreMe add def by name: Corpse_Dryad_Barkskin
ROCKETRULES: IgnoreMe add def by name: Corpse_WasteRat
ROCKETRULES: IgnoreMe add def by name: Corpse_Toxalope
ROCKETRULES: IgnoreMe add def by name: Corpse_Mech_Tunneler
ROCKETRULES: IgnoreMe add def by name: Corpse_Mech_Militor
ROCKETRULES: IgnoreMe add def by name: Corpse_Mech_Lifter
ROCKETRULES: IgnoreMe add def by name: Corpse_Mech_Constructoid
ROCKETRULES: IgnoreMe add def by name: Corpse_Mech_Fabricor
ROCKETRULES: IgnoreMe add def by name: Corpse_Mech_Agrihand
ROCKETRULES: IgnoreMe add def by name: Corpse_Mech_Cleansweeper
ROCKETRULES: IgnoreMe add def by name: Corpse_Mech_WarUrchin
ROCKETRULES: IgnoreMe add def by name: Corpse_Mech_Paramedic
ROCKETRULES: IgnoreMe add def by name: Corpse_Mech_Legionary
ROCKETRULES: IgnoreMe add def by name: Corpse_Mech_Tesseron
ROCKETRULES: IgnoreMe add def by name: Corpse_Mech_Scorcher

ROCKETMAN:[NOTANERROR] patching DebugWindowsOpener:Void .ctor() finished!

ROCKETMAN:[NOTANERROR] patching MainMenuDrawer:Void DoMainMenuControls(UnityEngine.Rect, Boolean) finished!

ROCKETMAN:[NOTANERROR] patching PlayLog:Void ReduceToCapacity() finished!

ROCKETMAN: Hijacking ([REFLECTED] RimWorld.StatWorker:GetValue, [DECLARING] RimWorld.StatWorker:GetValue, [ISSTATIC] False, [ISPUBLIC] False, [ISVIRTUAL] StatWorker, [ABSTRACT] False)

ROCKETMAN:[NOTANERROR] patching StatWorker:Single GetValue(RimWorld.StatRequest, Boolean) finished!

ROCKETMAN:[NOTANERROR] patching Pawn_TimetableTracker:RimWorld.TimeAssignmentDef GetAssignment(Int32) finished!

ROCKETMAN:[NOTANERROR] patching TickManager:Void DoSingleTick() finished!

ROCKETMAN: Prepare failed for TickManager:TickRateMultiplier

ROCKETMAN: Prepare failed for TickManager:Notify_GeneratedPotentiallyHostileMap

ROCKETMAN: Prepare failed for TickManager:TickManagerUpdate

ROCKETMAN: Prepare failed for TimeSlower:SignalForceNormalSpeed

ROCKETMAN: Prepare failed for TimeSlower:SignalForceNormalSpeedShort

ROCKETMAN:[NOTANERROR] patching Text:UnityEngine.TextAnchor get_Anchor() finished!

ROCKETMAN:[NOTANERROR] patching Text:Void set_Anchor(UnityEngine.TextAnchor) finished!

ROCKETMAN:[NOTANERROR] patching Text:Boolean get_WordWrap() finished!

ROCKETMAN:[NOTANERROR] patching Text:Void set_WordWrap(Boolean) finished!

ROCKETMAN:[NOTANERROR] patching Text:Verse.GameFont get_Font() finished!

ROCKETMAN:[NOTANERROR] patching Text:Void set_Font(Verse.GameFont) finished!

ROCKETMAN:[NOTANERROR] patching Text:UnityEngine.GUIStyle get_CurFontStyle() finished!

ROCKETMAN:[NOTANERROR] patching Text:UnityEngine.GUIStyle get_CurTextAreaReadOnlyStyle() finished!

ROCKETMAN:[NOTANERROR] patching Text:UnityEngine.GUIStyle get_CurTextAreaStyle() finished!

ROCKETMAN:[NOTANERROR] patching Text:UnityEngine.GUIStyle get_CurTextFieldStyle() finished!

ROCKETMAN:[NOTANERROR] patching MapGenerator:Verse.Map GenerateMap(Verse.IntVec3, RimWorld.Planet.MapParent, Verse.MapGeneratorDef, System.Collections.Generic.IEnumerable`1[Verse.GenStepWithParams], System.Action`1[Verse.Map], Boolean, Boolean) finished!

ROCKETMAN:[NOTANERROR] patching BeautyUtility:Void FillBeautyRelevantCells(Verse.IntVec3, Verse.Map) finished!

ROCKETMAN:[NOTANERROR] patching Pawn_NeedsTracker:Void NeedsTrackerTickInterval(Int32) finished!

ROCKETMAN:[NOTANERROR] patching Pawn_ApparelTracker:Void Notify_ApparelAdded(RimWorld.Apparel) finished!

ROCKETMAN:[NOTANERROR] patching Pawn_ApparelTracker:Void Notify_ApparelRemoved(RimWorld.Apparel) finished!

ROCKETMAN:[NOTANERROR] patching Pawn_ApparelTracker:Void Notify_LostBodyPart() finished!

ROCKETMAN:[NOTANERROR] patching Pawn_ApparelTracker:Void Wear(RimWorld.Apparel, Boolean, Boolean) finished!

ROCKETMAN:[NOTANERROR] patching Pawn_ApparelTracker:Void Remove(RimWorld.Apparel) finished!

ROCKETMAN:[NOTANERROR] patching Pawn_EquipmentTracker:Void Notify_EquipmentAdded(Verse.ThingWithComps) finished!

ROCKETMAN:[NOTANERROR] patching Pawn_EquipmentTracker:Void Notify_EquipmentRemoved(Verse.ThingWithComps) finished!

ROCKETMAN:[NOTANERROR] patching Pawn:Void Destroy(Verse.DestroyMode) finished!

ROCKETMAN:[NOTANERROR] patching Pawn:Void Notify_Teleported(Boolean, Boolean) finished!

ROCKETMAN:[NOTANERROR] patching Pawn:Void Notify_BulletImpactNearby(RimWorld.BulletImpactData) finished!

ROCKETMAN:[NOTANERROR] patching Pawn_HealthTracker:Void Notify_UsedVerb(Verse.Verb, Verse.LocalTargetInfo) finished!

ROCKETMAN:[NOTANERROR] patching HediffSet:Void DirtyCache() finished!

GAGARIN: Lock removed!

ROCKETMAN: <color=red>Warm up</color> started for new map!

ROCKETMAN: <color=red>Warm up ABORTED!</color> for new map!

ROCKETMAN: <color=red>Warm up</color> started for new map!

SOYUZ: Preset loaded!

Created ticker bucket: BaseInterval=250 BucketInterval=125

Bucket[0].Count = 1

Bucket[1].Count = 1

Created ticker bucket: BaseInterval=8000 BucketInterval=8000

Bucket[0].Count = 1

ROCKETMAN: <color=red>Warm up</color> Finished for new map!

ROCKETMAN: Position verfication started!

ROCKETMAN: <color=red>Warm up</color> started for new map!

ROCKETMAN: <color=red>Warm up ABORTED!</color> for new map!

ROCKETMAN: <color=red>Warm up</color> started for new map!

SOYUZ: Preset loaded!

ROCKETMAN: <color=red>Warm up</color> Finished for new map!

ROCKETMAN: Position verfication started!

ROCKETMAN: <color=red>Warm up</color> started for new map!

ROCKETMAN: <color=red>Warm up</color> Finished for new map!

ROCKETMAN: Position verfication started!

ROCKETMAN: <color=red>Warm up</color> started for new map!

ROCKETMAN: <color=red>Warm up</color> Finished for new map!

ROCKETMAN: Position verfication started!

Soyuz caught this error. Please don't report this to the RocketMan team unless you're certain RocketMan caused this error.
<#-ERROR-#>
System.NullReferenceException
Object reference not set to an instance of an object
	At Verse.GridsUtility.GetEdifice(Verse.IntVec3 c,Verse.Map map)[0]	StackTrace failed!



ROCKETMAN: <color=red>Warm up</color> started for new map!

ROCKETMAN: <color=red>Warm up</color> Finished for new map!

ROCKETMAN: Position verfication started!

ROCKETMAN: <color=red>Warm up</color> started for new map!

ROCKETMAN: <color=red>Warm up</color> Finished for new map!

ROCKETMAN: Position verfication started!

Soyuz caught this error. Please don't report this to the RocketMan team unless you're certain RocketMan caused this error.
<#-ERROR-#>
System.NullReferenceException
Object reference not set to an instance of an object
	At Verse.GridsUtility.GetEdifice(Verse.IntVec3 c,Verse.Map map)[0]	StackTrace failed!



Soyuz caught this error. Please don't report this to the RocketMan team unless you're certain RocketMan caused this error.
<#-ERROR-#>
System.NullReferenceException
Object reference not set to an instance of an object
	At Verse.GridsUtility.GetEdifice(Verse.IntVec3 c,Verse.Map map)[0]	StackTrace failed!



ROCKETMAN: <color=red>Warm up</color> started for new map!

ROCKETMAN: <color=red>Warm up ABORTED!</color> for new map!

ROCKETMAN: <color=red>Warm up</color> started for new map!

ROCKETMAN: <color=red>Warm up ABORTED!</color> for new map!

ROCKETMAN: <color=red>Warm up</color> started for new map!

ROCKETMAN: <color=red>Warm up ABORTED!</color> for new map!

ROCKETMAN: <color=red>Warm up</color> started for new map!

SOYUZ: Preset loaded!

ROCKETMAN: <color=red>Warm up</color> Finished for new map!

ROCKETMAN: Position verfication started!

ROCKETMAN: <color=red>Warm up</color> started for new map!

ROCKETMAN: <color=red>Warm up ABORTED!</color> for new map!

ROCKETMAN: <color=red>Warm up</color> started for new map!

ROCKETMAN: <color=red>Warm up ABORTED!</color> for new map!

ROCKETMAN: <color=red>Warm up</color> started for new map!

ROCKETMAN: <color=red>Warm up ABORTED!</color> for new map!

ROCKETMAN: <color=red>Warm up</color> started for new map!

SOYUZ: Preset loaded!

ROCKETMAN: <color=red>Warm up</color> Finished for new map!

ROCKETMAN: Position verfication started!

ROCKETMAN: <color=red>Warm up</color> started for new map!

ROCKETMAN: <color=red>Warm up</color> Finished for new map!

ROCKETMAN: Position verfication started!

ROCKETMAN: <color=red>Warm up</color> started for new map!

ROCKETMAN: <color=red>Warm up</color> Finished for new map!

ROCKETMAN: Position verfication started!

ROCKETMAN: <color=red>Warm up</color> started for new map!

ROCKETMAN: <color=red>Warm up ABORTED!</color> for new map!

ROCKETMAN: <color=red>Warm up</color> started for new map!

ROCKETMAN: <color=red>Warm up ABORTED!</color> for new map!

ROCKETMAN: <color=red>Warm up</color> started for new map!

ROCKETMAN: <color=red>Warm up ABORTED!</color> for new map!

ROCKETMAN: <color=red>Warm up</color> started for new map!

SOYUZ: Preset loaded!

ROCKETMAN: <color=red>Warm up</color> Finished for new map!

ROCKETMAN: Position verfication started!

Soyuz caught this error. Please don't report this to the RocketMan team unless you're certain RocketMan caused this error.
<#-ERROR-#>
System.NullReferenceException
Object reference not set to an instance of an object
	At Verse.GridsUtility.GetEdifice(Verse.IntVec3 c,Verse.Map map)[0]	StackTrace failed!



Soyuz caught this error. Please don't report this to the RocketMan team unless you're certain RocketMan caused this error.
<#-ERROR-#>
System.NullReferenceException
Object reference not set to an instance of an object
	At Verse.GridsUtility.GetEdifice(Verse.IntVec3 c,Verse.Map map)[0]	StackTrace failed!



ROCKETMAN: <color=red>Warm up</color> started for new map!

ROCKETMAN: <color=red>Warm up ABORTED!</color> for new map!

ROCKETMAN: <color=red>Warm up</color> started for new map!

SOYUZ: Preset loaded!

ROCKETMAN: <color=red>Warm up</color> Finished for new map!

ROCKETMAN: Position verfication started!

ROCKETMAN: <color=red>Warm up</color> started for new map!

ROCKETMAN: <color=red>Warm up ABORTED!</color> for new map!

ROCKETMAN: <color=red>Warm up</color> started for new map!

SOYUZ: Preset loaded!

ROCKETMAN: <color=red>Warm up</color> Finished for new map!

ROCKETMAN: Position verfication started!

ROCKETMAN: <color=red>Warm up</color> started for new map!

ROCKETMAN: <color=red>Warm up ABORTED!</color> for new map!

ROCKETMAN: <color=red>Warm up</color> started for new map!

SOYUZ: Preset loaded!

ROCKETMAN: <color=red>Warm up</color> Finished for new map!

ROCKETMAN: Position verfication started!

ROCKETMAN: <color=red>Warm up</color> started for new map!

ROCKETMAN: <color=red>Warm up ABORTED!</color> for new map!

ROCKETMAN: <color=red>Warm up</color> started for new map!

SOYUZ: Preset loaded!

ROCKETMAN: <color=red>Warm up</color> Finished for new map!

ROCKETMAN: Position verfication started!

ROCKETMAN: <color=red>Warm up</color> started for new map!

ROCKETMAN: <color=red>Warm up ABORTED!</color> for new map!

ROCKETMAN: <color=red>Warm up</color> started for new map!

SOYUZ: Preset loaded!

ROCKETMAN: <color=red>Warm up</color> Finished for new map!

ROCKETMAN: Position verfication started!

ROCKETMAN: <color=red>Warm up</color> started for new map!

ROCKETMAN: <color=red>Warm up ABORTED!</color> for new map!

ROCKETMAN: <color=red>Warm up</color> started for new map!

SOYUZ: Preset loaded!

ROCKETMAN: <color=red>Warm up ABORTED!</color> for new map!

ROCKETMAN: <color=red>Warm up</color> started for new map!

ROCKETMAN: <color=red>Warm up ABORTED!</color> for new map!

ROCKETMAN: <color=red>Warm up</color> started for new map!

SOYUZ: Preset loaded!

ROCKETMAN: <color=red>Warm up ABORTED!</color> for new map!

ROCKETMAN: <color=red>Warm up</color> started for new map!

ROCKETMAN: <color=red>Warm up ABORTED!</color> for new map!

ROCKETMAN: <color=red>Warm up</color> started for new map!

SOYUZ: Preset loaded!

ROCKETMAN: <color=red>Warm up ABORTED!</color> for new map!

ROCKETMAN: <color=red>Warm up</color> started for new map!

ROCKETMAN: <color=red>Warm up ABORTED!</color> for new map!

ROCKETMAN: <color=red>Warm up</color> started for new map!

SOYUZ: Preset loaded!

ROCKETMAN: <color=red>Warm up ABORTED!</color> for new map!

ROCKETMAN: <color=red>Warm up</color> started for new map!

ROCKETMAN: <color=red>Warm up ABORTED!</color> for new map!

ROCKETMAN: <color=red>Warm up</color> started for new map!

SOYUZ: Preset loaded!

ROCKETMAN: <color=red>Warm up ABORTED!</color> for new map!

ROCKETMAN: <color=red>Warm up</color> started for new map!

ROCKETMAN: <color=red>Warm up ABORTED!</color> for new map!

ROCKETMAN: <color=red>Warm up</color> started for new map!

SOYUZ: Preset loaded!

ROCKETMAN: <color=red>Warm up</color> Finished for new map!

ROCKETMAN: Position verfication started!

ROCKETMAN: <color=red>Warm up</color> started for new map!

ROCKETMAN: <color=red>Warm up ABORTED!</color> for new map!

ROCKETMAN: <color=red>Warm up</color> started for new map!

SOYUZ: Preset loaded!

ROCKETMAN: <color=red>Warm up ABORTED!</color> for new map!

ROCKETMAN: <color=red>Warm up</color> started for new map!

ROCKETMAN: <color=red>Warm up ABORTED!</color> for new map!

ROCKETMAN: <color=red>Warm up</color> started for new map!

SOYUZ: Preset loaded!

ROCKETMAN: <color=red>Warm up</color> Finished for new map!

ROCKETMAN: Position verfication started!

Soyuz caught this error. Please don't report this to the RocketMan team unless you're certain RocketMan caused this error.
<#-ERROR-#>
System.NullReferenceException
Object reference not set to an instance of an object
	At Verse.GridsUtility.GetEdifice(Verse.IntVec3 c,Verse.Map map)[0]	StackTrace failed!



Soyuz caught this error. Please don't report this to the RocketMan team unless you're certain RocketMan caused this error.
<#-ERROR-#>
System.NullReferenceException
Object reference not set to an instance of an object
	At Verse.GridsUtility.GetEdifice(Verse.IntVec3 c,Verse.Map map)[0]	StackTrace failed!



ROCKETMAN: <color=red>Warm up</color> started for new map!

ROCKETMAN: <color=red>Warm up ABORTED!</color> for new map!

ROCKETMAN: <color=red>Warm up</color> started for new map!

SOYUZ: Preset loaded!

ROCKETMAN: <color=red>Warm up</color> Finished for new map!

ROCKETMAN: Position verfication started!

ROCKETMAN: <color=red>Warm up</color> started for new map!

ROCKETMAN: <color=red>Warm up ABORTED!</color> for new map!

ROCKETMAN: <color=red>Warm up</color> started for new map!

SOYUZ: Preset loaded!

ROCKETMAN: <color=red>Warm up ABORTED!</color> for new map!

ROCKETMAN: <color=red>Warm up</color> started for new map!

ROCKETMAN: <color=red>Warm up ABORTED!</color> for new map!

ROCKETMAN: <color=red>Warm up</color> started for new map!

SOYUZ: Preset loaded!
